{
  "id": 12701,
  "name": "Illuga",
  "combat1": {
    "name": "Oathkeeper's Spear",
    "descriptionRaw": "\u003Ccolor=#FFD780FF\u003ENormal Attack\u003C/color\u003E\nPerforms up to 4 consecutive spear strikes.\n\n\u003Ccolor=#FFD780FF\u003ECharged Attack\u003C/color\u003E\nConsumes a certain amount of Stamina to lunge forward, dealing damage to opponents along the way.\n\n\u003Ccolor=#FFD780FF\u003EPlunging Attack\u003C/color\u003E\nPlunges from mid-air to strike the ground below, damaging opponents along the path and dealing AoE DMG upon impact.",
    "description": "Normal Attack\nPerforms up to 4 consecutive spear strikes.\n\nCharged Attack\nConsumes a certain amount of Stamina to lunge forward, dealing damage to opponents along the way.\n\nPlunging Attack\nPlunges from mid-air to strike the ground below, damaging opponents along the path and dealing AoE DMG upon impact.",
    "attributes": {
      "labels": [
        "1-Hit DMG|{param1:F1P}",
        "2-Hit DMG|{param2:F1P}",
        "3-Hit DMG|{param3:F1P}+{param4:F1P}",
        "4-Hit DMG|{param5:F1P}",
        "Charged Attack DMG|{param6:F1P}",
        "Charged Attack Stamina Cost|{param7:F1}",
        "Plunge DMG|{param8:F1P}",
        "Low/High Plunge DMG|{param9:P}/{param10:P}"
      ],
      "parameters": {
        "param1": [0.473662, 0.512216, 0.55077, 0.605847, 0.644401, 0.688462, 0.749047, 0.809632, 0.870217, 0.936309, 1.002401, 1.068494, 1.134586, 1.200679, 1.266771],
        "param2": [0.485255, 0.524753, 0.56425, 0.620675, 0.660172, 0.705313, 0.76738, 0.829448, 0.891515, 0.959225, 1.026935, 1.094645, 1.162355, 1.230065, 1.297775],
        "param3": [0.31433, 0.339915, 0.3655, 0.40205, 0.427635, 0.456875, 0.49708, 0.537285, 0.57749, 0.62135, 0.66521, 0.70907, 0.75293, 0.79679, 0.84065],
        "param4": [0.31433, 0.339915, 0.3655, 0.40205, 0.427635, 0.456875, 0.49708, 0.537285, 0.57749, 0.62135, 0.66521, 0.70907, 0.75293, 0.79679, 0.84065],
        "param5": [0.762786, 0.824873, 0.88696, 0.975656, 1.037743, 1.1087, 1.206266, 1.303831, 1.401397, 1.507832, 1.614267, 1.720702, 1.827138, 1.933573, 2.040008],
        "param6": [1.11026, 1.20063, 1.291, 1.4201, 1.51047, 1.61375, 1.75576, 1.89777, 2.03978, 2.1947, 2.34962, 2.50454, 2.65946, 2.81438, 2.9693],
        "param7": [25, 25, 25, 25, 25, 25, 25, 25, 25, 25, 25, 25, 25, 25, 25],
        "param8": [0.639324, 0.691362, 0.7434, 0.81774, 0.869778, 0.92925, 1.011024, 1.092798, 1.174572, 1.26378, 1.352988, 1.442196, 1.531404, 1.620612, 1.70982],
        "param9": [1.278377, 1.382431, 1.486485, 1.635134, 1.739187, 1.858106, 2.02162, 2.185133, 2.348646, 2.527025, 2.705403, 2.883781, 3.062159, 3.240537, 3.418915],
        "param10": [1.596762, 1.726731, 1.8567, 2.04237, 2.172339, 2.320875, 2.525112, 2.729349, 2.933586, 3.15639, 3.379194, 3.601998, 3.824802, 4.047606, 4.27041]
      }
    }
  },
  "combat2": {
    "name": "Dawnbearing Songbird",
    "descriptionRaw": "Summons the trusty messenger bird, \"Aedon.\" Different effects are produced depending on whether the skill is Tapped or Held.\n\n\u003Ccolor=#FFD780FF\u003ETap\u003C/color\u003E\nAedon dashes towards enemies in front, dealing \u003Ccolor=#FFE699FF\u003EGeo DMG\u003C/color\u003E to enemies it comes into contact with.\n\n\u003Ccolor=#FFD780FF\u003EHold\u003C/color\u003E\nEnter aiming mode, and command Aedon to dash towards opponents being aimed at, dealing \u003Ccolor=#FFE699FF\u003EGeo DMG\u003C/color\u003E to opponents it comes into contact with.",
    "description": "Summons the trusty messenger bird, \"Aedon.\" Different effects are produced depending on whether the skill is Tapped or Held.\n\nTap\nAedon dashes towards enemies in front, dealing Geo DMG to enemies it comes into contact with.\n\nHold\nEnter aiming mode, and command Aedon to dash towards opponents being aimed at, dealing Geo DMG to opponents it comes into contact with.",
    "attributes": {
      "labels": [
        "Press DMG|{param1:P} Elemental Mastery+{param2:P} DEF",
        "Hold DMG|{param3:P} Elemental Mastery+{param4:P} DEF",
        "CD|{param5:F1}s"
      ],
      "parameters": {
        "param1": [4.8256, 5.18752, 5.54944, 6.032, 6.39392, 6.75584, 7.2384, 7.72096, 8.20352, 8.68608, 9.16864, 9.6512, 10.2544, 10.8576, 11.4608],
        "param2": [2.4128, 2.59376, 2.77472, 3.016, 3.19696, 3.37792, 3.6192, 3.86048, 4.10176, 4.34304, 4.58432, 4.8256, 5.1272, 5.4288, 5.7304],
        "param3": [6.032, 6.4844, 6.9368, 7.54, 7.9924, 8.4448, 9.048, 9.6512, 10.2544, 10.8576, 11.4608, 12.064, 12.818, 13.572, 14.326],
        "param4": [3.016, 3.2422, 3.4684, 3.77, 3.9962, 4.2224, 4.524, 4.8256, 5.1272, 5.4288, 5.7304, 6.032, 6.409, 6.786, 7.163],
        "param5": [15, 15, 15, 15, 15, 15, 15, 15, 15, 15, 15, 15, 15, 15, 15]
      }
    }
  },
  "combat3": {
    "name": "Shadowless Reflection",
    "descriptionRaw": "Light the lamp, dealing \u003Ccolor=#FFE699FF\u003EAoE Geo DMG\u003C/color\u003E, and gain Haunted Night's Oriole-Song effect for 20s. When this effect is active, Illuga gains 21 stacks of {LINK#N11270001}\u003Ccolor=#FFD780FF\u003ENightingale's Song\u003C/color\u003E{/LINK}. When Normal Attacks, Charged Attacks, Plunging Attacks, Elemental Skills, and Elemental Bursts of nearby active party members deal \u003Ccolor=#FFE699FF\u003EGeo DMG\u003C/color\u003E to opponents, 1 stack of Nightingale's Song is consumed to increase the DMG dealt. Increase in DMG is based on Illuga's Elemental Mastery. If DMG is inflicted by Lunar-Crystallize, DMG dealt will increase further.\nWhen \u003Ccolor=#FFE699FF\u003EGeo DMG\u003C/color\u003E dealt in this manner hits multiple opponents, multiple stacks of Nightingale's Song will be consumed, depending on how many opponents are hit.\n\nAdditionally, if there are \u003Ccolor=#FFE699FF\u003EGeo Constructs\u003C/color\u003E created by nearby party members on the battlefield while Illuga unleashes his Elemental Burst, or when nearby party members create \u003Ccolor=#FFE699FF\u003EGeo Constructs\u003C/color\u003E while Haunted Night's Oriole-Song is active, every \u003Ccolor=#FFE699FF\u003EGeo Construct\u003C/color\u003E on the battlefield will allow Illuga to gain 5 additional stacks of Nightingale's Song. Within 20s after unleashing his Elemental Burst, Illuga can gain a maximum of 15 additional stacks of Nightingale's Song this way.\n\nWhen all stacks of Nightingale's Song have been consumed, or when the state's duration ends, the Haunted Night's Oriole-Song effect will end.",
    "description": "Light the lamp, dealing AoE Geo DMG, and gain Haunted Night's Oriole-Song effect for 20s. When this effect is active, Illuga gains 21 stacks of **Nightingale's Song**. When Normal Attacks, Charged Attacks, Plunging Attacks, Elemental Skills, and Elemental Bursts of nearby active party members deal Geo DMG to opponents, 1 stack of Nightingale's Song is consumed to increase the DMG dealt. Increase in DMG is based on Illuga's Elemental Mastery. If DMG is inflicted by Lunar-Crystallize, DMG dealt will increase further.\nWhen Geo DMG dealt in this manner hits multiple opponents, multiple stacks of Nightingale's Song will be consumed, depending on how many opponents are hit.\n\nAdditionally, if there are Geo Constructs created by nearby party members on the battlefield while Illuga unleashes his Elemental Burst, or when nearby party members create Geo Constructs while Haunted Night's Oriole-Song is active, every Geo Construct on the battlefield will allow Illuga to gain 5 additional stacks of Nightingale's Song. Within 20s after unleashing his Elemental Burst, Illuga can gain a maximum of 15 additional stacks of Nightingale's Song this way.\n\nWhen all stacks of Nightingale's Song have been consumed, or when the state's duration ends, the Haunted Night's Oriole-Song effect will end.",