{
  "id": 12601,
  "name": "Zibai",
  "combat1": {
    "name": "Golden Blade's Petaled Touch",
    "descriptionRaw": "\u003Ccolor=#FFD780FF\u003ENormal Attack\u003C/color\u003E\nPerforms up to 4 rapid strikes.\n\n\u003Ccolor=#FFD780FF\u003ECharged Attack\u003C/color\u003E\nConsumes a certain amount of Stamina to unleash 2 rapid sword strikes.\n\n\u003Ccolor=#FFD780FF\u003EPlunging Attack\u003C/color\u003E\nPlunges from mid-air to strike the ground below, damaging opponents along the path and dealing AoE DMG upon impact.",
    "description": "Normal Attack\nPerforms up to 4 rapid strikes.\n\nCharged Attack\nConsumes a certain amount of Stamina to unleash 2 rapid sword strikes.\n\nPlunging Attack\nPlunges from mid-air to strike the ground below, damaging opponents along the path and dealing AoE DMG upon impact.",
    "attributes": {
      "labels": [
        "1-Hit DMG|{param1:F1P}",
        "2-Hit DMG|{param2:F1P}",
        "3-Hit DMG|{param3:F1P}+{param4:F1P}",
        "4-Hit DMG|{param5:F1P}",
        "Charged Attack DMG|{param6:F1P}+{param7:F1P}",
        "Charged Attack Stamina Cost|{param8:F1}",
        "Plunge DMG|{param9:F1P}",
        "Low/High Plunge DMG|{param10:P}/{param11:P}"
      ],
      "parameters": {
        "param1": [0.505542, 0.546691, 0.58784, 0.646624, 0.687773, 0.7348, 0.799462, 0.864125, 0.928787, 0.999328, 1.069869, 1.14041, 1.21095, 1.281491, 1.352032],
        "param2": [0.465527, 0.503418, 0.54131, 0.595441, 0.633333, 0.676638, 0.736182, 0.795726, 0.85527, 0.920227, 0.985184, 1.050141, 1.115099, 1.180056, 1.245013],
        "param3": [0.308882, 0.334023, 0.359165, 0.395082, 0.420223, 0.448956, 0.488464, 0.527973, 0.567481, 0.61058, 0.65368, 0.69678, 0.73988, 0.78298, 0.826079],
        "param4": [0.308882, 0.334023, 0.359165, 0.395082, 0.420223, 0.448956, 0.488464, 0.527973, 0.567481, 0.61058, 0.65368, 0.69678, 0.73988, 0.78298, 0.826079],
        "param5": [0.778954, 0.842357, 0.90576, 0.996336, 1.059739, 1.1322, 1.231834, 1.331467, 1.431101, 1.539792, 1.648483, 1.757174, 1.865866, 1.974557, 2.083248],
        "param6": [0.73659, 0.796545, 0.8565, 0.94215, 1.002105, 1.070625, 1.16484, 1.259055, 1.35327, 1.45605, 1.55883, 1.66161, 1.76439, 1.86717, 1.96995],
        "param7": [0.73659, 0.796545, 0.8565, 0.94215, 1.002105, 1.070625, 1.16484, 1.259055, 1.35327, 1.45605, 1.55883, 1.66161, 1.76439, 1.86717, 1.96995],
        "param8": [20, 20, 20, 20, 20, 20, 20, 20, 20, 20, 20, 20, 20, 20, 20],
        "param9": [0.639324, 0.691362, 0.7434, 0.81774, 0.869778, 0.92925, 1.011024, 1.092798, 1.174572, 1.26378, 1.352988, 1.442196, 1.531404, 1.620612, 1.70982],
        "param10": [1.278377, 1.382431, 1.486485, 1.635134, 1.739187, 1.858106, 2.02162, 2.185133, 2.348646, 2.527025, 2.705403, 2.883781, 3.062159, 3.240537, 3.418915],
        "param11": [1.596762, 1.726731, 1.8567, 2.04237, 2.172339, 2.320875, 2.525112, 2.729349, 2.933586, 3.15639, 3.379194, 3.601998, 3.824802, 4.047606, 4.27041]
      }
    }
  },
  "combat2": {
    "name": "Heaven and Earth Made Manifest",
    "descriptionRaw": "Summoning a shadow of her former powers, she switches to the {LINK#N11260001}\u003Ccolor=#FFD780FF\u003ELunar Phase Shift\u003C/color\u003E{/LINK} mode.\nIn this mode, Zibai's Normal Attacks and Charged Attacks will deal \u003Ccolor=#FFE699FF\u003EGeo DMG\u003C/color\u003E that cannot be overridden by other infusions, and she can accrue special \u003Ccolor=#FFD780FF\u003EPhase Shift Radiance\u003C/color\u003E through different methods. Zibai can consume Phase Shift Radiance to unleash the special Elemental Skill \u003Ccolor=#FFD780FF\u003ESpirit Steed's Stride\u003C/color\u003E.\n\n\u003Ccolor=#FFD780FF\u003EMoonsign: Ascendant Gleam\u003C/color\u003E\nWhile in the \u003Ccolor=#FFD780FF\u003ELunar Phase Shift\u003C/color\u003E mode, when Zibai performs Normal Attacks, the fourth attack will deal an additional instance of \u003Ccolor=#FFE699FF\u003EGeo DMG\u003C/color\u003E, which is considered Lunar-Crystallize Reaction DMG.",
    "description": "Summoning a shadow of her former powers, she switches to the **Lunar Phase Shift** mode.\nIn this mode, Zibai's Normal Attacks and Charged Attacks will deal Geo DMG that cannot be overridden by other infusions, and she can accrue special Phase Shift Radiance through different methods. Zibai can consume Phase Shift Radiance to unleash the special Elemental Skill Spirit Steed's Stride.\n\nMoonsign: Ascendant Gleam\nWhile in the Lunar Phase Shift mode, when Zibai performs Normal Attacks, the fourth attack will deal an additional instance of Geo DMG, which is considered Lunar-Crystallize Reaction DMG.",
    "attributes": {
      "labels": [
        "Lunar Phase Shift 1-Hit DMG|{param6:F1P} DEF",
        "Lunar Phase Shift 2-Hit DMG|{param7:F1P} DEF",
        "Lunar Phase Shift 3-Hit DMG|{param8:F1P}+{param9:F1P} DEF",
        "Lunar Phase Shift 4-Hit DMG|{param10:F1P} DEF",
        "Lunar Phase Shift Charged Attack DMG|{param11:F1P}+{param12:F1P} DEF",
        "Spirit Steed's Stride 1-Hit DMG|{param1:F1P} DEF",
        "Spirit Steed's Stride 2-Hit DMG|{param2:F1P} DEF",
        "Lunar Phase Shift 4-Hit Additional DMG|{param3:F1P} DEF",
        "Lunar Phase Shift Duration|{param4:F1}s",
        "CD|{param5:F1}s"
      ],
      "parameters": {
        "param1": [1.72528, 1.854676, 1.984072, 2.1566, 2.285996, 2.415392, 2.58792, 2.760448, 2.932976, 3.105504, 3.278032, 3.45056, 3.66622, 3.88188, 4.09754],
        "param2": [1.40968, 1.515406, 1.621132, 1.7621, 1.867826, 1.973552, 2.11452, 2.255488, 2.396456, 2.537424, 2.678392, 2.81936, 2.99557, 3.17178, 3.34799],
        "param3": [0.29456, 0.316652, 0.338744, 0.3682, 0.390292, 0.412384, 0.44184, 0.471296, 0.500752, 0.530208, 0.559664, 0.58912, 0.62594, 0.66276, 0.69958],
        "param4": [15, 15, 15, 15, 15, 15, 15, 15, 15, 15, 15, 15, 15, 15, 15],
        "param5": [18, 18, 18, 18, 18, 18, 18, 18, 18, 18, 18, 18, 18, 18, 18],
        "param6": [0.565792, 0.608226, 0.650661, 0.70724, 0.749674, 0.792109, 0.848688, 0.905267, 0.961846, 1.018426, 1.075005, 1.131584, 1.202308, 1.273032, 1.343756],
        "param7": [0.521007, 0.560083, 0.599158, 0.651259, 0.690335, 0.72941, 0.781511, 0.833612, 0.885712, 0.937813, 0.989914, 1.042014, 1.10714, 1.172266, 1.237392],
        "param8": [0.345694, 0.371621, 0.397548, 0.432117, 0.458044, 0.483971, 0.51854, 0.55311, 0.587679, 0.622248, 0.656818, 0.691387, 0.734599, 0.777811, 0.821022],
        "param9": [0.345694, 0.371621, 0.397548, 0.432117, 0.458044, 0.483971, 0.51854, 0.55311, 0.587679, 0.622248, 0.656818, 0.691387, 0.734599, 0.777811, 0.821022],
        "param10": [0.871788, 0.937172, 1.002556, 1.089735, 1.155119, 1.220503, 1.307682, 1.394861, 1.48204, 1.569218, 1.656397, 1.743576, 1.852549, 1.961523, 2.070496],
        "param11": [0.6595, 0.708962, 0.758425, 0.824375, 0.873838, 0.9233, 0.98925, 1.0552, 1.12115, 1.1871, 1.25305, 1.319, 1.401437, 1.483875, 1.566312],
        "param12": [0.6595, 0.708962, 0.758425, 0.824375, 0.873838, 0.9233, 0.98925, 1.0552, 1.12115, 1.1871, 1.25305, 1.319, 1.401437, 1.483875, 1.566312]
      }
    }
  },
  "combat3": {
    "name": "Tri-Sphere Eminence",
    "descriptionRaw": "Zibai operates the Jadelight Canopy, dealing two instances of \u003Ccolor=#FFE699FF\u003EGeo DMG\u003C/color\u003E, with the second damage instance being considered Lunar-Crystallize Reaction DMG.\nWhen cast, if Zibai is in the {LINK#N11260001}\u003Ccolor=#FFD780FF\u003ELunar Phase Shift\u003C/color\u003E{/LINK}, the duration of the current Lunar Phase Shift will extend by an additional 1.7s.",
    "description": "Zibai operates the Jadelight Canopy, dealing two instances of Geo DMG, with the second damage instance being considered Lunar-Crystallize Reaction DMG.\nWhen cast, if Zibai is in the **Lunar Phase Shift**, the duration of the current Lunar Phase Shift will extend by an additional 1.7s.",