{
  "1": {
    "level": 1,
    "ascension": 0,
    "hp": 848.4548,
    "attack": 18.21036,
    "defense": 52.6504,
    "specialized": 0
  },
  "2": {
    "level": 2,
    "ascension": 0,
    "hp": 918.8765483999999,
    "attack": 19.72181988,
    "defense": 57.0203832,
    "specialized": 0
  },
  "3": {
    "level": 3,
    "ascension": 0,
    "hp": 989.2982967999999,
    "attack": 21.233279760000002,
    "defense": 61.39036639999999,
    "specialized": 0
  },
  "4": {
    "level": 4,
    "ascension": 0,
    "hp": 1060.5684999999999,
    "attack": 22.762950000000004,
    "defense": 65.813,
    "specialized": 0
  },
  "5": {
    "level": 5,
    "ascension": 0,
    "hp": 1130.9902484,
    "attack": 24.27440988,
    "defense": 70.1829832,
    "specialized": 0
  },
  "6": {
    "level": 6,
    "ascension": 0,
    "hp": 1202.2604516,
    "attack": 25.804080120000002,
    "defense": 74.60561679999999,
    "specialized": 0
  },
  "7": {
    "level": 7,
    "ascension": 0,
    "hp": 1272.6822,
    "attack": 27.315540000000002,
    "defense": 78.9756,
    "specialized": 0
  },
  "8": {
    "level": 8,
    "ascension": 0,
    "hp": 1343.9524032,
    "attack": 28.845210240000004,
    "defense": 83.3982336,
    "specialized": 0
  },
  "9": {
    "level": 9,
    "ascension": 0,
    "hp": 1415.2226064,
    "attack": 30.37488048,
    "defense": 87.8208672,
    "specialized": 0
  },
  "10": {
    "level": 10,
    "ascension": 0,
    "hp": 1485.6443548,
    "attack": 31.886340360000002,
    "defense": 92.19085039999999,
    "specialized": 0
  },
  "11": {
    "level": 11,
    "ascension": 0,
    "hp": 1556.914558,
    "attack": 33.4160106,
    "defense": 96.613484,
    "specialized": 0
  },
  "12": {
    "level": 12,
    "ascension": 0,
    "hp": 1628.1847612,
    "attack": 34.94568084,
    "defense": 101.0361176,
    "specialized": 0
  },
  "13": {
    "level": 13,
    "ascension": 0,
    "hp": 1699.4549644,
    "attack": 36.47535108,
    "defense": 105.4587512,
    "specialized": 0
  },
  "14": {
    "level": 14,
    "ascension": 0,
    "hp": 1771.5736224,
    "attack": 38.02323168,
    "defense": 109.9340352,
    "specialized": 0
  },
  "15": {
    "level": 15,
    "ascension": 0,
    "hp": 1842.8438256000002,
    "attack": 39.552901920000004,
    "defense": 114.35666880000001,
    "specialized": 0
  },
  "16": {
    "level": 16,
    "ascension": 0,
    "hp": 1914.1140287999997,
    "attack": 41.08257216,
    "defense": 118.77930239999998,
    "specialized": 0
  },
  "17": {
    "level": 17,
    "ascension": 0,
    "hp": 1986.2326868,
    "attack": 42.630452760000004,
    "defense": 123.25458640000001,
    "specialized": 0
  },
  "18": {
    "level": 18,
    "ascension": 0,
    "hp": 2057.5028899999998,
    "attack": 44.160123,
    "defense": 127.67721999999999,
    "specialized": 0
  },
  "19": {
    "level": 19,
    "ascension": 0,
    "hp": 2129.6215479999996,
    "attack": 45.7080036,
    "defense": 132.152504,
    "specialized": 0
  },
  "20": {
    "level": 20,
    "ascension": 0,
    "hp": 2200.8917512,
    "attack": 47.23767384,
    "defense": 136.57513759999998,
    "specialized": 0
  },
  "21": {
    "level": 21,
    "ascension": 1,
    "hp": 3000.4836791999996,
    "attack": 64.39815044,
    "defense": 186.1944216,
    "specialized": 0
  },
  "22": {
    "level": 22,
    "ascension": 1,
    "hp": 3072.6023371999995,
    "attack": 65.94603104,
    "defense": 190.6697056,
    "specialized": 0
  },
  "23": {
    "level": 23,
    "ascension": 1,
    "hp": 3144.7209952000003,
    "attack": 67.49391164000001,
    "defense": 195.1449896,
    "specialized": 0
  },
  "24": {
    "level": 24,
    "ascension": 1,
    "hp": 3216.8396532,
    "attack": 69.04179224,
    "defense": 199.62027360000002,
    "specialized": 0
  },
  "25": {
    "level": 25,
    "ascension": 1,
    "hp": 3288.9583112,
    "attack": 70.58967284,
    "defense": 204.0955576,
    "specialized": 0
  },
  "26": {
    "level": 26,
    "ascension": 1,
    "hp": 3361.925424,
    "attack": 72.1557638,
    "defense": 208.623492,
    "specialized": 0
  },
  "27": {
    "level": 27,
    "ascension": 1,
    "hp": 3434.044082,
    "attack": 73.7036444,
    "defense": 213.098776,
    "specialized": 0
  },
  "28": {
    "level": 28,
    "ascension": 1,
    "hp": 3506.1627399999998,
    "attack": 75.251525,
    "defense": 217.57406,
    "specialized": 0
  },
  "29": {
    "level": 29,
    "ascension": 1,
    "hp": 3579.1298528,
    "attack": 76.81761596000001,
    "defense": 222.1019944,
    "specialized": 0
  },
  "30": {
    "level": 30,
    "ascension": 1,
    "hp": 3651.2485108,
    "attack": 78.36549656000001,
    "defense": 226.5772784,
    "specialized": 0
  },
  "31": {
    "level": 31,
    "ascension": 1,
    "hp": 3724.2156236,
    "attack": 79.93158752000001,
    "defense": 231.1052128,
    "specialized": 0
  },
  "32": {
    "level": 32,
    "ascension": 1,
    "hp": 3797.1827363999996,
    "attack": 81.49767848,
    "defense": 235.6331472,
    "specialized": 0
  },
  "33": {
    "level": 33,
    "ascension": 1,
    "hp": 3870.1498492,
    "attack": 83.06376944,
    "defense": 240.16108160000002,
    "specialized": 0
  },
  "34": {
    "level": 34,
    "ascension": 1,
    "hp": 3942.2685072,
    "attack": 84.61165004,
    "defense": 244.6363656,
    "specialized": 0
  },
  "35": {
    "level": 35,
    "ascension": 1,
    "hp": 4015.23562,
    "attack": 86.177741,
    "defense": 249.1643,
    "specialized": 0
  },
  "36": {
    "level": 36,
    "ascension": 1,
    "hp": 4089.0511876,
    "attack": 87.76204232,
    "defense": 253.7448848,
    "specialized": 0
  },
  "37": {
    "level": 37,
    "ascension": 1,
    "hp": 4162.0183004,
    "attack": 89.32813328,
    "defense": 258.27281919999996,
    "specialized": 0
  },
  "38": {
    "level": 38,
    "ascension": 1,
    "hp": 4234.9854132,
    "attack": 90.89422424000001,
    "defense": 262.8007536,
    "specialized": 0
  },
  "39": {
    "level": 39,
    "ascension": 1,
    "hp": 4307.952525999999,
    "attack": 92.4603152,
    "defense": 267.32868799999994,
    "specialized": 0
  },
  "40": {
    "level": 40,
    "ascension": 1,
    "hp": 4381.7680936,
    "attack": 94.04461652,
    "defense": 271.9092728,
    "specialized": 0
  },
  "41": {
    "level": 41,
    "ascension": 2,
    "hp": 4971.6241364,
    "attack": 106.70386848000001,
    "defense": 308.5132072,
    "specialized": 0.072
  },
  "42": {
    "level": 42,
    "ascension": 2,
    "hp": 5045.439704,
    "attack": 108.28816980000002,
    "defense": 313.093792,
    "specialized": 0.072
  },
  "43": {
    "level": 43,
    "ascension": 2,
    "hp": 5119.2552716,
    "attack": 109.87247112,
    "defense": 317.6743768,
    "specialized": 0.072
  },
  "44": {
    "level": 44,
    "ascension": 2,
    "hp": 5192.2223844,
    "attack": 111.43856208,
    "defense": 322.20231119999994,
    "specialized": 0.072
  },
  "45": {
    "level": 45,
    "ascension": 2,
    "hp": 5266.037952000001,
    "attack": 113.0228634,
    "defense": 326.782896,
    "specialized": 0.072
  },
  "46": {
    "level": 46,
    "ascension": 2,
    "hp": 5339.853519599999,
    "attack": 114.60716472000001,
    "defense": 331.3634808,
    "specialized": 0.072
  },
  "47": {
    "level": 47,
    "ascension": 2,
    "hp": 5413.6690872,
    "attack": 116.19146604,
    "defense": 335.94406559999993,
    "specialized": 0.072
  },
  "48": {
    "level": 48,
    "ascension": 2,
    "hp": 5487.4846548000005,
    "attack": 117.77576736,
    "defense": 340.52465040000004,
    "specialized": 0.072
  },
  "49": {
    "level": 49,
    "ascension": 2,
    "hp": 5562.148677200001,
    "attack": 119.37827904000002,
    "defense": 345.1578856,
    "specialized": 0.072
  },
  "50": {
    "level": 50,
    "ascension": 2,
    "hp": 5635.9642447999995,
    "attack": 120.96258036,
    "defense": 349.7384704,
    "specialized": 0.072
  },
  "51": {
    "level": 51,
    "ascension": 3,
    "hp": 6398.9650124,
    "attack": 137.33776468000002,