{
  "1": {
    "level": 1,
    "ascension": 0,
    "hp": 793.2582,
    "attack": 18.6984,
    "defense": 50.358,
    "specialized": 0
  },
  "2": {
    "level": 2,
    "ascension": 0,
    "hp": 859.0986306,
    "attack": 20.2503672,
    "defense": 54.537713999999994,
    "specialized": 0
  },
  "3": {
    "level": 3,
    "ascension": 0,
    "hp": 924.145803,
    "attack": 21.783636,
    "defense": 58.667069999999995,
    "specialized": 0
  },
  "4": {
    "level": 4,
    "ascension": 0,
    "hp": 989.9862336,
    "attack": 23.335603199999998,
    "defense": 62.846784,
    "specialized": 0
  },
  "5": {
    "level": 5,
    "ascension": 0,
    "hp": 1055.033406,
    "attack": 24.868872,
    "defense": 66.97614,
    "specialized": 0
  },
  "6": {
    "level": 6,
    "ascension": 0,
    "hp": 1120.8738366,
    "attack": 26.4208392,
    "defense": 71.15585399999999,
    "specialized": 0
  },
  "7": {
    "level": 7,
    "ascension": 0,
    "hp": 1185.9210090000001,
    "attack": 27.954108,
    "defense": 75.28521,
    "specialized": 0
  },
  "8": {
    "level": 8,
    "ascension": 0,
    "hp": 1251.7614396000001,
    "attack": 29.5060752,
    "defense": 79.464924,
    "specialized": 0
  },
  "9": {
    "level": 9,
    "ascension": 0,
    "hp": 1317.6018702,
    "attack": 31.058042399999998,
    "defense": 83.644638,
    "specialized": 0
  },
  "10": {
    "level": 10,
    "ascension": 0,
    "hp": 1382.6490426,
    "attack": 32.5913112,
    "defense": 87.773994,
    "specialized": 0
  },
  "11": {
    "level": 11,
    "ascension": 0,
    "hp": 1448.4894732,
    "attack": 34.1432784,
    "defense": 91.95370799999999,
    "specialized": 0
  },
  "12": {
    "level": 12,
    "ascension": 0,
    "hp": 1513.5366456,
    "attack": 35.676547199999995,
    "defense": 96.083064,
    "specialized": 0
  },
  "13": {
    "level": 13,
    "ascension": 0,
    "hp": 1579.3770762000001,
    "attack": 37.2285144,
    "defense": 100.262778,
    "specialized": 0
  },
  "14": {
    "level": 14,
    "ascension": 0,
    "hp": 1644.4242485999998,
    "attack": 38.761783199999996,
    "defense": 104.39213399999998,
    "specialized": 0
  },
  "15": {
    "level": 15,
    "ascension": 0,
    "hp": 1710.2646792,
    "attack": 40.3137504,
    "defense": 108.571848,
    "specialized": 0
  },
  "16": {
    "level": 16,
    "ascension": 0,
    "hp": 1776.1051097999998,
    "attack": 41.865717599999996,
    "defense": 112.75156199999999,
    "specialized": 0
  },
  "17": {
    "level": 17,
    "ascension": 0,
    "hp": 1841.1522822000002,
    "attack": 43.398986400000005,
    "defense": 116.88091800000001,
    "specialized": 0
  },
  "18": {
    "level": 18,
    "ascension": 0,
    "hp": 1906.9927128,
    "attack": 44.9509536,
    "defense": 121.06063199999998,
    "specialized": 0
  },
  "19": {
    "level": 19,
    "ascension": 0,
    "hp": 1972.0398852,
    "attack": 46.4842224,
    "defense": 125.189988,
    "specialized": 0
  },
  "20": {
    "level": 20,
    "ascension": 0,
    "hp": 2037.8803157999998,
    "attack": 48.0361896,
    "defense": 129.369702,
    "specialized": 0
  },
  "21": {
    "level": 21,
    "ascension": 1,
    "hp": 2695.5319882,
    "attack": 63.53844839999999,
    "defense": 171.119058,
    "specialized": 0
  },
  "22": {
    "level": 22,
    "ascension": 1,
    "hp": 2761.3724187999997,
    "attack": 65.0904156,
    "defense": 175.29877199999999,
    "specialized": 0
  },
  "23": {
    "level": 23,
    "ascension": 1,
    "hp": 2827.2128494,
    "attack": 66.64238280000001,
    "defense": 179.478486,
    "specialized": 0
  },
  "24": {
    "level": 24,
    "ascension": 1,
    "hp": 2892.2600218,
    "attack": 68.1756516,
    "defense": 183.607842,
    "specialized": 0
  },
  "25": {
    "level": 25,
    "ascension": 1,
    "hp": 2958.1004524,
    "attack": 69.7276188,
    "defense": 187.787556,
    "specialized": 0
  },
  "26": {
    "level": 26,
    "ascension": 1,
    "hp": 3023.1476248,
    "attack": 71.2608876,
    "defense": 191.916912,
    "specialized": 0
  },
  "27": {
    "level": 27,
    "ascension": 1,
    "hp": 3088.9880553999997,
    "attack": 72.8128548,
    "defense": 196.096626,
    "specialized": 0
  },
  "28": {
    "level": 28,
    "ascension": 1,
    "hp": 3154.0352278,
    "attack": 74.3461236,
    "defense": 200.225982,
    "specialized": 0
  },
  "29": {
    "level": 29,
    "ascension": 1,
    "hp": 3219.8756584,
    "attack": 75.89809079999999,
    "defense": 204.40569599999998,
    "specialized": 0
  },
  "30": {
    "level": 30,
    "ascension": 1,
    "hp": 3284.9228308,
    "attack": 77.43135960000001,
    "defense": 208.535052,
    "specialized": 0
  },
  "31": {
    "level": 31,
    "ascension": 1,
    "hp": 3350.7632614,
    "attack": 78.9833268,
    "defense": 212.714766,
    "specialized": 0
  },
  "32": {
    "level": 32,
    "ascension": 1,
    "hp": 3416.603692,
    "attack": 80.53529400000001,
    "defense": 216.89448,
    "specialized": 0
  },
  "33": {
    "level": 33,
    "ascension": 1,
    "hp": 3481.6508643999996,
    "attack": 82.0685628,
    "defense": 221.023836,
    "specialized": 0
  },
  "34": {
    "level": 34,
    "ascension": 1,
    "hp": 3547.491295,
    "attack": 83.62053,
    "defense": 225.20355,
    "specialized": 0
  },
  "35": {
    "level": 35,
    "ascension": 1,
    "hp": 3612.5384673999997,
    "attack": 85.1537988,
    "defense": 229.33290599999998,
    "specialized": 0
  },
  "36": {
    "level": 36,
    "ascension": 1,
    "hp": 3678.378898,
    "attack": 86.70576600000001,
    "defense": 233.51262,
    "specialized": 0
  },
  "37": {
    "level": 37,
    "ascension": 1,
    "hp": 3743.4260704,
    "attack": 88.2390348,
    "defense": 237.641976,
    "specialized": 0
  },
  "38": {
    "level": 38,
    "ascension": 1,
    "hp": 3809.2665009999996,
    "attack": 89.79100199999999,
    "defense": 241.82169,
    "specialized": 0
  },
  "39": {
    "level": 39,
    "ascension": 1,
    "hp": 3875.1069316,
    "attack": 91.3429692,
    "defense": 246.00140399999998,
    "specialized": 0
  },
  "40": {
    "level": 40,
    "ascension": 1,
    "hp": 3940.1541039999997,
    "attack": 92.876238,
    "defense": 250.13075999999998,
    "specialized": 0
  },
  "41": {
    "level": 41,
    "ascension": 2,
    "hp": 4427.0555346,
    "attack": 104.3535402,
    "defense": 281.040474,
    "specialized": 0.06
  },
  "42": {
    "level": 42,
    "ascension": 2,
    "hp": 4492.102707,
    "attack": 105.88680899999999,
    "defense": 285.16982999999993,
    "specialized": 0.06
  },
  "43": {
    "level": 43,
    "ascension": 2,
    "hp": 4557.943137599999,
    "attack": 107.43877619999999,
    "defense": 289.349544,
    "specialized": 0.06
  },
  "44": {
    "level": 44,
    "ascension": 2,
    "hp": 4622.990309999999,
    "attack": 108.972045,
    "defense": 293.47889999999995,
    "specialized": 0.06
  },
  "45": {
    "level": 45,
    "ascension": 2,
    "hp": 4688.830740599999,
    "attack": 110.52401219999999,
    "defense": 297.65861399999994,
    "specialized": 0.06
  },
  "46": {
    "level": 46,
    "ascension": 2,
    "hp": 4754.6711712,
    "attack": 112.0759794,
    "defense": 301.838328,
    "specialized": 0.06
  },
  "47": {
    "level": 47,
    "ascension": 2,
    "hp": 4819.7183436,
    "attack": 113.6092482,
    "defense": 305.96768399999996,
    "specialized": 0.06
  },
  "48": {
    "level": 48,
    "ascension": 2,
    "hp": 4885.5587742,
    "attack": 115.1612154,
    "defense": 310.14739799999995,
    "specialized": 0.06
  },
  "49": {
    "level": 49,
    "ascension": 2,
    "hp": 4950.6059466,
    "attack": 116.69448419999999,
    "defense": 314.276754,
    "specialized": 0.06
  },
  "50": {
    "level": 50,
    "ascension": 2,
    "hp": 5016.4463772,
    "attack": 118.2464514,
    "defense": 318.456468,
    "specialized": 0.06
  },
  "51": {
    "level": 51,
    "ascension": 3,
    "hp": 5642.9083496,
    "attack": 133.0135002,
    "defense": 358.225824,
    "specialized": 0.12
  },