{
  "1": {
    "level": 1,
    "ascension": 0,
    "hp": 1000.986,
    "attack": 17.689,
    "defense": 74.66784,
    "specialized": 0.05
  },
  "2": {
    "level": 2,
    "ascension": 0,
    "hp": 1084.067838,
    "attack": 19.157187,
    "defense": 80.86527072,
    "specialized": 0.05
  },
  "3": {
    "level": 3,
    "ascension": 0,
    "hp": 1167.149676,
    "attack": 20.625373999999997,
    "defense": 87.06270144,
    "specialized": 0.05
  },
  "4": {
    "level": 4,
    "ascension": 0,
    "hp": 1251.2325,
    "attack": 22.11125,
    "defense": 93.3348,
    "specialized": 0.05
  },
  "5": {
    "level": 5,
    "ascension": 0,
    "hp": 1334.314338,
    "attack": 23.579437,
    "defense": 99.53223072,
    "specialized": 0.05
  },
  "6": {
    "level": 6,
    "ascension": 0,
    "hp": 1418.397162,
    "attack": 25.065313,
    "defense": 105.80432928,
    "specialized": 0.05
  },
  "7": {
    "level": 7,
    "ascension": 0,
    "hp": 1501.479,
    "attack": 26.5335,
    "defense": 112.00175999999999,
    "specialized": 0.05
  },
  "8": {
    "level": 8,
    "ascension": 0,
    "hp": 1585.5618240000001,
    "attack": 28.019376,
    "defense": 118.27385856000001,
    "specialized": 0.05
  },
  "9": {
    "level": 9,
    "ascension": 0,
    "hp": 1669.644648,
    "attack": 29.505252,
    "defense": 124.54595712,
    "specialized": 0.05
  },
  "10": {
    "level": 10,
    "ascension": 0,
    "hp": 1752.7264859999998,
    "attack": 30.973439,
    "defense": 130.74338784,
    "specialized": 0.05
  },
  "11": {
    "level": 11,
    "ascension": 0,
    "hp": 1836.8093099999999,
    "attack": 32.459315,
    "defense": 137.0154864,
    "specialized": 0.05
  },
  "12": {
    "level": 12,
    "ascension": 0,
    "hp": 1920.892134,
    "attack": 33.945191,
    "defense": 143.28758496,
    "specialized": 0.05
  },
  "13": {
    "level": 13,
    "ascension": 0,
    "hp": 2004.974958,
    "attack": 35.431067,
    "defense": 149.55968352,
    "specialized": 0.05
  },
  "14": {
    "level": 14,
    "ascension": 0,
    "hp": 2090.058768,
    "attack": 36.934632,
    "defense": 155.90644992,
    "specialized": 0.05
  },
  "15": {
    "level": 15,
    "ascension": 0,
    "hp": 2174.141592,
    "attack": 38.420508000000005,
    "defense": 162.17854848000002,
    "specialized": 0.05
  },
  "16": {
    "level": 16,
    "ascension": 0,
    "hp": 2258.2244159999996,
    "attack": 39.906383999999996,
    "defense": 168.45064703999998,
    "specialized": 0.05
  },
  "17": {
    "level": 17,
    "ascension": 0,
    "hp": 2343.308226,
    "attack": 41.409949000000005,
    "defense": 174.79741344,
    "specialized": 0.05
  },
  "18": {
    "level": 18,
    "ascension": 0,
    "hp": 2427.3910499999997,
    "attack": 42.895824999999995,
    "defense": 181.06951199999997,
    "specialized": 0.05
  },
  "19": {
    "level": 19,
    "ascension": 0,
    "hp": 2512.47486,
    "attack": 44.39939,
    "defense": 187.41627839999998,
    "specialized": 0.05
  },
  "20": {
    "level": 20,
    "ascension": 0,
    "hp": 2596.557684,
    "attack": 45.885265999999994,
    "defense": 193.68837695999997,
    "specialized": 0.05
  },
  "21": {
    "level": 21,
    "ascension": 1,
    "hp": 3539.896494,
    "attack": 62.554441,
    "defense": 264.05754335999995,
    "specialized": 0.05
  },
  "22": {
    "level": 22,
    "ascension": 1,
    "hp": 3624.9803039999997,
    "attack": 64.05800599999999,
    "defense": 270.40430976,
    "specialized": 0.05
  },
  "23": {
    "level": 23,
    "ascension": 1,
    "hp": 3710.0641140000002,
    "attack": 65.561571,
    "defense": 276.75107616,
    "specialized": 0.05
  },
  "24": {
    "level": 24,
    "ascension": 1,
    "hp": 3795.1479240000003,
    "attack": 67.065136,
    "defense": 283.09784256,
    "specialized": 0.05
  },
  "25": {
    "level": 25,
    "ascension": 1,
    "hp": 3880.2317340000004,
    "attack": 68.568701,
    "defense": 289.44460896,
    "specialized": 0.05
  },
  "26": {
    "level": 26,
    "ascension": 1,
    "hp": 3966.31653,
    "attack": 70.089955,
    "defense": 295.86604320000004,
    "specialized": 0.05
  },
  "27": {
    "level": 27,
    "ascension": 1,
    "hp": 4051.40034,
    "attack": 71.59352,
    "defense": 302.2128096,
    "specialized": 0.05
  },
  "28": {
    "level": 28,
    "ascension": 1,
    "hp": 4136.484149999999,
    "attack": 73.09708499999999,
    "defense": 308.559576,
    "specialized": 0.05
  },
  "29": {
    "level": 29,
    "ascension": 1,
    "hp": 4222.568946,
    "attack": 74.618339,
    "defense": 314.98101024000005,
    "specialized": 0.05
  },
  "30": {
    "level": 30,
    "ascension": 1,
    "hp": 4307.652756,
    "attack": 76.121904,
    "defense": 321.32777664,
    "specialized": 0.05
  },
  "31": {
    "level": 31,
    "ascension": 1,
    "hp": 4393.737552,
    "attack": 77.643158,
    "defense": 327.74921088,
    "specialized": 0.05
  },
  "32": {
    "level": 32,
    "ascension": 1,
    "hp": 4479.822348,
    "attack": 79.164412,
    "defense": 334.17064512,
    "specialized": 0.05
  },
  "33": {
    "level": 33,
    "ascension": 1,
    "hp": 4565.907144,
    "attack": 80.685666,
    "defense": 340.59207936,
    "specialized": 0.05
  },
  "34": {
    "level": 34,
    "ascension": 1,
    "hp": 4650.990954,
    "attack": 82.189231,
    "defense": 346.93884576,
    "specialized": 0.05
  },
  "35": {
    "level": 35,
    "ascension": 1,
    "hp": 4737.07575,
    "attack": 83.710485,
    "defense": 353.36028,
    "specialized": 0.05
  },
  "36": {
    "level": 36,
    "ascension": 1,
    "hp": 4824.161532,
    "attack": 85.24942800000001,
    "defense": 359.85638208,
    "specialized": 0.05
  },
  "37": {
    "level": 37,
    "ascension": 1,
    "hp": 4910.246328,
    "attack": 86.77068200000001,
    "defense": 366.27781632,
    "specialized": 0.05
  },
  "38": {
    "level": 38,
    "ascension": 1,
    "hp": 4996.331124,
    "attack": 88.291936,
    "defense": 372.69925056,
    "specialized": 0.05
  },
  "39": {
    "level": 39,
    "ascension": 1,
    "hp": 5082.4159199999995,
    "attack": 89.81318999999999,
    "defense": 379.1206848,
    "specialized": 0.05
  },
  "40": {
    "level": 40,
    "ascension": 1,
    "hp": 5169.5017020000005,
    "attack": 91.35213300000001,
    "defense": 385.61678688,
    "specialized": 0.05
  },
  "41": {
    "level": 41,
    "ascension": 2,
    "hp": 5865.399197999999,
    "attack": 103.648952,
    "defense": 437.52782112,
    "specialized": 0.098
  },
  "42": {
    "level": 42,
    "ascension": 2,
    "hp": 5952.484980000001,
    "attack": 105.18789500000001,
    "defense": 444.0239232,
    "specialized": 0.098
  },
  "43": {
    "level": 43,
    "ascension": 2,
    "hp": 6039.570761999999,
    "attack": 106.726838,
    "defense": 450.52002528,
    "specialized": 0.098
  },
  "44": {
    "level": 44,
    "ascension": 2,
    "hp": 6125.655558,
    "attack": 108.248092,
    "defense": 456.94145951999997,
    "specialized": 0.098
  },
  "45": {
    "level": 45,
    "ascension": 2,
    "hp": 6212.7413400000005,
    "attack": 109.787035,
    "defense": 463.4375616,
    "specialized": 0.098
  },
  "46": {
    "level": 46,
    "ascension": 2,
    "hp": 6299.827122000001,
    "attack": 111.325978,
    "defense": 469.93366368,
    "specialized": 0.098
  },
  "47": {
    "level": 47,
    "ascension": 2,
    "hp": 6386.912903999999,
    "attack": 112.864921,
    "defense": 476.42976575999995,
    "specialized": 0.098
  },
  "48": {
    "level": 48,
    "ascension": 2,
    "hp": 6473.998686000001,
    "attack": 114.40386400000001,
    "defense": 482.92586784,
    "specialized": 0.098
  },
  "49": {
    "level": 49,
    "ascension": 2,
    "hp": 6562.085454,
    "attack": 115.960496,
    "defense": 489.49663776,
    "specialized": 0.098
  },
  "50": {
    "level": 50,
    "ascension": 2,
    "hp": 6649.171236,
    "attack": 117.49943900000001,
    "defense": 495.99273984,
    "specialized": 0.098
  },
  "51": {
    "level": 51,
    "ascension": 3,