{
  "1": {
    "level": 1,
    "ascension": 0,
    "hp": 1020.0524,
    "attack": 26.6266,
    "defense": 59.53085,
    "specialized": 0.5
  },
  "2": {
    "level": 2,
    "ascension": 0,
    "hp": 1104.7167492,
    "attack": 28.8366078,
    "defense": 64.47191055,
    "specialized": 0.5
  },
  "3": {
    "level": 3,
    "ascension": 0,
    "hp": 1189.3810984,
    "attack": 31.0466156,
    "defense": 69.4129711,
    "specialized": 0.5
  },
  "4": {
    "level": 4,
    "ascension": 0,
    "hp": 1275.0655000000002,
    "attack": 33.28325,
    "defense": 74.4135625,
    "specialized": 0.5
  },
  "5": {
    "level": 5,
    "ascension": 0,
    "hp": 1359.7298492,
    "attack": 35.4932578,
    "defense": 79.35462305,
    "specialized": 0.5
  },
  "6": {
    "level": 6,
    "ascension": 0,
    "hp": 1445.4142508,
    "attack": 37.7298922,
    "defense": 84.35521445,
    "specialized": 0.5
  },
  "7": {
    "level": 7,
    "ascension": 0,
    "hp": 1530.0786,
    "attack": 39.9399,
    "defense": 89.29627500000001,
    "specialized": 0.5
  },
  "8": {
    "level": 8,
    "ascension": 0,
    "hp": 1615.7630016,
    "attack": 42.1765344,
    "defense": 94.2968664,
    "specialized": 0.5
  },
  "9": {
    "level": 9,
    "ascension": 0,
    "hp": 1701.4474032,
    "attack": 44.4131688,
    "defense": 99.2974578,
    "specialized": 0.5
  },
  "10": {
    "level": 10,
    "ascension": 0,
    "hp": 1786.1117524,
    "attack": 46.623176599999994,
    "defense": 104.23851834999999,
    "specialized": 0.5
  },
  "11": {
    "level": 11,
    "ascension": 0,
    "hp": 1871.7961540000001,
    "attack": 48.859811,
    "defense": 109.23910975,
    "specialized": 0.5
  },
  "12": {
    "level": 12,
    "ascension": 0,
    "hp": 1957.4805556000001,
    "attack": 51.0964454,
    "defense": 114.23970115,
    "specialized": 0.5
  },
  "13": {
    "level": 13,
    "ascension": 0,
    "hp": 2043.1649572000001,
    "attack": 53.3330798,
    "defense": 119.24029255,
    "specialized": 0.5
  },
  "14": {
    "level": 14,
    "ascension": 0,
    "hp": 2129.8694112000003,
    "attack": 55.5963408,
    "defense": 124.30041480000001,
    "specialized": 0.5
  },
  "15": {
    "level": 15,
    "ascension": 0,
    "hp": 2215.5538128000003,
    "attack": 57.83297520000001,
    "defense": 129.30100620000002,
    "specialized": 0.5
  },
  "16": {
    "level": 16,
    "ascension": 0,
    "hp": 2301.2382144,
    "attack": 60.06960959999999,
    "defense": 134.30159759999998,
    "specialized": 0.5
  },
  "17": {
    "level": 17,
    "ascension": 0,
    "hp": 2387.9426684000005,
    "attack": 62.33287060000001,
    "defense": 139.36171985000001,
    "specialized": 0.5
  },
  "18": {
    "level": 18,
    "ascension": 0,
    "hp": 2473.62707,
    "attack": 64.56950499999999,
    "defense": 144.36231125,
    "specialized": 0.5
  },
  "19": {
    "level": 19,
    "ascension": 0,
    "hp": 2560.3315239999997,
    "attack": 66.83276599999999,
    "defense": 149.42243349999998,
    "specialized": 0.5
  },
  "20": {
    "level": 20,
    "ascension": 0,
    "hp": 2646.0159256,
    "attack": 69.06940039999999,
    "defense": 154.4230249,
    "specialized": 0.5
  },
  "21": {
    "level": 21,
    "ascension": 1,
    "hp": 3607.3230796,
    "attack": 94.16089539999999,
    "defense": 210.52664714999997,
    "specialized": 0.5
  },
  "22": {
    "level": 22,
    "ascension": 1,
    "hp": 3694.0275336,
    "attack": 96.42415639999999,
    "defense": 215.58676939999998,
    "specialized": 0.5
  },
  "23": {
    "level": 23,
    "ascension": 1,
    "hp": 3780.7319876,
    "attack": 98.6874174,
    "defense": 220.64689165000001,
    "specialized": 0.5
  },
  "24": {
    "level": 24,
    "ascension": 1,
    "hp": 3867.4364416000003,
    "attack": 100.9506784,
    "defense": 225.70701390000002,
    "specialized": 0.5
  },
  "25": {
    "level": 25,
    "ascension": 1,
    "hp": 3954.1408956,
    "attack": 103.2139394,
    "defense": 230.76713615,
    "specialized": 0.5
  },
  "26": {
    "level": 26,
    "ascension": 1,
    "hp": 4041.865402,
    "attack": 105.50382699999999,
    "defense": 235.88678925,
    "specialized": 0.5
  },
  "27": {
    "level": 27,
    "ascension": 1,
    "hp": 4128.569856,
    "attack": 107.76708799999999,
    "defense": 240.9469115,
    "specialized": 0.5
  },
  "28": {
    "level": 28,
    "ascension": 1,
    "hp": 4215.27431,
    "attack": 110.03034899999999,
    "defense": 246.00703375,
    "specialized": 0.5
  },
  "29": {
    "level": 29,
    "ascension": 1,
    "hp": 4302.998816400001,
    "attack": 112.3202366,
    "defense": 251.12668685,
    "specialized": 0.5
  },
  "30": {
    "level": 30,
    "ascension": 1,
    "hp": 4389.7032704,
    "attack": 114.5834976,
    "defense": 256.1868091,
    "specialized": 0.5
  },
  "31": {
    "level": 31,
    "ascension": 1,
    "hp": 4477.4277768,
    "attack": 116.8733852,
    "defense": 261.3064622,
    "specialized": 0.5
  },
  "32": {
    "level": 32,
    "ascension": 1,
    "hp": 4565.1522832,
    "attack": 119.16327279999999,
    "defense": 266.4261153,
    "specialized": 0.5
  },
  "33": {
    "level": 33,
    "ascension": 1,
    "hp": 4652.876789600001,
    "attack": 121.4531604,
    "defense": 271.54576840000004,
    "specialized": 0.5
  },
  "34": {
    "level": 34,
    "ascension": 1,
    "hp": 4739.581243600001,
    "attack": 123.7164214,
    "defense": 276.60589065000005,
    "specialized": 0.5
  },
  "35": {
    "level": 35,
    "ascension": 1,
    "hp": 4827.30575,
    "attack": 126.00630899999999,
    "defense": 281.72554375,
    "specialized": 0.5
  },
  "36": {
    "level": 36,
    "ascension": 1,
    "hp": 4916.0503088000005,
    "attack": 128.32282320000002,
    "defense": 286.9047277,
    "specialized": 0.5
  },
  "37": {
    "level": 37,
    "ascension": 1,
    "hp": 5003.7748152,
    "attack": 130.6127108,
    "defense": 292.0243808,
    "specialized": 0.5
  },
  "38": {
    "level": 38,
    "ascension": 1,
    "hp": 5091.499321600001,
    "attack": 132.90259840000002,
    "defense": 297.1440339,
    "specialized": 0.5
  },
  "39": {
    "level": 39,
    "ascension": 1,
    "hp": 5179.223828,
    "attack": 135.192486,
    "defense": 302.263687,
    "specialized": 0.5
  },
  "40": {
    "level": 40,
    "ascension": 1,
    "hp": 5267.968386800001,
    "attack": 137.5090002,
    "defense": 307.44287095000004,
    "specialized": 0.5
  },
  "41": {
    "level": 41,
    "ascension": 2,
    "hp": 5977.121093199999,
    "attack": 156.01894779999998,
    "defense": 348.83027404999996,
    "specialized": 0.596
  },
  "42": {
    "level": 42,
    "ascension": 2,
    "hp": 6065.865652,
    "attack": 158.335462,
    "defense": 354.009458,
    "specialized": 0.596
  },
  "43": {
    "level": 43,
    "ascension": 2,
    "hp": 6154.6102108000005,
    "attack": 160.6519762,
    "defense": 359.18864195000003,
    "specialized": 0.596
  },
  "44": {
    "level": 44,
    "ascension": 2,
    "hp": 6242.334717199999,
    "attack": 162.9418638,
    "defense": 364.30829504999997,
    "specialized": 0.596
  },
  "45": {
    "level": 45,
    "ascension": 2,
    "hp": 6331.079276,
    "attack": 165.258378,
    "defense": 369.487479,
    "specialized": 0.596
  },
  "46": {
    "level": 46,
    "ascension": 2,
    "hp": 6419.8238347999995,
    "attack": 167.5748922,
    "defense": 374.66666295000005,
    "specialized": 0.596
  },
  "47": {
    "level": 47,
    "ascension": 2,
    "hp": 6508.5683936,
    "attack": 169.8914064,
    "defense": 379.84584689999997,
    "specialized": 0.596
  },
  "48": {
    "level": 48,
    "ascension": 2,
    "hp": 6597.3129524000005,
    "attack": 172.2079206,
    "defense": 385.02503085,
    "specialized": 0.596
  },
  "49": {
    "level": 49,
    "ascension": 2,
    "hp": 6687.077563600001,
    "attack": 174.5510614,
    "defense": 390.26374565000003,
    "specialized": 0.596
  },
  "50": {
    "level": 50,
    "ascension": 2,
    "hp": 6775.8221224,
    "attack": 176.8675756,