{
  "1": {
    "level": 1,
    "ascension": 0,
    "hp": 1039.1188,
    "attack": 14.9891,
    "defense": 38.8895,
    "specialized": 0
  },
  "2": {
    "level": 2,
    "ascension": 0,
    "hp": 1125.3656604,
    "attack": 16.2331953,
    "defense": 42.1173285,
    "specialized": 0
  },
  "3": {
    "level": 3,
    "ascension": 0,
    "hp": 1211.6125207999999,
    "attack": 17.4772906,
    "defense": 45.34515699999999,
    "specialized": 0
  },
  "4": {
    "level": 4,
    "ascension": 0,
    "hp": 1298.8985,
    "attack": 18.736375000000002,
    "defense": 48.611875,
    "specialized": 0
  },
  "5": {
    "level": 5,
    "ascension": 0,
    "hp": 1385.1453603999998,
    "attack": 19.9804703,
    "defense": 51.8397035,
    "specialized": 0
  },
  "6": {
    "level": 6,
    "ascension": 0,
    "hp": 1472.4313396,
    "attack": 21.239554700000003,
    "defense": 55.106421499999996,
    "specialized": 0
  },
  "7": {
    "level": 7,
    "ascension": 0,
    "hp": 1558.6781999999998,
    "attack": 22.48365,
    "defense": 58.33425,
    "specialized": 0
  },
  "8": {
    "level": 8,
    "ascension": 0,
    "hp": 1645.9641792,
    "attack": 23.742734400000003,
    "defense": 61.600968,
    "specialized": 0
  },
  "9": {
    "level": 9,
    "ascension": 0,
    "hp": 1733.2501584,
    "attack": 25.0018188,
    "defense": 64.86768599999999,
    "specialized": 0
  },
  "10": {
    "level": 10,
    "ascension": 0,
    "hp": 1819.4970187999998,
    "attack": 26.2459141,
    "defense": 68.0955145,
    "specialized": 0
  },
  "11": {
    "level": 11,
    "ascension": 0,
    "hp": 1906.782998,
    "attack": 27.5049985,
    "defense": 71.36223249999999,
    "specialized": 0
  },
  "12": {
    "level": 12,
    "ascension": 0,
    "hp": 1994.0689772,
    "attack": 28.764082900000002,
    "defense": 74.6289505,
    "specialized": 0
  },
  "13": {
    "level": 13,
    "ascension": 0,
    "hp": 2081.3549564,
    "attack": 30.023167300000004,
    "defense": 77.8956685,
    "specialized": 0
  },
  "14": {
    "level": 14,
    "ascension": 0,
    "hp": 2169.6800544,
    "attack": 31.2972408,
    "defense": 81.201276,
    "specialized": 0
  },
  "15": {
    "level": 15,
    "ascension": 0,
    "hp": 2256.9660336,
    "attack": 32.5563252,
    "defense": 84.467994,
    "specialized": 0
  },
  "16": {
    "level": 16,
    "ascension": 0,
    "hp": 2344.2520127999996,
    "attack": 33.815409599999995,
    "defense": 87.73471199999999,
    "specialized": 0
  },
  "17": {
    "level": 17,
    "ascension": 0,
    "hp": 2432.5771108,
    "attack": 35.0894831,
    "defense": 91.04031950000001,
    "specialized": 0
  },
  "18": {
    "level": 18,
    "ascension": 0,
    "hp": 2519.86309,
    "attack": 36.3485675,
    "defense": 94.30703749999999,
    "specialized": 0
  },
  "19": {
    "level": 19,
    "ascension": 0,
    "hp": 2608.1881879999996,
    "attack": 37.622641,
    "defense": 97.61264499999999,
    "specialized": 0
  },
  "20": {
    "level": 20,
    "ascension": 0,
    "hp": 2695.4741671999996,
    "attack": 38.8817254,
    "defense": 100.87936299999998,
    "specialized": 0
  },
  "21": {
    "level": 21,
    "ascension": 1,
    "hp": 3674.7497052,
    "attack": 53.0066579,
    "defense": 137.5299705,
    "specialized": 0
  },
  "22": {
    "level": 22,
    "ascension": 1,
    "hp": 3763.0748031999997,
    "attack": 54.2807314,
    "defense": 140.835578,
    "specialized": 0
  },
  "23": {
    "level": 23,
    "ascension": 1,
    "hp": 3851.3999012000004,
    "attack": 55.55480490000001,
    "defense": 144.1411855,
    "specialized": 0
  },
  "24": {
    "level": 24,
    "ascension": 1,
    "hp": 3939.7249992,
    "attack": 56.8288784,
    "defense": 147.446793,
    "specialized": 0
  },
  "25": {
    "level": 25,
    "ascension": 1,
    "hp": 4028.0500972,
    "attack": 58.1029519,
    "defense": 150.7524005,
    "specialized": 0
  },
  "26": {
    "level": 26,
    "ascension": 1,
    "hp": 4117.414314,
    "attack": 59.3920145,
    "defense": 154.0968975,
    "specialized": 0
  },
  "27": {
    "level": 27,
    "ascension": 1,
    "hp": 4205.739412,
    "attack": 60.666088,
    "defense": 157.402505,
    "specialized": 0
  },
  "28": {
    "level": 28,
    "ascension": 1,
    "hp": 4294.064509999999,
    "attack": 61.9401615,
    "defense": 160.70811249999997,
    "specialized": 0
  },
  "29": {
    "level": 29,
    "ascension": 1,
    "hp": 4383.4287268,
    "attack": 63.2292241,
    "defense": 164.0526095,
    "specialized": 0
  },
  "30": {
    "level": 30,
    "ascension": 1,
    "hp": 4471.7538248,
    "attack": 64.5032976,
    "defense": 167.358217,
    "specialized": 0
  },
  "31": {
    "level": 31,
    "ascension": 1,
    "hp": 4561.1180416,
    "attack": 65.7923602,
    "defense": 170.702714,
    "specialized": 0
  },
  "32": {
    "level": 32,
    "ascension": 1,
    "hp": 4650.482258399999,
    "attack": 67.0814228,
    "defense": 174.04721099999998,
    "specialized": 0
  },
  "33": {
    "level": 33,
    "ascension": 1,
    "hp": 4739.8464752,
    "attack": 68.3704854,
    "defense": 177.391708,
    "specialized": 0
  },
  "34": {
    "level": 34,
    "ascension": 1,
    "hp": 4828.1715732,
    "attack": 69.6445589,
    "defense": 180.6973155,
    "specialized": 0
  },
  "35": {
    "level": 35,
    "ascension": 1,
    "hp": 4917.53579,
    "attack": 70.9336215,
    "defense": 184.0418125,
    "specialized": 0
  },
  "36": {
    "level": 36,
    "ascension": 1,
    "hp": 5007.9391256,
    "attack": 72.2376732,
    "defense": 187.425199,
    "specialized": 0
  },
  "37": {
    "level": 37,
    "ascension": 1,
    "hp": 5097.3033424,
    "attack": 73.52673580000001,
    "defense": 190.76969599999998,
    "specialized": 0
  },
  "38": {
    "level": 38,
    "ascension": 1,
    "hp": 5186.6675592,
    "attack": 74.8157984,
    "defense": 194.114193,
    "specialized": 0
  },
  "39": {
    "level": 39,
    "ascension": 1,
    "hp": 5276.031775999999,
    "attack": 76.104861,
    "defense": 197.45869,
    "specialized": 0
  },
  "40": {
    "level": 40,
    "ascension": 1,
    "hp": 5366.4351116,
    "attack": 77.4089127,
    "defense": 200.84207650000002,
    "specialized": 0
  },
  "41": {
    "level": 41,
    "ascension": 2,
    "hp": 6088.8429884,
    "attack": 87.82884729999999,
    "defense": 227.87907349999998,
    "specialized": 0.072
  },
  "42": {
    "level": 42,
    "ascension": 2,
    "hp": 6179.246324,
    "attack": 89.13289900000001,
    "defense": 231.26246,
    "specialized": 0.072
  },
  "43": {
    "level": 43,
    "ascension": 2,
    "hp": 6269.6496596,
    "attack": 90.4369507,
    "defense": 234.6458465,
    "specialized": 0.072
  },
  "44": {
    "level": 44,
    "ascension": 2,
    "hp": 6359.013876399999,
    "attack": 91.72601329999999,
    "defense": 237.99034349999997,
    "specialized": 0.072
  },
  "45": {
    "level": 45,
    "ascension": 2,
    "hp": 6449.417212,
    "attack": 93.03006500000001,
    "defense": 241.37373,
    "specialized": 0.072
  },
  "46": {
    "level": 46,
    "ascension": 2,
    "hp": 6539.820547599999,
    "attack": 94.3341167,
    "defense": 244.7571165,
    "specialized": 0.072
  },
  "47": {
    "level": 47,
    "ascension": 2,
    "hp": 6630.223883199999,
    "attack": 95.6381684,
    "defense": 248.14050299999997,
    "specialized": 0.072
  },
  "48": {
    "level": 48,
    "ascension": 2,
    "hp": 6720.6272188,
    "attack": 96.9422201,
    "defense": 251.5238895,
    "specialized": 0.072
  },
  "49": {
    "level": 49,
    "ascension": 2,
    "hp": 6812.069673200001,
    "attack": 98.26126090000001,
    "defense": 254.9461655,
    "specialized": 0.072
  },
  "50": {
    "level": 50,
    "ascension": 2,
    "hp": 6902.4730088,
    "attack": 99.5653126,
    "defense": 258.329552,
    "specialized": 0.072
  },
  "51": {
    "level": 51,
    "ascension": 3,
    "hp": 7836.9347443999995,
    "attack": 113.0438633,
    "defense": 293.3029385,
    "specialized": 0.144
  },
  "52": {
    "level": 52,