{
  "1": {
    "level": 1,
    "ascension": 0,
    "hp": 820.6119,
    "attack": 13.356,
    "defense": 56.0805,
    "specialized": 0
  },
  "2": {
    "level": 2,
    "ascension": 0,
    "hp": 888.7226876999999,
    "attack": 14.464547999999999,
    "defense": 60.735181499999996,
    "specialized": 0
  },
  "3": {
    "level": 3,
    "ascension": 0,
    "hp": 956.0128635,
    "attack": 15.55974,
    "defense": 65.3337825,
    "specialized": 0
  },
  "4": {
    "level": 4,
    "ascension": 0,
    "hp": 1024.1236512,
    "attack": 16.668288,
    "defense": 69.98846400000001,
    "specialized": 0
  },
  "5": {
    "level": 5,
    "ascension": 0,
    "hp": 1091.413827,
    "attack": 17.76348,
    "defense": 74.58706500000001,
    "specialized": 0
  },
  "6": {
    "level": 6,
    "ascension": 0,
    "hp": 1159.5246147,
    "attack": 18.872028,
    "defense": 79.2417465,
    "specialized": 0
  },
  "7": {
    "level": 7,
    "ascension": 0,
    "hp": 1226.8147905,
    "attack": 19.96722,
    "defense": 83.84034750000001,
    "specialized": 0
  },
  "8": {
    "level": 8,
    "ascension": 0,
    "hp": 1294.9255782,
    "attack": 21.075768,
    "defense": 88.495029,
    "specialized": 0
  },
  "9": {
    "level": 9,
    "ascension": 0,
    "hp": 1363.0363659,
    "attack": 22.184316,
    "defense": 93.1497105,
    "specialized": 0
  },
  "10": {
    "level": 10,
    "ascension": 0,
    "hp": 1430.3265417,
    "attack": 23.279508,
    "defense": 97.74831150000001,
    "specialized": 0
  },
  "11": {
    "level": 11,
    "ascension": 0,
    "hp": 1498.4373294,
    "attack": 24.388056000000002,
    "defense": 102.40299300000001,
    "specialized": 0
  },
  "12": {
    "level": 12,
    "ascension": 0,
    "hp": 1565.7275052,
    "attack": 25.483248,
    "defense": 107.001594,
    "specialized": 0
  },
  "13": {
    "level": 13,
    "ascension": 0,
    "hp": 1633.8382929000002,
    "attack": 26.591796000000002,
    "defense": 111.6562755,
    "specialized": 0
  },
  "14": {
    "level": 14,
    "ascension": 0,
    "hp": 1701.1284687,
    "attack": 27.686988,
    "defense": 116.2548765,
    "specialized": 0
  },
  "15": {
    "level": 15,
    "ascension": 0,
    "hp": 1769.2392564000002,
    "attack": 28.795536000000002,
    "defense": 120.909558,
    "specialized": 0
  },
  "16": {
    "level": 16,
    "ascension": 0,
    "hp": 1837.3500440999999,
    "attack": 29.904083999999997,
    "defense": 125.5642395,
    "specialized": 0
  },
  "17": {
    "level": 17,
    "ascension": 0,
    "hp": 1904.6402199000001,
    "attack": 30.999276000000002,
    "defense": 130.16284050000002,
    "specialized": 0
  },
  "18": {
    "level": 18,
    "ascension": 0,
    "hp": 1972.7510075999999,
    "attack": 32.107824,
    "defense": 134.817522,
    "specialized": 0
  },
  "19": {
    "level": 19,
    "ascension": 0,
    "hp": 2040.0411834000001,
    "attack": 33.203016000000005,
    "defense": 139.41612300000003,
    "specialized": 0
  },
  "20": {
    "level": 20,
    "ascension": 0,
    "hp": 2108.1519711,
    "attack": 34.311564,
    "defense": 144.0708045,
    "specialized": 0
  },
  "21": {
    "level": 21,
    "ascension": 1,
    "hp": 2788.4812469,
    "attack": 45.38460599999999,
    "defense": 190.5644055,
    "specialized": 0
  },
  "22": {
    "level": 22,
    "ascension": 1,
    "hp": 2856.5920346,
    "attack": 46.493154000000004,
    "defense": 195.219087,
    "specialized": 0
  },
  "23": {
    "level": 23,
    "ascension": 1,
    "hp": 2924.7028223,
    "attack": 47.601702,
    "defense": 199.8737685,
    "specialized": 0
  },
  "24": {
    "level": 24,
    "ascension": 1,
    "hp": 2991.9929981,
    "attack": 48.696894,
    "defense": 204.4723695,
    "specialized": 0
  },
  "25": {
    "level": 25,
    "ascension": 1,
    "hp": 3060.1037858,
    "attack": 49.805442,
    "defense": 209.12705100000002,
    "specialized": 0
  },
  "26": {
    "level": 26,
    "ascension": 1,
    "hp": 3127.3939616,
    "attack": 50.900634,
    "defense": 213.72565200000003,
    "specialized": 0
  },
  "27": {
    "level": 27,
    "ascension": 1,
    "hp": 3195.5047492999997,
    "attack": 52.009181999999996,
    "defense": 218.3803335,
    "specialized": 0
  },
  "28": {
    "level": 28,
    "ascension": 1,
    "hp": 3262.7949251,
    "attack": 53.10437400000001,
    "defense": 222.9789345,
    "specialized": 0
  },
  "29": {
    "level": 29,
    "ascension": 1,
    "hp": 3330.9057128,
    "attack": 54.21292199999999,
    "defense": 227.633616,
    "specialized": 0
  },
  "30": {
    "level": 30,
    "ascension": 1,
    "hp": 3398.1958886,
    "attack": 55.308114,
    "defense": 232.23221700000002,
    "specialized": 0
  },
  "31": {
    "level": 31,
    "ascension": 1,
    "hp": 3466.3066762999997,
    "attack": 56.416662,
    "defense": 236.8868985,
    "specialized": 0
  },
  "32": {
    "level": 32,
    "ascension": 1,
    "hp": 3534.417464,
    "attack": 57.52521,
    "defense": 241.54158,
    "specialized": 0
  },
  "33": {
    "level": 33,
    "ascension": 1,
    "hp": 3601.7076398,
    "attack": 58.620402,
    "defense": 246.140181,
    "specialized": 0
  },
  "34": {
    "level": 34,
    "ascension": 1,
    "hp": 3669.8184275,
    "attack": 59.72895,
    "defense": 250.79486250000002,
    "specialized": 0
  },
  "35": {
    "level": 35,
    "ascension": 1,
    "hp": 3737.1086032999997,
    "attack": 60.824141999999995,
    "defense": 255.3934635,
    "specialized": 0
  },
  "36": {
    "level": 36,
    "ascension": 1,
    "hp": 3805.219391,
    "attack": 61.93269000000001,
    "defense": 260.04814500000003,
    "specialized": 0
  },
  "37": {
    "level": 37,
    "ascension": 1,
    "hp": 3872.5095668,
    "attack": 63.027882000000005,
    "defense": 264.646746,
    "specialized": 0
  },
  "38": {
    "level": 38,
    "ascension": 1,
    "hp": 3940.6203545,
    "attack": 64.13642999999999,
    "defense": 269.3014275,
    "specialized": 0
  },
  "39": {
    "level": 39,
    "ascension": 1,
    "hp": 4008.7311422,
    "attack": 65.244978,
    "defense": 273.95610899999997,
    "specialized": 0
  },
  "40": {
    "level": 40,
    "ascension": 1,
    "hp": 4076.0213179999996,
    "attack": 66.34017,
    "defense": 278.55471,
    "specialized": 0
  },
  "41": {
    "level": 41,
    "ascension": 2,
    "hp": 4579.7125057,
    "attack": 74.538243,
    "defense": 312.97689149999997,
    "specialized": 0.06
  },
  "42": {
    "level": 42,
    "ascension": 2,
    "hp": 4647.0026815,
    "attack": 75.63343499999999,
    "defense": 317.5754925,
    "specialized": 0.06
  },
  "43": {
    "level": 43,
    "ascension": 2,
    "hp": 4715.1134692,
    "attack": 76.741983,
    "defense": 322.23017400000003,
    "specialized": 0.06
  },
  "44": {
    "level": 44,
    "ascension": 2,
    "hp": 4782.403644999999,
    "attack": 77.837175,
    "defense": 326.82877499999995,
    "specialized": 0.06
  },
  "45": {
    "level": 45,
    "ascension": 2,
    "hp": 4850.5144327,
    "attack": 78.945723,
    "defense": 331.4834565,
    "specialized": 0.06
  },
  "46": {
    "level": 46,
    "ascension": 2,
    "hp": 4918.6252204,
    "attack": 80.054271,
    "defense": 336.138138,
    "specialized": 0.06
  },
  "47": {
    "level": 47,
    "ascension": 2,
    "hp": 4985.9153962,
    "attack": 81.149463,
    "defense": 340.73673899999994,
    "specialized": 0.06
  },
  "48": {
    "level": 48,
    "ascension": 2,
    "hp": 5054.0261839,
    "attack": 82.258011,
    "defense": 345.3914205,
    "specialized": 0.06
  },
  "49": {
    "level": 49,
    "ascension": 2,
    "hp": 5121.3163597,
    "attack": 83.353203,
    "defense": 349.9900215,
    "specialized": 0.06
  },
  "50": {
    "level": 50,
    "ascension": 2,
    "hp": 5189.4271474,
    "attack": 84.461751,
    "defense": 354.64470300000005,
    "specialized": 0.06
  },
  "51": {
    "level": 51,
    "ascension": 3,
    "hp": 5837.4912232,
    "attack": 95.00964300000001,
    "defense": 398.933304,
    "specialized": 0.12
  },