{
  "1": {
    "level": 1,
    "ascension": 0,
    "hp": 1094.1492,
    "attack": 18.87648,
    "defense": 54.36375,
    "specialized": 0
  },
  "2": {
    "level": 2,
    "ascension": 0,
    "hp": 1184.9635836,
    "attack": 20.44322784,
    "defense": 58.875941250000004,
    "specialized": 0
  },
  "3": {
    "level": 3,
    "ascension": 0,
    "hp": 1274.6838180000002,
    "attack": 21.9910992,
    "defense": 63.333768750000004,
    "specialized": 0
  },
  "4": {
    "level": 4,
    "ascension": 0,
    "hp": 1365.4982016000001,
    "attack": 23.557847040000002,
    "defense": 67.84596,
    "specialized": 0
  },
  "5": {
    "level": 5,
    "ascension": 0,
    "hp": 1455.218436,
    "attack": 25.1057184,
    "defense": 72.30378750000001,
    "specialized": 0
  },
  "6": {
    "level": 6,
    "ascension": 0,
    "hp": 1546.0328196,
    "attack": 26.672466240000002,
    "defense": 76.81597875,
    "specialized": 0
  },
  "7": {
    "level": 7,
    "ascension": 0,
    "hp": 1635.7530540000002,
    "attack": 28.220337600000004,
    "defense": 81.27380625,
    "specialized": 0
  },
  "8": {
    "level": 8,
    "ascension": 0,
    "hp": 1726.5674376000002,
    "attack": 29.787085440000002,
    "defense": 85.78599750000001,
    "specialized": 0
  },
  "9": {
    "level": 9,
    "ascension": 0,
    "hp": 1817.3818212,
    "attack": 31.353833280000003,
    "defense": 90.29818875000001,
    "specialized": 0
  },
  "10": {
    "level": 10,
    "ascension": 0,
    "hp": 1907.1020556000003,
    "attack": 32.901704640000005,
    "defense": 94.75601625000002,
    "specialized": 0
  },
  "11": {
    "level": 11,
    "ascension": 0,
    "hp": 1997.9164392000002,
    "attack": 34.46845248,
    "defense": 99.2682075,
    "specialized": 0
  },
  "12": {
    "level": 12,
    "ascension": 0,
    "hp": 2087.6366736,
    "attack": 36.01632384,
    "defense": 103.726035,
    "specialized": 0
  },
  "13": {
    "level": 13,
    "ascension": 0,
    "hp": 2178.4510572000004,
    "attack": 37.58307168,
    "defense": 108.23822625000001,
    "specialized": 0
  },
  "14": {
    "level": 14,
    "ascension": 0,
    "hp": 2268.1712916,
    "attack": 39.13094304,
    "defense": 112.69605375,
    "specialized": 0
  },
  "15": {
    "level": 15,
    "ascension": 0,
    "hp": 2358.9856752000005,
    "attack": 40.69769088,
    "defense": 117.20824500000002,
    "specialized": 0
  },
  "16": {
    "level": 16,
    "ascension": 0,
    "hp": 2449.8000588,
    "attack": 42.26443872,
    "defense": 121.72043625,
    "specialized": 0
  },
  "17": {
    "level": 17,
    "ascension": 0,
    "hp": 2539.5202932,
    "attack": 43.81231008,
    "defense": 126.17826375000001,
    "specialized": 0
  },
  "18": {
    "level": 18,
    "ascension": 0,
    "hp": 2630.3346768,
    "attack": 45.37905792,
    "defense": 130.69045500000001,
    "specialized": 0
  },
  "19": {
    "level": 19,
    "ascension": 0,
    "hp": 2720.0549112000003,
    "attack": 46.92692928,
    "defense": 135.14828250000002,
    "specialized": 0
  },
  "20": {
    "level": 20,
    "ascension": 0,
    "hp": 2810.8692948000003,
    "attack": 48.49367712,
    "defense": 139.66047375,
    "specialized": 0
  },
  "21": {
    "level": 21,
    "ascension": 1,
    "hp": 3717.9750292,
    "attack": 64.14357648,
    "defense": 184.73080125,
    "specialized": 0
  },
  "22": {
    "level": 22,
    "ascension": 1,
    "hp": 3808.7894128,
    "attack": 65.71032432,
    "defense": 189.2429925,
    "specialized": 0
  },
  "23": {
    "level": 23,
    "ascension": 1,
    "hp": 3899.6037964,
    "attack": 67.27707216,
    "defense": 193.75518375000001,
    "specialized": 0
  },
  "24": {
    "level": 24,
    "ascension": 1,
    "hp": 3989.3240308,
    "attack": 68.82494352,
    "defense": 198.21301125000002,
    "specialized": 0
  },
  "25": {
    "level": 25,
    "ascension": 1,
    "hp": 4080.1384144000003,
    "attack": 70.39169136000001,
    "defense": 202.72520250000002,
    "specialized": 0
  },
  "26": {
    "level": 26,
    "ascension": 1,
    "hp": 4169.8586488,
    "attack": 71.93956272,
    "defense": 207.18303000000003,
    "specialized": 0
  },
  "27": {
    "level": 27,
    "ascension": 1,
    "hp": 4260.6730324,
    "attack": 73.50631056,
    "defense": 211.69522124999997,
    "specialized": 0
  },
  "28": {
    "level": 28,
    "ascension": 1,
    "hp": 4350.393266800001,
    "attack": 75.05418192,
    "defense": 216.15304875000004,
    "specialized": 0
  },
  "29": {
    "level": 29,
    "ascension": 1,
    "hp": 4441.2076504,
    "attack": 76.62092976,
    "defense": 220.66523999999998,
    "specialized": 0
  },
  "30": {
    "level": 30,
    "ascension": 1,
    "hp": 4530.9278848,
    "attack": 78.16880112000001,
    "defense": 225.1230675,
    "specialized": 0
  },
  "31": {
    "level": 31,
    "ascension": 1,
    "hp": 4621.7422684,
    "attack": 79.73554896,
    "defense": 229.63525875,
    "specialized": 0
  },
  "32": {
    "level": 32,
    "ascension": 1,
    "hp": 4712.556652,
    "attack": 81.30229680000001,
    "defense": 234.14745,
    "specialized": 0
  },
  "33": {
    "level": 33,
    "ascension": 1,
    "hp": 4802.2768864,
    "attack": 82.85016816000001,
    "defense": 238.6052775,
    "specialized": 0
  },
  "34": {
    "level": 34,
    "ascension": 1,
    "hp": 4893.091270000001,
    "attack": 84.41691600000001,
    "defense": 243.11746875,
    "specialized": 0
  },
  "35": {
    "level": 35,
    "ascension": 1,
    "hp": 4982.811504400001,
    "attack": 85.96478736,
    "defense": 247.57529625,
    "specialized": 0
  },
  "36": {
    "level": 36,
    "ascension": 1,
    "hp": 5073.6258880000005,
    "attack": 87.53153520000001,
    "defense": 252.0874875,
    "specialized": 0
  },
  "37": {
    "level": 37,
    "ascension": 1,
    "hp": 5163.3461224,
    "attack": 89.07940656000001,
    "defense": 256.545315,
    "specialized": 0
  },
  "38": {
    "level": 38,
    "ascension": 1,
    "hp": 5254.160506,
    "attack": 90.6461544,
    "defense": 261.05750625,
    "specialized": 0
  },
  "39": {
    "level": 39,
    "ascension": 1,
    "hp": 5344.9748896,
    "attack": 92.21290224,
    "defense": 265.5696975,
    "specialized": 0
  },
  "40": {
    "level": 40,
    "ascension": 1,
    "hp": 5434.695124000001,
    "attack": 93.76077360000001,
    "defense": 270.02752499999997,
    "specialized": 0
  },
  "41": {
    "level": 41,
    "ascension": 2,
    "hp": 6106.283307600001,
    "attack": 105.34738344000002,
    "defense": 303.39596625,
    "specialized": 0.06
  },
  "42": {
    "level": 42,
    "ascension": 2,
    "hp": 6196.003542,
    "attack": 106.8952548,
    "defense": 307.85379375,
    "specialized": 0.06
  },
  "43": {
    "level": 43,
    "ascension": 2,
    "hp": 6286.8179256,
    "attack": 108.46200264000001,
    "defense": 312.365985,
    "specialized": 0.06
  },
  "44": {
    "level": 44,
    "ascension": 2,
    "hp": 6376.53816,
    "attack": 110.009874,
    "defense": 316.82381250000003,
    "specialized": 0.06
  },
  "45": {
    "level": 45,
    "ascension": 2,
    "hp": 6467.352543600001,
    "attack": 111.57662184,
    "defense": 321.33600375000003,
    "specialized": 0.06
  },
  "46": {
    "level": 46,
    "ascension": 2,
    "hp": 6558.166927200001,
    "attack": 113.14336968,
    "defense": 325.84819500000003,
    "specialized": 0.06
  },
  "47": {
    "level": 47,
    "ascension": 2,
    "hp": 6647.887161600001,
    "attack": 114.69124104,
    "defense": 330.30602250000004,
    "specialized": 0.06
  },
  "48": {
    "level": 48,
    "ascension": 2,
    "hp": 6738.7015452000005,
    "attack": 116.25798888,
    "defense": 334.81821375000004,
    "specialized": 0.06
  },
  "49": {
    "level": 49,
    "ascension": 2,
    "hp": 6828.4217796,
    "attack": 117.80586024000002,
    "defense": 339.27604125,
    "specialized": 0.06
  },
  "50": {
    "level": 50,
    "ascension": 2,
    "hp": 6919.236163200001,
    "attack": 119.37260808000002,
    "defense": 343.78823250000005,