{
  "1": {
    "level": 1,
    "ascension": 0,
    "hp": 911.791,
    "attack": 17.808,
    "defense": 57.225,
    "specialized": 0
  },
  "2": {
    "level": 2,
    "ascension": 0,
    "hp": 987.469653,
    "attack": 19.286064,
    "defense": 61.974675,
    "specialized": 0
  },
  "3": {
    "level": 3,
    "ascension": 0,
    "hp": 1062.236515,
    "attack": 20.74632,
    "defense": 66.667125,
    "specialized": 0
  },
  "4": {
    "level": 4,
    "ascension": 0,
    "hp": 1137.915168,
    "attack": 22.224384,
    "defense": 71.4168,
    "specialized": 0
  },
  "5": {
    "level": 5,
    "ascension": 0,
    "hp": 1212.6820300000002,
    "attack": 23.68464,
    "defense": 76.10925,
    "specialized": 0
  },
  "6": {
    "level": 6,
    "ascension": 0,
    "hp": 1288.360683,
    "attack": 25.162704,
    "defense": 80.858925,
    "specialized": 0
  },
  "7": {
    "level": 7,
    "ascension": 0,
    "hp": 1363.1275450000003,
    "attack": 26.622960000000003,
    "defense": 85.55137500000001,
    "specialized": 0
  },
  "8": {
    "level": 8,
    "ascension": 0,
    "hp": 1438.8061980000002,
    "attack": 28.101024000000002,
    "defense": 90.30105,
    "specialized": 0
  },
  "9": {
    "level": 9,
    "ascension": 0,
    "hp": 1514.4848510000002,
    "attack": 29.579088,
    "defense": 95.050725,
    "specialized": 0
  },
  "10": {
    "level": 10,
    "ascension": 0,
    "hp": 1589.251713,
    "attack": 31.039344,
    "defense": 99.74317500000001,
    "specialized": 0
  },
  "11": {
    "level": 11,
    "ascension": 0,
    "hp": 1664.930366,
    "attack": 32.517408,
    "defense": 104.49285,
    "specialized": 0
  },
  "12": {
    "level": 12,
    "ascension": 0,
    "hp": 1739.697228,
    "attack": 33.977664,
    "defense": 109.1853,
    "specialized": 0
  },
  "13": {
    "level": 13,
    "ascension": 0,
    "hp": 1815.3758810000002,
    "attack": 35.455728,
    "defense": 113.93497500000001,
    "specialized": 0
  },
  "14": {
    "level": 14,
    "ascension": 0,
    "hp": 1890.142743,
    "attack": 36.915984,
    "defense": 118.627425,
    "specialized": 0
  },
  "15": {
    "level": 15,
    "ascension": 0,
    "hp": 1965.8213960000003,
    "attack": 38.394048000000005,
    "defense": 123.37710000000001,
    "specialized": 0
  },
  "16": {
    "level": 16,
    "ascension": 0,
    "hp": 2041.500049,
    "attack": 39.872111999999994,
    "defense": 128.126775,
    "specialized": 0
  },
  "17": {
    "level": 17,
    "ascension": 0,
    "hp": 2116.266911,
    "attack": 41.332368,
    "defense": 132.81922500000002,
    "specialized": 0
  },
  "18": {
    "level": 18,
    "ascension": 0,
    "hp": 2191.945564,
    "attack": 42.810432,
    "defense": 137.56889999999999,
    "specialized": 0
  },
  "19": {
    "level": 19,
    "ascension": 0,
    "hp": 2266.7124260000005,
    "attack": 44.270688,
    "defense": 142.26135000000002,
    "specialized": 0
  },
  "20": {
    "level": 20,
    "ascension": 0,
    "hp": 2342.391079,
    "attack": 45.748751999999996,
    "defense": 147.011025,
    "specialized": 0
  },
  "21": {
    "level": 21,
    "ascension": 1,
    "hp": 3098.312481,
    "attack": 60.512808,
    "defense": 194.453475,
    "specialized": 0
  },
  "22": {
    "level": 22,
    "ascension": 1,
    "hp": 3173.9911340000003,
    "attack": 61.990872,
    "defense": 199.20315,
    "specialized": 0
  },
  "23": {
    "level": 23,
    "ascension": 1,
    "hp": 3249.6697870000003,
    "attack": 63.46893600000001,
    "defense": 203.95282500000002,
    "specialized": 0
  },
  "24": {
    "level": 24,
    "ascension": 1,
    "hp": 3324.436649,
    "attack": 64.929192,
    "defense": 208.645275,
    "specialized": 0
  },
  "25": {
    "level": 25,
    "ascension": 1,
    "hp": 3400.115302,
    "attack": 66.407256,
    "defense": 213.39495000000002,
    "specialized": 0
  },
  "26": {
    "level": 26,
    "ascension": 1,
    "hp": 3474.882164,
    "attack": 67.867512,
    "defense": 218.0874,
    "specialized": 0
  },
  "27": {
    "level": 27,
    "ascension": 1,
    "hp": 3550.560817,
    "attack": 69.345576,
    "defense": 222.837075,
    "specialized": 0
  },
  "28": {
    "level": 28,
    "ascension": 1,
    "hp": 3625.3276790000004,
    "attack": 70.805832,
    "defense": 227.529525,
    "specialized": 0
  },
  "29": {
    "level": 29,
    "ascension": 1,
    "hp": 3701.006332,
    "attack": 72.283896,
    "defense": 232.2792,
    "specialized": 0
  },
  "30": {
    "level": 30,
    "ascension": 1,
    "hp": 3775.7731940000003,
    "attack": 73.744152,
    "defense": 236.97165,
    "specialized": 0
  },
  "31": {
    "level": 31,
    "ascension": 1,
    "hp": 3851.4518470000003,
    "attack": 75.222216,
    "defense": 241.721325,
    "specialized": 0
  },
  "32": {
    "level": 32,
    "ascension": 1,
    "hp": 3927.1305,
    "attack": 76.70027999999999,
    "defense": 246.471,
    "specialized": 0
  },
  "33": {
    "level": 33,
    "ascension": 1,
    "hp": 4001.897362,
    "attack": 78.160536,
    "defense": 251.16345,
    "specialized": 0
  },
  "34": {
    "level": 34,
    "ascension": 1,
    "hp": 4077.576015,
    "attack": 79.6386,
    "defense": 255.913125,
    "specialized": 0
  },
  "35": {
    "level": 35,
    "ascension": 1,
    "hp": 4152.342877,
    "attack": 81.098856,
    "defense": 260.60557500000004,
    "specialized": 0
  },
  "36": {
    "level": 36,
    "ascension": 1,
    "hp": 4228.02153,
    "attack": 82.57692,
    "defense": 265.35525,
    "specialized": 0
  },
  "37": {
    "level": 37,
    "ascension": 1,
    "hp": 4302.788392,
    "attack": 84.03717599999999,
    "defense": 270.04769999999996,
    "specialized": 0
  },
  "38": {
    "level": 38,
    "ascension": 1,
    "hp": 4378.467044999999,
    "attack": 85.51523999999999,
    "defense": 274.797375,
    "specialized": 0
  },
  "39": {
    "level": 39,
    "ascension": 1,
    "hp": 4454.145698,
    "attack": 86.993304,
    "defense": 279.54705,
    "specialized": 0
  },
  "40": {
    "level": 40,
    "ascension": 1,
    "hp": 4528.912560000001,
    "attack": 88.45356,
    "defense": 284.2395,
    "specialized": 0
  },
  "41": {
    "level": 41,
    "ascension": 2,
    "hp": 5088.5694730000005,
    "attack": 99.384324,
    "defense": 319.364175,
    "specialized": 0.06
  },
  "42": {
    "level": 42,
    "ascension": 2,
    "hp": 5163.336335,
    "attack": 100.84458,
    "defense": 324.056625,
    "specialized": 0.06
  },
  "43": {
    "level": 43,
    "ascension": 2,
    "hp": 5239.014988,
    "attack": 102.322644,
    "defense": 328.80629999999996,
    "specialized": 0.06
  },
  "44": {
    "level": 44,
    "ascension": 2,
    "hp": 5313.78185,
    "attack": 103.7829,
    "defense": 333.49875,
    "specialized": 0.06
  },
  "45": {
    "level": 45,
    "ascension": 2,
    "hp": 5389.460503,
    "attack": 105.260964,
    "defense": 338.248425,
    "specialized": 0.06
  },
  "46": {
    "level": 46,
    "ascension": 2,
    "hp": 5465.139156000001,
    "attack": 106.739028,
    "defense": 342.9981,
    "specialized": 0.06
  },
  "47": {
    "level": 47,
    "ascension": 2,
    "hp": 5539.906018000001,
    "attack": 108.199284,
    "defense": 347.69055000000003,
    "specialized": 0.06
  },
  "48": {
    "level": 48,
    "ascension": 2,
    "hp": 5615.5846710000005,
    "attack": 109.67734800000001,
    "defense": 352.440225,
    "specialized": 0.06
  },
  "49": {
    "level": 49,
    "ascension": 2,
    "hp": 5690.351533000001,
    "attack": 111.137604,
    "defense": 357.132675,
    "specialized": 0.06
  },
  "50": {
    "level": 50,
    "ascension": 2,
    "hp": 5766.030186000001,
    "attack": 112.615668,
    "defense": 361.88235000000003,
    "specialized": 0.06
  },
  "51": {
    "level": 51,
    "ascension": 3,
    "hp": 6486.101348,
    "attack": 126.679524,
    "defense": 407.07480000000004,
    "specialized": 0.12
  },
  "52": {
    "level": 52,
    "ascension": 3,
    "hp": 6561.780001000001,
    "attack": 128.157588,
    "defense": 411.824475,