{
  "1": {
    "level": 1,
    "ascension": 0,
    "hp": 902.6731,
    "attack": 14.51352,
    "defense": 45.78,
    "specialized": 0
  },
  "2": {
    "level": 2,
    "ascension": 0,
    "hp": 977.5949672999999,
    "attack": 15.71814216,
    "defense": 49.57974,
    "specialized": 0
  },
  "3": {
    "level": 3,
    "ascension": 0,
    "hp": 1051.6141615,
    "attack": 16.9082508,
    "defense": 53.3337,
    "specialized": 0
  },
  "4": {
    "level": 4,
    "ascension": 0,
    "hp": 1126.5360288,
    "attack": 18.11287296,
    "defense": 57.13344,
    "specialized": 0
  },
  "5": {
    "level": 5,
    "ascension": 0,
    "hp": 1200.555223,
    "attack": 19.3029816,
    "defense": 60.88740000000001,
    "specialized": 0
  },
  "6": {
    "level": 6,
    "ascension": 0,
    "hp": 1275.4770903,
    "attack": 20.50760376,
    "defense": 64.68714,
    "specialized": 0
  },
  "7": {
    "level": 7,
    "ascension": 0,
    "hp": 1349.4962845,
    "attack": 21.6977124,
    "defense": 68.4411,
    "specialized": 0
  },
  "8": {
    "level": 8,
    "ascension": 0,
    "hp": 1424.4181518,
    "attack": 22.90233456,
    "defense": 72.24084,
    "specialized": 0
  },
  "9": {
    "level": 9,
    "ascension": 0,
    "hp": 1499.3400191,
    "attack": 24.10695672,
    "defense": 76.04058,
    "specialized": 0
  },
  "10": {
    "level": 10,
    "ascension": 0,
    "hp": 1573.3592133,
    "attack": 25.29706536,
    "defense": 79.79454000000001,
    "specialized": 0
  },
  "11": {
    "level": 11,
    "ascension": 0,
    "hp": 1648.2810806,
    "attack": 26.50168752,
    "defense": 83.59428000000001,
    "specialized": 0
  },
  "12": {
    "level": 12,
    "ascension": 0,
    "hp": 1722.3002748,
    "attack": 27.69179616,
    "defense": 87.34824,
    "specialized": 0
  },
  "13": {
    "level": 13,
    "ascension": 0,
    "hp": 1797.2221421000002,
    "attack": 28.896418320000002,
    "defense": 91.14798,
    "specialized": 0
  },
  "14": {
    "level": 14,
    "ascension": 0,
    "hp": 1871.2413362999998,
    "attack": 30.08652696,
    "defense": 94.90194,
    "specialized": 0
  },
  "15": {
    "level": 15,
    "ascension": 0,
    "hp": 1946.1632036,
    "attack": 31.29114912,
    "defense": 98.70168000000001,
    "specialized": 0
  },
  "16": {
    "level": 16,
    "ascension": 0,
    "hp": 2021.0850709,
    "attack": 32.49577128,
    "defense": 102.50142,
    "specialized": 0
  },
  "17": {
    "level": 17,
    "ascension": 0,
    "hp": 2095.1042651000002,
    "attack": 33.685879920000005,
    "defense": 106.25538000000002,
    "specialized": 0
  },
  "18": {
    "level": 18,
    "ascension": 0,
    "hp": 2170.0261324,
    "attack": 34.89050208,
    "defense": 110.05512,
    "specialized": 0
  },
  "19": {
    "level": 19,
    "ascension": 0,
    "hp": 2244.0453266,
    "attack": 36.08061072,
    "defense": 113.80908000000001,
    "specialized": 0
  },
  "20": {
    "level": 20,
    "ascension": 0,
    "hp": 2318.9671939,
    "attack": 37.285232879999995,
    "defense": 117.60882,
    "specialized": 0
  },
  "21": {
    "level": 21,
    "ascension": 1,
    "hp": 3067.3293880999995,
    "attack": 49.31793851999999,
    "defense": 155.56278,
    "specialized": 0
  },
  "22": {
    "level": 22,
    "ascension": 1,
    "hp": 3142.2512554,
    "attack": 50.52256068,
    "defense": 159.36252000000002,
    "specialized": 0
  },
  "23": {
    "level": 23,
    "ascension": 1,
    "hp": 3217.1731227,
    "attack": 51.72718284,
    "defense": 163.16226,
    "specialized": 0
  },
  "24": {
    "level": 24,
    "ascension": 1,
    "hp": 3291.1923168999997,
    "attack": 52.917291479999996,
    "defense": 166.91622,
    "specialized": 0
  },
  "25": {
    "level": 25,
    "ascension": 1,
    "hp": 3366.1141842,
    "attack": 54.12191364,
    "defense": 170.71596,
    "specialized": 0
  },
  "26": {
    "level": 26,
    "ascension": 1,
    "hp": 3440.1333784,
    "attack": 55.31202228,
    "defense": 174.46992,
    "specialized": 0
  },
  "27": {
    "level": 27,
    "ascension": 1,
    "hp": 3515.0552456999994,
    "attack": 56.51664443999999,
    "defense": 178.26966,
    "specialized": 0
  },
  "28": {
    "level": 28,
    "ascension": 1,
    "hp": 3589.0744399,
    "attack": 57.70675308,
    "defense": 182.02362,
    "specialized": 0
  },
  "29": {
    "level": 29,
    "ascension": 1,
    "hp": 3663.9963071999996,
    "attack": 58.91137523999999,
    "defense": 185.82335999999998,
    "specialized": 0
  },
  "30": {
    "level": 30,
    "ascension": 1,
    "hp": 3738.0155013999997,
    "attack": 60.101483879999996,
    "defense": 189.57732,
    "specialized": 0
  },
  "31": {
    "level": 31,
    "ascension": 1,
    "hp": 3812.9373686999998,
    "attack": 61.306106039999996,
    "defense": 193.37706000000003,
    "specialized": 0
  },
  "32": {
    "level": 32,
    "ascension": 1,
    "hp": 3887.859236,
    "attack": 62.510728199999996,
    "defense": 197.17680000000001,
    "specialized": 0
  },
  "33": {
    "level": 33,
    "ascension": 1,
    "hp": 3961.8784301999995,
    "attack": 63.700836839999994,
    "defense": 200.93076000000002,
    "specialized": 0
  },
  "34": {
    "level": 34,
    "ascension": 1,
    "hp": 4036.8002975,
    "attack": 64.90545900000001,
    "defense": 204.7305,
    "specialized": 0
  },
  "35": {
    "level": 35,
    "ascension": 1,
    "hp": 4110.8194917,
    "attack": 66.09556764,
    "defense": 208.48446,
    "specialized": 0
  },
  "36": {
    "level": 36,
    "ascension": 1,
    "hp": 4185.741359,
    "attack": 67.3001898,
    "defense": 212.2842,
    "specialized": 0
  },
  "37": {
    "level": 37,
    "ascension": 1,
    "hp": 4259.7605532,
    "attack": 68.49029844,
    "defense": 216.03816,
    "specialized": 0
  },
  "38": {
    "level": 38,
    "ascension": 1,
    "hp": 4334.682420499999,
    "attack": 69.6949206,
    "defense": 219.8379,
    "specialized": 0
  },
  "39": {
    "level": 39,
    "ascension": 1,
    "hp": 4409.6042878,
    "attack": 70.89954276,
    "defense": 223.63763999999998,
    "specialized": 0
  },
  "40": {
    "level": 40,
    "ascension": 1,
    "hp": 4483.623482,
    "attack": 72.0896514,
    "defense": 227.39159999999998,
    "specialized": 0
  },
  "41": {
    "level": 41,
    "ascension": 2,
    "hp": 5037.683749299999,
    "attack": 80.99822356,
    "defense": 255.49134,
    "specialized": 0.06
  },
  "42": {
    "level": 42,
    "ascension": 2,
    "hp": 5111.7029434999995,
    "attack": 82.18833219999999,
    "defense": 259.2453,
    "specialized": 0.06
  },
  "43": {
    "level": 43,
    "ascension": 2,
    "hp": 5186.6248108,
    "attack": 83.39295436,
    "defense": 263.04504,
    "specialized": 0.06
  },
  "44": {
    "level": 44,
    "ascension": 2,
    "hp": 5260.644004999999,
    "attack": 84.583063,
    "defense": 266.799,
    "specialized": 0.06
  },
  "45": {
    "level": 45,
    "ascension": 2,
    "hp": 5335.5658723,
    "attack": 85.78768516000001,
    "defense": 270.59874,
    "specialized": 0.06
  },
  "46": {
    "level": 46,
    "ascension": 2,
    "hp": 5410.4877396,
    "attack": 86.99230732000001,
    "defense": 274.39848,
    "specialized": 0.06
  },
  "47": {
    "level": 47,
    "ascension": 2,
    "hp": 5484.506933799999,
    "attack": 88.18241596,
    "defense": 278.15244,
    "specialized": 0.06
  },
  "48": {
    "level": 48,
    "ascension": 2,
    "hp": 5559.4288011,
    "attack": 89.38703812,
    "defense": 281.95218,
    "specialized": 0.06
  },
  "49": {
    "level": 49,
    "ascension": 2,
    "hp": 5633.4479953,
    "attack": 90.57714676,
    "defense": 285.70614,
    "specialized": 0.06
  },
  "50": {
    "level": 50,
    "ascension": 2,
    "hp": 5708.3698626,
    "attack": 91.78176892,
    "defense": 289.50588000000005,
    "specialized": 0.06
  },
  "51": {
    "level": 51,
    "ascension": 3,
    "hp": 6421.2404568,
    "attack": 103.24381156000001,
    "defense": 325.65984000000003,
    "specialized": 0.12
  },
  "52": {
    "level": 52,
    "ascension": 3,