{
  "1": {
    "level": 1,
    "ascension": 0,
    "hp": 890.4009,
    "attack": 25.137,
    "defense": 74.1892,
    "specialized": 0.05
  },
  "2": {
    "level": 2,
    "ascension": 0,
    "hp": 964.3041747,
    "attack": 27.223371,
    "defense": 80.34690359999999,
    "specialized": 0.05
  },
  "3": {
    "level": 3,
    "ascension": 0,
    "hp": 1038.2074493999999,
    "attack": 29.309742,
    "defense": 86.5046072,
    "specialized": 0.05
  },
  "4": {
    "level": 4,
    "ascension": 0,
    "hp": 1113.001125,
    "attack": 31.42125,
    "defense": 92.7365,
    "specialized": 0.05
  },
  "5": {
    "level": 5,
    "ascension": 0,
    "hp": 1186.9043996999999,
    "attack": 33.507621,
    "defense": 98.8942036,
    "specialized": 0.05
  },
  "6": {
    "level": 6,
    "ascension": 0,
    "hp": 1261.6980753,
    "attack": 35.619129,
    "defense": 105.12609640000001,
    "specialized": 0.05
  },
  "7": {
    "level": 7,
    "ascension": 0,
    "hp": 1335.60135,
    "attack": 37.7055,
    "defense": 111.2838,
    "specialized": 0.05
  },
  "8": {
    "level": 8,
    "ascension": 0,
    "hp": 1410.3950256,
    "attack": 39.817008,
    "defense": 117.51569280000001,
    "specialized": 0.05
  },
  "9": {
    "level": 9,
    "ascension": 0,
    "hp": 1485.1887012,
    "attack": 41.928516,
    "defense": 123.7475856,
    "specialized": 0.05
  },
  "10": {
    "level": 10,
    "ascension": 0,
    "hp": 1559.0919758999999,
    "attack": 44.014886999999995,
    "defense": 129.9052892,
    "specialized": 0.05
  },
  "11": {
    "level": 11,
    "ascension": 0,
    "hp": 1633.8856515,
    "attack": 46.126395,
    "defense": 136.137182,
    "specialized": 0.05
  },
  "12": {
    "level": 12,
    "ascension": 0,
    "hp": 1708.6793271,
    "attack": 48.237903,
    "defense": 142.3690748,
    "specialized": 0.05
  },
  "13": {
    "level": 13,
    "ascension": 0,
    "hp": 1783.4730027,
    "attack": 50.349411,
    "defense": 148.60096760000002,
    "specialized": 0.05
  },
  "14": {
    "level": 14,
    "ascension": 0,
    "hp": 1859.1570792,
    "attack": 52.486056000000005,
    "defense": 154.9070496,
    "specialized": 0.05
  },
  "15": {
    "level": 15,
    "ascension": 0,
    "hp": 1933.9507548000001,
    "attack": 54.597564000000006,
    "defense": 161.13894240000002,
    "specialized": 0.05
  },
  "16": {
    "level": 16,
    "ascension": 0,
    "hp": 2008.7444303999998,
    "attack": 56.709072,
    "defense": 167.3708352,
    "specialized": 0.05
  },
  "17": {
    "level": 17,
    "ascension": 0,
    "hp": 2084.4285069000002,
    "attack": 58.84571700000001,
    "defense": 173.67691720000002,
    "specialized": 0.05
  },
  "18": {
    "level": 18,
    "ascension": 0,
    "hp": 2159.2221824999997,
    "attack": 60.957224999999994,
    "defense": 179.90881,
    "specialized": 0.05
  },
  "19": {
    "level": 19,
    "ascension": 0,
    "hp": 2234.906259,
    "attack": 63.093869999999995,
    "defense": 186.214892,
    "specialized": 0.05
  },
  "20": {
    "level": 20,
    "ascension": 0,
    "hp": 2309.6999346,
    "attack": 65.205378,
    "defense": 192.4467848,
    "specialized": 0.05
  },
  "21": {
    "level": 21,
    "ascension": 1,
    "hp": 3148.8222410999997,
    "attack": 88.893153,
    "defense": 262.3648668,
    "specialized": 0.05
  },
  "22": {
    "level": 22,
    "ascension": 1,
    "hp": 3224.5063175999994,
    "attack": 91.029798,
    "defense": 268.6709488,
    "specialized": 0.05
  },
  "23": {
    "level": 23,
    "ascension": 1,
    "hp": 3300.1903941,
    "attack": 93.166443,
    "defense": 274.9770308,
    "specialized": 0.05
  },
  "24": {
    "level": 24,
    "ascension": 1,
    "hp": 3375.8744705999998,
    "attack": 95.303088,
    "defense": 281.2831128,
    "specialized": 0.05
  },
  "25": {
    "level": 25,
    "ascension": 1,
    "hp": 3451.5585471000004,
    "attack": 97.439733,
    "defense": 287.58919480000003,
    "specialized": 0.05
  },
  "26": {
    "level": 26,
    "ascension": 1,
    "hp": 3528.1330245,
    "attack": 99.601515,
    "defense": 293.969466,
    "specialized": 0.05
  },
  "27": {
    "level": 27,
    "ascension": 1,
    "hp": 3603.8171009999996,
    "attack": 101.73816000000001,
    "defense": 300.275548,
    "specialized": 0.05
  },
  "28": {
    "level": 28,
    "ascension": 1,
    "hp": 3679.5011775000003,
    "attack": 103.874805,
    "defense": 306.58163,
    "specialized": 0.05
  },
  "29": {
    "level": 29,
    "ascension": 1,
    "hp": 3756.0756549,
    "attack": 106.03658700000001,
    "defense": 312.9619012,
    "specialized": 0.05
  },
  "30": {
    "level": 30,
    "ascension": 1,
    "hp": 3831.7597314000004,
    "attack": 108.17323200000001,
    "defense": 319.2679832,
    "specialized": 0.05
  },
  "31": {
    "level": 31,
    "ascension": 1,
    "hp": 3908.3342088,
    "attack": 110.335014,
    "defense": 325.64825440000004,
    "specialized": 0.05
  },
  "32": {
    "level": 32,
    "ascension": 1,
    "hp": 3984.9086861999995,
    "attack": 112.496796,
    "defense": 332.0285256,
    "specialized": 0.05
  },
  "33": {
    "level": 33,
    "ascension": 1,
    "hp": 4061.4831636,
    "attack": 114.658578,
    "defense": 338.40879680000006,
    "specialized": 0.05
  },
  "34": {
    "level": 34,
    "ascension": 1,
    "hp": 4137.1672401,
    "attack": 116.79522300000001,
    "defense": 344.7148788,
    "specialized": 0.05
  },
  "35": {
    "level": 35,
    "ascension": 1,
    "hp": 4213.7417175,
    "attack": 118.95700500000001,
    "defense": 351.09515000000005,
    "specialized": 0.05
  },
  "36": {
    "level": 36,
    "ascension": 1,
    "hp": 4291.2065958,
    "attack": 121.14392400000001,
    "defense": 357.54961040000006,
    "specialized": 0.05
  },
  "37": {
    "level": 37,
    "ascension": 1,
    "hp": 4367.7810732,
    "attack": 123.305706,
    "defense": 363.92988160000004,
    "specialized": 0.05
  },
  "38": {
    "level": 38,
    "ascension": 1,
    "hp": 4444.3555506,
    "attack": 125.46748800000002,
    "defense": 370.3101528,
    "specialized": 0.05
  },
  "39": {
    "level": 39,
    "ascension": 1,
    "hp": 4520.930028,
    "attack": 127.62926999999999,
    "defense": 376.690424,
    "specialized": 0.05
  },
  "40": {
    "level": 40,
    "ascension": 1,
    "hp": 4598.3949063,
    "attack": 129.816189,
    "defense": 383.1448844,
    "specialized": 0.05
  },
  "41": {
    "level": 41,
    "ascension": 2,
    "hp": 5217.4123537,
    "attack": 147.290614,
    "defense": 434.7231556,
    "specialized": 0.098
  },
  "42": {
    "level": 42,
    "ascension": 2,
    "hp": 5294.877232000001,
    "attack": 149.47753300000002,
    "defense": 441.17761600000006,
    "specialized": 0.098
  },
  "43": {
    "level": 43,
    "ascension": 2,
    "hp": 5372.3421103,
    "attack": 151.664452,
    "defense": 447.6320764,
    "specialized": 0.098
  },
  "44": {
    "level": 44,
    "ascension": 2,
    "hp": 5448.9165877,
    "attack": 153.826234,
    "defense": 454.01234759999994,
    "specialized": 0.098
  },
  "45": {
    "level": 45,
    "ascension": 2,
    "hp": 5526.381466,
    "attack": 156.01315300000002,
    "defense": 460.466808,
    "specialized": 0.098
  },
  "46": {
    "level": 46,
    "ascension": 2,
    "hp": 5603.8463443,
    "attack": 158.200072,
    "defense": 466.9212684,
    "specialized": 0.098
  },
  "47": {
    "level": 47,
    "ascension": 2,
    "hp": 5681.311222599999,
    "attack": 160.386991,
    "defense": 473.3757288,
    "specialized": 0.098
  },
  "48": {
    "level": 48,
    "ascension": 2,
    "hp": 5758.7761009,
    "attack": 162.57391,
    "defense": 479.8301892,
    "specialized": 0.098
  },
  "49": {
    "level": 49,
    "ascension": 2,
    "hp": 5837.1313801,
    "attack": 164.785966,
    "defense": 486.35883880000006,
    "specialized": 0.098
  },
  "50": {
    "level": 50,
    "ascension": 2,
    "hp": 5914.5962584,
    "attack": 166.97288500000002,
    "defense": 492.8132992,
    "specialized": 0.098
  },
  "51": {
    "level": 51,