{
  "1": {
    "level": 1,
    "ascension": 0,
    "hp": 920.90894,
    "attack": 18.6984,
    "defense": 54.36375,
    "specialized": 0
  },
  "2": {
    "level": 2,
    "ascension": 0,
    "hp": 997.34438202,
    "attack": 20.2503672,
    "defense": 58.875941250000004,
    "specialized": 0
  },
  "3": {
    "level": 3,
    "ascension": 0,
    "hp": 1072.8589151,
    "attack": 21.783636,
    "defense": 63.333768750000004,
    "specialized": 0
  },
  "4": {
    "level": 4,
    "ascension": 0,
    "hp": 1149.29435712,
    "attack": 23.335603199999998,
    "defense": 67.84596,
    "specialized": 0
  },
  "5": {
    "level": 5,
    "ascension": 0,
    "hp": 1224.8088902000002,
    "attack": 24.868872,
    "defense": 72.30378750000001,
    "specialized": 0
  },
  "6": {
    "level": 6,
    "ascension": 0,
    "hp": 1301.2443322200002,
    "attack": 26.4208392,
    "defense": 76.81597875,
    "specialized": 0
  },
  "7": {
    "level": 7,
    "ascension": 0,
    "hp": 1376.7588653000003,
    "attack": 27.954108,
    "defense": 81.27380625,
    "specialized": 0
  },
  "8": {
    "level": 8,
    "ascension": 0,
    "hp": 1453.19430732,
    "attack": 29.5060752,
    "defense": 85.78599750000001,
    "specialized": 0
  },
  "9": {
    "level": 9,
    "ascension": 0,
    "hp": 1529.62974934,
    "attack": 31.058042399999998,
    "defense": 90.29818875000001,
    "specialized": 0
  },
  "10": {
    "level": 10,
    "ascension": 0,
    "hp": 1605.14428242,
    "attack": 32.5913112,
    "defense": 94.75601625000002,
    "specialized": 0
  },
  "11": {
    "level": 11,
    "ascension": 0,
    "hp": 1681.57972444,
    "attack": 34.1432784,
    "defense": 99.2682075,
    "specialized": 0
  },
  "12": {
    "level": 12,
    "ascension": 0,
    "hp": 1757.09425752,
    "attack": 35.676547199999995,
    "defense": 103.726035,
    "specialized": 0
  },
  "13": {
    "level": 13,
    "ascension": 0,
    "hp": 1833.5296995400001,
    "attack": 37.2285144,
    "defense": 108.23822625000001,
    "specialized": 0
  },
  "14": {
    "level": 14,
    "ascension": 0,
    "hp": 1909.04423262,
    "attack": 38.761783199999996,
    "defense": 112.69605375,
    "specialized": 0
  },
  "15": {
    "level": 15,
    "ascension": 0,
    "hp": 1985.4796746400002,
    "attack": 40.3137504,
    "defense": 117.20824500000002,
    "specialized": 0
  },
  "16": {
    "level": 16,
    "ascension": 0,
    "hp": 2061.91511666,
    "attack": 41.865717599999996,
    "defense": 121.72043625,
    "specialized": 0
  },
  "17": {
    "level": 17,
    "ascension": 0,
    "hp": 2137.42964974,
    "attack": 43.398986400000005,
    "defense": 126.17826375000001,
    "specialized": 0
  },
  "18": {
    "level": 18,
    "ascension": 0,
    "hp": 2213.86509176,
    "attack": 44.9509536,
    "defense": 130.69045500000001,
    "specialized": 0
  },
  "19": {
    "level": 19,
    "ascension": 0,
    "hp": 2289.3796248400004,
    "attack": 46.4842224,
    "defense": 135.14828250000002,
    "specialized": 0
  },
  "20": {
    "level": 20,
    "ascension": 0,
    "hp": 2365.81506686,
    "attack": 48.0361896,
    "defense": 139.66047375,
    "specialized": 0
  },
  "21": {
    "level": 21,
    "ascension": 1,
    "hp": 3129.29569994,
    "attack": 63.53844839999999,
    "defense": 184.73080125,
    "specialized": 0
  },
  "22": {
    "level": 22,
    "ascension": 1,
    "hp": 3205.73114196,
    "attack": 65.0904156,
    "defense": 189.2429925,
    "specialized": 0
  },
  "23": {
    "level": 23,
    "ascension": 1,
    "hp": 3282.1665839800003,
    "attack": 66.64238280000001,
    "defense": 193.75518375000001,
    "specialized": 0
  },
  "24": {
    "level": 24,
    "ascension": 1,
    "hp": 3357.6811170600004,
    "attack": 68.1756516,
    "defense": 198.21301125000002,
    "specialized": 0
  },
  "25": {
    "level": 25,
    "ascension": 1,
    "hp": 3434.1165590800006,
    "attack": 69.7276188,
    "defense": 202.72520250000002,
    "specialized": 0
  },
  "26": {
    "level": 26,
    "ascension": 1,
    "hp": 3509.63109216,
    "attack": 71.2608876,
    "defense": 207.18303000000003,
    "specialized": 0
  },
  "27": {
    "level": 27,
    "ascension": 1,
    "hp": 3586.06653418,
    "attack": 72.8128548,
    "defense": 211.69522124999997,
    "specialized": 0
  },
  "28": {
    "level": 28,
    "ascension": 1,
    "hp": 3661.58106726,
    "attack": 74.3461236,
    "defense": 216.15304875000004,
    "specialized": 0
  },
  "29": {
    "level": 29,
    "ascension": 1,
    "hp": 3738.0165092800003,
    "attack": 75.89809079999999,
    "defense": 220.66523999999998,
    "specialized": 0
  },
  "30": {
    "level": 30,
    "ascension": 1,
    "hp": 3813.5310423600004,
    "attack": 77.43135960000001,
    "defense": 225.1230675,
    "specialized": 0
  },
  "31": {
    "level": 31,
    "ascension": 1,
    "hp": 3889.96648438,
    "attack": 78.9833268,
    "defense": 229.63525875,
    "specialized": 0
  },
  "32": {
    "level": 32,
    "ascension": 1,
    "hp": 3966.4019264000003,
    "attack": 80.53529400000001,
    "defense": 234.14745,
    "specialized": 0
  },
  "33": {
    "level": 33,
    "ascension": 1,
    "hp": 4041.91645948,
    "attack": 82.0685628,
    "defense": 238.6052775,
    "specialized": 0
  },
  "34": {
    "level": 34,
    "ascension": 1,
    "hp": 4118.3519015,
    "attack": 83.62053,
    "defense": 243.11746875,
    "specialized": 0
  },
  "35": {
    "level": 35,
    "ascension": 1,
    "hp": 4193.86643458,
    "attack": 85.1537988,
    "defense": 247.57529625,
    "specialized": 0
  },
  "36": {
    "level": 36,
    "ascension": 1,
    "hp": 4270.3018766000005,
    "attack": 86.70576600000001,
    "defense": 252.0874875,
    "specialized": 0
  },
  "37": {
    "level": 37,
    "ascension": 1,
    "hp": 4345.81640968,
    "attack": 88.2390348,
    "defense": 256.545315,
    "specialized": 0
  },
  "38": {
    "level": 38,
    "ascension": 1,
    "hp": 4422.2518517,
    "attack": 89.79100199999999,
    "defense": 261.05750625,
    "specialized": 0
  },
  "39": {
    "level": 39,
    "ascension": 1,
    "hp": 4498.68729372,
    "attack": 91.3429692,
    "defense": 265.5696975,
    "specialized": 0
  },
  "40": {
    "level": 40,
    "ascension": 1,
    "hp": 4574.2018268,
    "attack": 92.876238,
    "defense": 270.02752499999997,
    "specialized": 0
  },
  "41": {
    "level": 41,
    "ascension": 2,
    "hp": 5139.45536882,
    "attack": 104.3535402,
    "defense": 303.39596625,
    "specialized": 0.06
  },
  "42": {
    "level": 42,
    "ascension": 2,
    "hp": 5214.9699019,
    "attack": 105.88680899999999,
    "defense": 307.85379375,
    "specialized": 0.06
  },
  "43": {
    "level": 43,
    "ascension": 2,
    "hp": 5291.40534392,
    "attack": 107.43877619999999,
    "defense": 312.365985,
    "specialized": 0.06
  },
  "44": {
    "level": 44,
    "ascension": 2,
    "hp": 5366.919877,
    "attack": 108.972045,
    "defense": 316.82381250000003,
    "specialized": 0.06
  },
  "45": {
    "level": 45,
    "ascension": 2,
    "hp": 5443.35531902,
    "attack": 110.52401219999999,
    "defense": 321.33600375000003,
    "specialized": 0.06
  },
  "46": {
    "level": 46,
    "ascension": 2,
    "hp": 5519.790761040001,
    "attack": 112.0759794,
    "defense": 325.84819500000003,
    "specialized": 0.06
  },
  "47": {
    "level": 47,
    "ascension": 2,
    "hp": 5595.30529412,
    "attack": 113.6092482,
    "defense": 330.30602250000004,
    "specialized": 0.06
  },
  "48": {
    "level": 48,
    "ascension": 2,
    "hp": 5671.74073614,
    "attack": 115.1612154,
    "defense": 334.81821375000004,
    "specialized": 0.06
  },
  "49": {
    "level": 49,
    "ascension": 2,
    "hp": 5747.255269220001,
    "attack": 116.69448419999999,
    "defense": 339.27604125,
    "specialized": 0.06
  },
  "50": {
    "level": 50,
    "ascension": 2,
    "hp": 5823.69071124,
    "attack": 118.2464514,
    "defense": 343.78823250000005,
    "specialized": 0.06
  },
  "51": {
    "level": 51,