{
  "1": {
    "level": 1,
    "ascension": 0,
    "hp": 905.654,
    "attack": 9.8686,
    "defense": 59.41119,
    "specialized": 0
  },
  "2": {
    "level": 2,
    "ascension": 0,
    "hp": 980.823282,
    "attack": 10.6876938,
    "defense": 64.34231876999999,
    "specialized": 0
  },
  "3": {
    "level": 3,
    "ascension": 0,
    "hp": 1055.992564,
    "attack": 11.506787600000001,
    "defense": 69.27344753999999,
    "specialized": 0
  },
  "4": {
    "level": 4,
    "ascension": 0,
    "hp": 1132.0675,
    "attack": 12.33575,
    "defense": 74.2639875,
    "specialized": 0
  },
  "5": {
    "level": 5,
    "ascension": 0,
    "hp": 1207.236782,
    "attack": 13.1548438,
    "defense": 79.19511627,
    "specialized": 0
  },
  "6": {
    "level": 6,
    "ascension": 0,
    "hp": 1283.311718,
    "attack": 13.983806200000002,
    "defense": 84.18565622999999,
    "specialized": 0
  },
  "7": {
    "level": 7,
    "ascension": 0,
    "hp": 1358.481,
    "attack": 14.802900000000001,
    "defense": 89.116785,
    "specialized": 0
  },
  "8": {
    "level": 8,
    "ascension": 0,
    "hp": 1434.555936,
    "attack": 15.631862400000001,
    "defense": 94.10732496,
    "specialized": 0
  },
  "9": {
    "level": 9,
    "ascension": 0,
    "hp": 1510.630872,
    "attack": 16.4608248,
    "defense": 99.09786491999999,
    "specialized": 0
  },
  "10": {
    "level": 10,
    "ascension": 0,
    "hp": 1585.8001539999998,
    "attack": 17.2799186,
    "defense": 104.02899369,
    "specialized": 0
  },
  "11": {
    "level": 11,
    "ascension": 0,
    "hp": 1661.87509,
    "attack": 18.108881,
    "defense": 109.01953365,
    "specialized": 0
  },
  "12": {
    "level": 12,
    "ascension": 0,
    "hp": 1737.950026,
    "attack": 18.937843400000002,
    "defense": 114.01007360999999,
    "specialized": 0
  },
  "13": {
    "level": 13,
    "ascension": 0,
    "hp": 1814.0249620000002,
    "attack": 19.766805800000004,
    "defense": 119.00061357,
    "specialized": 0
  },
  "14": {
    "level": 14,
    "ascension": 0,
    "hp": 1891.005552,
    "attack": 20.605636800000003,
    "defense": 124.05056472,
    "specialized": 0
  },
  "15": {
    "level": 15,
    "ascension": 0,
    "hp": 1967.080488,
    "attack": 21.434599200000005,
    "defense": 129.04110468000002,
    "specialized": 0
  },
  "16": {
    "level": 16,
    "ascension": 0,
    "hp": 2043.1554239999998,
    "attack": 22.2635616,
    "defense": 134.03164464,
    "specialized": 0
  },
  "17": {
    "level": 17,
    "ascension": 0,
    "hp": 2120.136014,
    "attack": 23.102392600000005,
    "defense": 139.08159579,
    "specialized": 0
  },
  "18": {
    "level": 18,
    "ascension": 0,
    "hp": 2196.2109499999997,
    "attack": 23.931355,
    "defense": 144.07213574999997,
    "specialized": 0
  },
  "19": {
    "level": 19,
    "ascension": 0,
    "hp": 2273.19154,
    "attack": 24.770186,
    "defense": 149.12208689999997,
    "specialized": 0
  },
  "20": {
    "level": 20,
    "ascension": 0,
    "hp": 2349.266476,
    "attack": 25.5991484,
    "defense": 154.11262685999998,
    "specialized": 0
  },
  "21": {
    "level": 21,
    "ascension": 1,
    "hp": 3202.763466,
    "attack": 34.8987934,
    "defense": 210.10347800999998,
    "specialized": 0
  },
  "22": {
    "level": 22,
    "ascension": 1,
    "hp": 3279.744056,
    "attack": 35.7376244,
    "defense": 215.15342915999997,
    "specialized": 0
  },
  "23": {
    "level": 23,
    "ascension": 1,
    "hp": 3356.724646,
    "attack": 36.5764554,
    "defense": 220.20338031,
    "specialized": 0
  },
  "24": {
    "level": 24,
    "ascension": 1,
    "hp": 3433.7052360000002,
    "attack": 37.4152864,
    "defense": 225.25333146,
    "specialized": 0
  },
  "25": {
    "level": 25,
    "ascension": 1,
    "hp": 3510.685826,
    "attack": 38.2541174,
    "defense": 230.30328261,
    "specialized": 0
  },
  "26": {
    "level": 26,
    "ascension": 1,
    "hp": 3588.57207,
    "attack": 39.102817,
    "defense": 235.41264495,
    "specialized": 0
  },
  "27": {
    "level": 27,
    "ascension": 1,
    "hp": 3665.55266,
    "attack": 39.941648,
    "defense": 240.46259609999998,
    "specialized": 0
  },
  "28": {
    "level": 28,
    "ascension": 1,
    "hp": 3742.53325,
    "attack": 40.780479,
    "defense": 245.51254724999998,
    "specialized": 0
  },
  "29": {
    "level": 29,
    "ascension": 1,
    "hp": 3820.419494,
    "attack": 41.6291786,
    "defense": 250.62190959,
    "specialized": 0
  },
  "30": {
    "level": 30,
    "ascension": 1,
    "hp": 3897.4000840000003,
    "attack": 42.4680096,
    "defense": 255.67186074,
    "specialized": 0
  },
  "31": {
    "level": 31,
    "ascension": 1,
    "hp": 3975.286328,
    "attack": 43.316709200000005,
    "defense": 260.78122308,
    "specialized": 0
  },
  "32": {
    "level": 32,
    "ascension": 1,
    "hp": 4053.172572,
    "attack": 44.1654088,
    "defense": 265.89058542,
    "specialized": 0
  },
  "33": {
    "level": 33,
    "ascension": 1,
    "hp": 4131.058816000001,
    "attack": 45.014108400000005,
    "defense": 270.99994776,
    "specialized": 0
  },
  "34": {
    "level": 34,
    "ascension": 1,
    "hp": 4208.039406,
    "attack": 45.852939400000004,
    "defense": 276.04989891,
    "specialized": 0
  },
  "35": {
    "level": 35,
    "ascension": 1,
    "hp": 4285.92565,
    "attack": 46.701639,
    "defense": 281.15926125,
    "specialized": 0
  },
  "36": {
    "level": 36,
    "ascension": 1,
    "hp": 4364.7175480000005,
    "attack": 47.5602072,
    "defense": 286.32803478,
    "specialized": 0
  },
  "37": {
    "level": 37,
    "ascension": 1,
    "hp": 4442.603792,
    "attack": 48.408906800000004,
    "defense": 291.43739712,
    "specialized": 0
  },
  "38": {
    "level": 38,
    "ascension": 1,
    "hp": 4520.490036,
    "attack": 49.25760640000001,
    "defense": 296.54675946,
    "specialized": 0
  },
  "39": {
    "level": 39,
    "ascension": 1,
    "hp": 4598.37628,
    "attack": 50.106306,
    "defense": 301.65612179999994,
    "specialized": 0
  },
  "40": {
    "level": 40,
    "ascension": 1,
    "hp": 4677.168178,
    "attack": 50.964874200000004,
    "defense": 306.82489533,
    "specialized": 0
  },
  "41": {
    "level": 41,
    "ascension": 2,
    "hp": 5306.7897219999995,
    "attack": 57.8252048,
    "defense": 348.12910766999994,
    "specialized": 28.8
  },
  "42": {
    "level": 42,
    "ascension": 2,
    "hp": 5385.581620000001,
    "attack": 58.68377300000001,
    "defense": 353.2978812,
    "specialized": 28.8
  },
  "43": {
    "level": 43,
    "ascension": 2,
    "hp": 5464.373518,
    "attack": 59.5423412,
    "defense": 358.46665472999996,
    "specialized": 28.8
  },
  "44": {
    "level": 44,
    "ascension": 2,
    "hp": 5542.259762,
    "attack": 60.3910408,
    "defense": 363.5760170699999,
    "specialized": 28.8
  },
  "45": {
    "level": 45,
    "ascension": 2,
    "hp": 5621.05166,
    "attack": 61.24960900000001,
    "defense": 368.7447906,
    "specialized": 28.8
  },
  "46": {
    "level": 46,
    "ascension": 2,
    "hp": 5699.843558,
    "attack": 62.1081772,
    "defense": 373.91356412999994,
    "specialized": 28.8
  },
  "47": {
    "level": 47,
    "ascension": 2,
    "hp": 5778.635455999999,
    "attack": 62.9667454,
    "defense": 379.08233766,
    "specialized": 28.8
  },
  "48": {
    "level": 48,
    "ascension": 2,
    "hp": 5857.427354,
    "attack": 63.82531360000001,
    "defense": 384.25111118999996,
    "specialized": 28.8
  },
  "49": {
    "level": 49,
    "ascension": 2,
    "hp": 5937.124906,
    "attack": 64.6937504,
    "defense": 389.47929591,
    "specialized": 28.8
  },
  "50": {
    "level": 50,
    "ascension": 2,
    "hp": 6015.9168039999995,
    "attack": 65.5523186,
    "defense": 394.64806944,
    "specialized": 28.8
  },
  "51": {
    "level": 51,
    "ascension": 3,
    "hp": 6830.356002,
    "attack": 74.4263948,
    "defense": 448.07664296999997,