{
  "1": {
    "level": 1,
    "ascension": 0,
    "hp": 1008.61255,
    "attack": 26.2542,
    "defense": 61.0266,
    "specialized": 0.05
  },
  "2": {
    "level": 2,
    "ascension": 0,
    "hp": 1092.32739165,
    "attack": 28.4332986,
    "defense": 66.0918078,
    "specialized": 0.05
  },
  "3": {
    "level": 3,
    "ascension": 0,
    "hp": 1176.0422333,
    "attack": 30.6123972,
    "defense": 71.1570156,
    "specialized": 0.05
  },
  "4": {
    "level": 4,
    "ascension": 0,
    "hp": 1260.7656875,
    "attack": 32.817750000000004,
    "defense": 76.28325000000001,
    "specialized": 0.05
  },
  "5": {
    "level": 5,
    "ascension": 0,
    "hp": 1344.48052915,
    "attack": 34.9968486,
    "defense": 81.3484578,
    "specialized": 0.05
  },
  "6": {
    "level": 6,
    "ascension": 0,
    "hp": 1429.20398335,
    "attack": 37.2022014,
    "defense": 86.4746922,
    "specialized": 0.05
  },
  "7": {
    "level": 7,
    "ascension": 0,
    "hp": 1512.9188250000002,
    "attack": 39.3813,
    "defense": 91.5399,
    "specialized": 0.05
  },
  "8": {
    "level": 8,
    "ascension": 0,
    "hp": 1597.6422792,
    "attack": 41.5866528,
    "defense": 96.6661344,
    "specialized": 0.05
  },
  "9": {
    "level": 9,
    "ascension": 0,
    "hp": 1682.3657334,
    "attack": 43.7920056,
    "defense": 101.7923688,
    "specialized": 0.05
  },
  "10": {
    "level": 10,
    "ascension": 0,
    "hp": 1766.0805750499999,
    "attack": 45.9711042,
    "defense": 106.8575766,
    "specialized": 0.05
  },
  "11": {
    "level": 11,
    "ascension": 0,
    "hp": 1850.80402925,
    "attack": 48.176457,
    "defense": 111.983811,
    "specialized": 0.05
  },
  "12": {
    "level": 12,
    "ascension": 0,
    "hp": 1935.52748345,
    "attack": 50.3818098,
    "defense": 117.1100454,
    "specialized": 0.05
  },
  "13": {
    "level": 13,
    "ascension": 0,
    "hp": 2020.2509376500002,
    "attack": 52.587162600000006,
    "defense": 122.2362798,
    "specialized": 0.05
  },
  "14": {
    "level": 14,
    "ascension": 0,
    "hp": 2105.9830044,
    "attack": 54.8187696,
    "defense": 127.42354080000001,
    "specialized": 0.05
  },
  "15": {
    "level": 15,
    "ascension": 0,
    "hp": 2190.7064586,
    "attack": 57.0241224,
    "defense": 132.54977520000003,
    "specialized": 0.05
  },
  "16": {
    "level": 16,
    "ascension": 0,
    "hp": 2275.4299128,
    "attack": 59.229475199999996,
    "defense": 137.6760096,
    "specialized": 0.05
  },
  "17": {
    "level": 17,
    "ascension": 0,
    "hp": 2361.1619795500005,
    "attack": 61.46108220000001,
    "defense": 142.86327060000002,
    "specialized": 0.05
  },
  "18": {
    "level": 18,
    "ascension": 0,
    "hp": 2445.88543375,
    "attack": 63.666435,
    "defense": 147.98950499999998,
    "specialized": 0.05
  },
  "19": {
    "level": 19,
    "ascension": 0,
    "hp": 2531.6175005,
    "attack": 65.89804199999999,
    "defense": 153.176766,
    "specialized": 0.05
  },
  "20": {
    "level": 20,
    "ascension": 0,
    "hp": 2616.3409547,
    "attack": 68.1033948,
    "defense": 158.3030004,
    "specialized": 0.05
  },
  "21": {
    "level": 21,
    "ascension": 1,
    "hp": 3566.86709145,
    "attack": 92.8439608,
    "defense": 215.8162614,
    "specialized": 0.05
  },
  "22": {
    "level": 22,
    "ascension": 1,
    "hp": 3652.5991581999997,
    "attack": 95.0755678,
    "defense": 221.00352239999998,
    "specialized": 0.05
  },
  "23": {
    "level": 23,
    "ascension": 1,
    "hp": 3738.3312249500004,
    "attack": 97.30717480000001,
    "defense": 226.19078340000002,
    "specialized": 0.05
  },
  "24": {
    "level": 24,
    "ascension": 1,
    "hp": 3824.0632917000003,
    "attack": 99.53878180000001,
    "defense": 231.37804440000002,
    "specialized": 0.05
  },
  "25": {
    "level": 25,
    "ascension": 1,
    "hp": 3909.79535845,
    "attack": 101.7703888,
    "defense": 236.5653054,
    "specialized": 0.05
  },
  "26": {
    "level": 26,
    "ascension": 1,
    "hp": 3996.53603775,
    "attack": 104.02825,
    "defense": 241.813593,
    "specialized": 0.05
  },
  "27": {
    "level": 27,
    "ascension": 1,
    "hp": 4082.2681045,
    "attack": 106.25985700000001,
    "defense": 247.000854,
    "specialized": 0.05
  },
  "28": {
    "level": 28,
    "ascension": 1,
    "hp": 4168.000171250001,
    "attack": 108.49146400000001,
    "defense": 252.18811499999998,
    "specialized": 0.05
  },
  "29": {
    "level": 29,
    "ascension": 1,
    "hp": 4254.740850550001,
    "attack": 110.74932520000002,
    "defense": 257.4364026,
    "specialized": 0.05
  },
  "30": {
    "level": 30,
    "ascension": 1,
    "hp": 4340.4729173000005,
    "attack": 112.98093220000001,
    "defense": 262.62366360000004,
    "specialized": 0.05
  },
  "31": {
    "level": 31,
    "ascension": 1,
    "hp": 4427.2135966000005,
    "attack": 115.2387934,
    "defense": 267.8719512,
    "specialized": 0.05
  },
  "32": {
    "level": 32,
    "ascension": 1,
    "hp": 4513.9542759000005,
    "attack": 117.4966546,
    "defense": 273.1202388,
    "specialized": 0.05
  },
  "33": {
    "level": 33,
    "ascension": 1,
    "hp": 4600.694955200001,
    "attack": 119.75451580000001,
    "defense": 278.3685264,
    "specialized": 0.05
  },
  "34": {
    "level": 34,
    "ascension": 1,
    "hp": 4686.42702195,
    "attack": 121.98612280000002,
    "defense": 283.55578740000004,
    "specialized": 0.05
  },
  "35": {
    "level": 35,
    "ascension": 1,
    "hp": 4773.16770125,
    "attack": 124.24398400000001,
    "defense": 288.804075,
    "specialized": 0.05
  },
  "36": {
    "level": 36,
    "ascension": 1,
    "hp": 4860.916993100001,
    "attack": 126.52809940000002,
    "defense": 294.11338920000003,
    "specialized": 0.05
  },
  "37": {
    "level": 37,
    "ascension": 1,
    "hp": 4947.657672400001,
    "attack": 128.7859606,
    "defense": 299.3616768,
    "specialized": 0.05
  },
  "38": {
    "level": 38,
    "ascension": 1,
    "hp": 5034.398351700001,
    "attack": 131.04382180000002,
    "defense": 304.6099644,
    "specialized": 0.05
  },
  "39": {
    "level": 39,
    "ascension": 1,
    "hp": 5121.139031,
    "attack": 133.301683,
    "defense": 309.858252,
    "specialized": 0.05
  },
  "40": {
    "level": 40,
    "ascension": 1,
    "hp": 5208.888322850001,
    "attack": 135.58579840000002,
    "defense": 315.16756620000007,
    "specialized": 0.05
  },
  "41": {
    "level": 41,
    "ascension": 2,
    "hp": 5910.08793215,
    "attack": 153.8368676,
    "defense": 357.5948538,
    "specialized": 0.098
  },
  "42": {
    "level": 42,
    "ascension": 2,
    "hp": 5997.837224000001,
    "attack": 156.12098300000002,
    "defense": 362.904168,
    "specialized": 0.098
  },
  "43": {
    "level": 43,
    "ascension": 2,
    "hp": 6085.58651585,
    "attack": 158.4050984,
    "defense": 368.2134822,
    "specialized": 0.098
  },
  "44": {
    "level": 44,
    "ascension": 2,
    "hp": 6172.327195149999,
    "attack": 160.6629596,
    "defense": 373.46176979999996,
    "specialized": 0.098
  },
  "45": {
    "level": 45,
    "ascension": 2,
    "hp": 6260.076487,
    "attack": 162.947075,
    "defense": 378.77108400000003,
    "specialized": 0.098
  },
  "46": {
    "level": 46,
    "ascension": 2,
    "hp": 6347.82577885,
    "attack": 165.2311904,
    "defense": 384.0803982,
    "specialized": 0.098
  },
  "47": {
    "level": 47,
    "ascension": 2,
    "hp": 6435.5750707,
    "attack": 167.51530580000002,
    "defense": 389.3897124,
    "specialized": 0.098
  },
  "48": {
    "level": 48,
    "ascension": 2,
    "hp": 6523.32436255,
    "attack": 169.79942120000004,
    "defense": 394.6990266,
    "specialized": 0.098
  },
  "49": {
    "level": 49,
    "ascension": 2,
    "hp": 6612.08226695,
    "attack": 172.10979080000004,
    "defense": 400.06936740000003,
    "specialized": 0.098
  },
  "50": {
    "level": 50,
    "ascension": 2,
    "hp": 6699.8315588000005,