{
  "1": {
    "level": 1,
    "ascension": 0,
    "hp": 820.6119,
    "attack": 16.73952,
    "defense": 50.358,
    "specialized": 0
  },
  "2": {
    "level": 2,
    "ascension": 0,
    "hp": 888.7226876999999,
    "attack": 18.128900159999997,
    "defense": 54.537713999999994,
    "specialized": 0
  },
  "3": {
    "level": 3,
    "ascension": 0,
    "hp": 956.0128635,
    "attack": 19.5015408,
    "defense": 58.667069999999995,
    "specialized": 0
  },
  "4": {
    "level": 4,
    "ascension": 0,
    "hp": 1024.1236512,
    "attack": 20.89092096,
    "defense": 62.846784,
    "specialized": 0
  },
  "5": {
    "level": 5,
    "ascension": 0,
    "hp": 1091.413827,
    "attack": 22.2635616,
    "defense": 66.97614,
    "specialized": 0
  },
  "6": {
    "level": 6,
    "ascension": 0,
    "hp": 1159.5246147,
    "attack": 23.652941759999997,
    "defense": 71.15585399999999,
    "specialized": 0
  },
  "7": {
    "level": 7,
    "ascension": 0,
    "hp": 1226.8147905,
    "attack": 25.0255824,
    "defense": 75.28521,
    "specialized": 0
  },
  "8": {
    "level": 8,
    "ascension": 0,
    "hp": 1294.9255782,
    "attack": 26.41496256,
    "defense": 79.464924,
    "specialized": 0
  },
  "9": {
    "level": 9,
    "ascension": 0,
    "hp": 1363.0363659,
    "attack": 27.804342719999998,
    "defense": 83.644638,
    "specialized": 0
  },
  "10": {
    "level": 10,
    "ascension": 0,
    "hp": 1430.3265417,
    "attack": 29.17698336,
    "defense": 87.773994,
    "specialized": 0
  },
  "11": {
    "level": 11,
    "ascension": 0,
    "hp": 1498.4373294,
    "attack": 30.56636352,
    "defense": 91.95370799999999,
    "specialized": 0
  },
  "12": {
    "level": 12,
    "ascension": 0,
    "hp": 1565.7275052,
    "attack": 31.939004159999996,
    "defense": 96.083064,
    "specialized": 0
  },
  "13": {
    "level": 13,
    "ascension": 0,
    "hp": 1633.8382929000002,
    "attack": 33.32838432,
    "defense": 100.262778,
    "specialized": 0
  },
  "14": {
    "level": 14,
    "ascension": 0,
    "hp": 1701.1284687,
    "attack": 34.70102496,
    "defense": 104.39213399999998,
    "specialized": 0
  },
  "15": {
    "level": 15,
    "ascension": 0,
    "hp": 1769.2392564000002,
    "attack": 36.09040512,
    "defense": 108.571848,
    "specialized": 0
  },
  "16": {
    "level": 16,
    "ascension": 0,
    "hp": 1837.3500440999999,
    "attack": 37.479785279999994,
    "defense": 112.75156199999999,
    "specialized": 0
  },
  "17": {
    "level": 17,
    "ascension": 0,
    "hp": 1904.6402199000001,
    "attack": 38.85242592,
    "defense": 116.88091800000001,
    "specialized": 0
  },
  "18": {
    "level": 18,
    "ascension": 0,
    "hp": 1972.7510075999999,
    "attack": 40.241806079999996,
    "defense": 121.06063199999998,
    "specialized": 0
  },
  "19": {
    "level": 19,
    "ascension": 0,
    "hp": 2040.0411834000001,
    "attack": 41.614446720000004,
    "defense": 125.189988,
    "specialized": 0
  },
  "20": {
    "level": 20,
    "ascension": 0,
    "hp": 2108.1519711,
    "attack": 43.00382688,
    "defense": 129.369702,
    "specialized": 0
  },
  "21": {
    "level": 21,
    "ascension": 1,
    "hp": 2788.4812469,
    "attack": 56.88203951999999,
    "defense": 171.119058,
    "specialized": 0
  },
  "22": {
    "level": 22,
    "ascension": 1,
    "hp": 2856.5920346,
    "attack": 58.271419679999994,
    "defense": 175.29877199999999,
    "specialized": 0
  },
  "23": {
    "level": 23,
    "ascension": 1,
    "hp": 2924.7028223,
    "attack": 59.66079984,
    "defense": 179.478486,
    "specialized": 0
  },
  "24": {
    "level": 24,
    "ascension": 1,
    "hp": 2991.9929981,
    "attack": 61.033440479999996,
    "defense": 183.607842,
    "specialized": 0
  },
  "25": {
    "level": 25,
    "ascension": 1,
    "hp": 3060.1037858,
    "attack": 62.42282064,
    "defense": 187.787556,
    "specialized": 0
  },
  "26": {
    "level": 26,
    "ascension": 1,
    "hp": 3127.3939616,
    "attack": 63.79546128,
    "defense": 191.916912,
    "specialized": 0
  },
  "27": {
    "level": 27,
    "ascension": 1,
    "hp": 3195.5047492999997,
    "attack": 65.18484143999999,
    "defense": 196.096626,
    "specialized": 0
  },
  "28": {
    "level": 28,
    "ascension": 1,
    "hp": 3262.7949251,
    "attack": 66.55748208,
    "defense": 200.225982,
    "specialized": 0
  },
  "29": {
    "level": 29,
    "ascension": 1,
    "hp": 3330.9057128,
    "attack": 67.94686224,
    "defense": 204.40569599999998,
    "specialized": 0
  },
  "30": {
    "level": 30,
    "ascension": 1,
    "hp": 3398.1958886,
    "attack": 69.31950288,
    "defense": 208.535052,
    "specialized": 0
  },
  "31": {
    "level": 31,
    "ascension": 1,
    "hp": 3466.3066762999997,
    "attack": 70.70888303999999,
    "defense": 212.714766,
    "specialized": 0
  },
  "32": {
    "level": 32,
    "ascension": 1,
    "hp": 3534.417464,
    "attack": 72.09826319999999,
    "defense": 216.89448,
    "specialized": 0
  },
  "33": {
    "level": 33,
    "ascension": 1,
    "hp": 3601.7076398,
    "attack": 73.47090384,
    "defense": 221.023836,
    "specialized": 0
  },
  "34": {
    "level": 34,
    "ascension": 1,
    "hp": 3669.8184275,
    "attack": 74.86028400000001,
    "defense": 225.20355,
    "specialized": 0
  },
  "35": {
    "level": 35,
    "ascension": 1,
    "hp": 3737.1086032999997,
    "attack": 76.23292464,
    "defense": 229.33290599999998,
    "specialized": 0
  },
  "36": {
    "level": 36,
    "ascension": 1,
    "hp": 3805.219391,
    "attack": 77.6223048,
    "defense": 233.51262,
    "specialized": 0
  },
  "37": {
    "level": 37,
    "ascension": 1,
    "hp": 3872.5095668,
    "attack": 78.99494544,
    "defense": 237.641976,
    "specialized": 0
  },
  "38": {
    "level": 38,
    "ascension": 1,
    "hp": 3940.6203545,
    "attack": 80.3843256,
    "defense": 241.82169,
    "specialized": 0
  },
  "39": {
    "level": 39,
    "ascension": 1,
    "hp": 4008.7311422,
    "attack": 81.77370576,
    "defense": 246.00140399999998,
    "specialized": 0
  },
  "40": {
    "level": 40,
    "ascension": 1,
    "hp": 4076.0213179999996,
    "attack": 83.1463464,
    "defense": 250.13075999999998,
    "specialized": 0
  },
  "41": {
    "level": 41,
    "ascension": 2,
    "hp": 4579.7125057,
    "attack": 93.42126456,
    "defense": 281.040474,
    "specialized": 0.06
  },
  "42": {
    "level": 42,
    "ascension": 2,
    "hp": 4647.0026815,
    "attack": 94.79390519999998,
    "defense": 285.16982999999993,
    "specialized": 0.06
  },
  "43": {
    "level": 43,
    "ascension": 2,
    "hp": 4715.1134692,
    "attack": 96.18328535999999,
    "defense": 289.349544,
    "specialized": 0.06
  },
  "44": {
    "level": 44,
    "ascension": 2,
    "hp": 4782.403644999999,
    "attack": 97.55592599999999,
    "defense": 293.47889999999995,
    "specialized": 0.06
  },
  "45": {
    "level": 45,
    "ascension": 2,
    "hp": 4850.5144327,
    "attack": 98.94530615999999,
    "defense": 297.65861399999994,
    "specialized": 0.06
  },
  "46": {
    "level": 46,
    "ascension": 2,
    "hp": 4918.6252204,
    "attack": 100.33468631999999,
    "defense": 301.838328,
    "specialized": 0.06
  },
  "47": {
    "level": 47,
    "ascension": 2,
    "hp": 4985.9153962,
    "attack": 101.70732695999999,
    "defense": 305.96768399999996,
    "specialized": 0.06
  },
  "48": {
    "level": 48,
    "ascension": 2,
    "hp": 5054.0261839,
    "attack": 103.09670711999999,
    "defense": 310.14739799999995,
    "specialized": 0.06
  },
  "49": {
    "level": 49,
    "ascension": 2,
    "hp": 5121.3163597,
    "attack": 104.46934775999999,
    "defense": 314.276754,
    "specialized": 0.06
  },
  "50": {
    "level": 50,
    "ascension": 2,
    "hp": 5189.4271474,
    "attack": 105.85872791999999,
    "defense": 318.456468,
    "specialized": 0.06
  },
  "51": {
    "level": 51,
    "ascension": 3,
    "hp": 5837.4912232,
    "attack": 119.07875356,