{
  "1": {
    "level": 1,
    "ascension": 0,
    "hp": 1143.984,
    "attack": 7.448,
    "defense": 40.0861,
    "specialized": 0.05
  },
  "2": {
    "level": 2,
    "ascension": 0,
    "hp": 1238.934672,
    "attack": 8.066184,
    "defense": 43.4132463,
    "specialized": 0.05
  },
  "3": {
    "level": 3,
    "ascension": 0,
    "hp": 1333.885344,
    "attack": 8.684368,
    "defense": 46.7403926,
    "specialized": 0.05
  },
  "4": {
    "level": 4,
    "ascension": 0,
    "hp": 1429.98,
    "attack": 9.31,
    "defense": 50.107625,
    "specialized": 0.05
  },
  "5": {
    "level": 5,
    "ascension": 0,
    "hp": 1524.930672,
    "attack": 9.928184,
    "defense": 53.4347713,
    "specialized": 0.05
  },
  "6": {
    "level": 6,
    "ascension": 0,
    "hp": 1621.025328,
    "attack": 10.553816,
    "defense": 56.8020037,
    "specialized": 0.05
  },
  "7": {
    "level": 7,
    "ascension": 0,
    "hp": 1715.976,
    "attack": 11.172,
    "defense": 60.12915,
    "specialized": 0.05
  },
  "8": {
    "level": 8,
    "ascension": 0,
    "hp": 1812.070656,
    "attack": 11.797632,
    "defense": 63.4963824,
    "specialized": 0.05
  },
  "9": {
    "level": 9,
    "ascension": 0,
    "hp": 1908.165312,
    "attack": 12.423264,
    "defense": 66.8636148,
    "specialized": 0.05
  },
  "10": {
    "level": 10,
    "ascension": 0,
    "hp": 2003.115984,
    "attack": 13.041448,
    "defense": 70.1907611,
    "specialized": 0.05
  },
  "11": {
    "level": 11,
    "ascension": 0,
    "hp": 2099.21064,
    "attack": 13.66708,
    "defense": 73.5579935,
    "specialized": 0.05
  },
  "12": {
    "level": 12,
    "ascension": 0,
    "hp": 2195.305296,
    "attack": 14.292712,
    "defense": 76.9252259,
    "specialized": 0.05
  },
  "13": {
    "level": 13,
    "ascension": 0,
    "hp": 2291.399952,
    "attack": 14.918344,
    "defense": 80.2924583,
    "specialized": 0.05
  },
  "14": {
    "level": 14,
    "ascension": 0,
    "hp": 2388.638592,
    "attack": 15.551424,
    "defense": 83.6997768,
    "specialized": 0.05
  },
  "15": {
    "level": 15,
    "ascension": 0,
    "hp": 2484.733248,
    "attack": 16.177056,
    "defense": 87.0670092,
    "specialized": 0.05
  },
  "16": {
    "level": 16,
    "ascension": 0,
    "hp": 2580.827904,
    "attack": 16.802688,
    "defense": 90.4342416,
    "specialized": 0.05
  },
  "17": {
    "level": 17,
    "ascension": 0,
    "hp": 2678.066544,
    "attack": 17.435768,
    "defense": 93.8415601,
    "specialized": 0.05
  },
  "18": {
    "level": 18,
    "ascension": 0,
    "hp": 2774.1612,
    "attack": 18.0614,
    "defense": 97.2087925,
    "specialized": 0.05
  },
  "19": {
    "level": 19,
    "ascension": 0,
    "hp": 2871.39984,
    "attack": 18.69448,
    "defense": 100.616111,
    "specialized": 0.05
  },
  "20": {
    "level": 20,
    "ascension": 0,
    "hp": 2967.494496,
    "attack": 19.320112,
    "defense": 103.9833434,
    "specialized": 0.05
  },
  "21": {
    "level": 21,
    "ascension": 1,
    "hp": 4045.595986,
    "attack": 26.338712,
    "defense": 141.7616619,
    "specialized": 0.05
  },
  "22": {
    "level": 22,
    "ascension": 1,
    "hp": 4142.834626,
    "attack": 26.971792,
    "defense": 145.1689804,
    "specialized": 0.05
  },
  "23": {
    "level": 23,
    "ascension": 1,
    "hp": 4240.073266,
    "attack": 27.604872,
    "defense": 148.5762989,
    "specialized": 0.05
  },
  "24": {
    "level": 24,
    "ascension": 1,
    "hp": 4337.311906,
    "attack": 28.237952,
    "defense": 151.9836174,
    "specialized": 0.05
  },
  "25": {
    "level": 25,
    "ascension": 1,
    "hp": 4434.550546,
    "attack": 28.871032,
    "defense": 155.3909359,
    "specialized": 0.05
  },
  "26": {
    "level": 26,
    "ascension": 1,
    "hp": 4532.93317,
    "attack": 29.51156,
    "defense": 158.8383405,
    "specialized": 0.05
  },
  "27": {
    "level": 27,
    "ascension": 1,
    "hp": 4630.17181,
    "attack": 30.14464,
    "defense": 162.245659,
    "specialized": 0.05
  },
  "28": {
    "level": 28,
    "ascension": 1,
    "hp": 4727.41045,
    "attack": 30.77772,
    "defense": 165.6529775,
    "specialized": 0.05
  },
  "29": {
    "level": 29,
    "ascension": 1,
    "hp": 4825.793074,
    "attack": 31.418248,
    "defense": 169.1003821,
    "specialized": 0.05
  },
  "30": {
    "level": 30,
    "ascension": 1,
    "hp": 4923.031714,
    "attack": 32.051328,
    "defense": 172.5077006,
    "specialized": 0.05
  },
  "31": {
    "level": 31,
    "ascension": 1,
    "hp": 5021.414338,
    "attack": 32.691856,
    "defense": 175.9551052,
    "specialized": 0.05
  },
  "32": {
    "level": 32,
    "ascension": 1,
    "hp": 5119.796962,
    "attack": 33.332384,
    "defense": 179.4025098,
    "specialized": 0.05
  },
  "33": {
    "level": 33,
    "ascension": 1,
    "hp": 5218.179586,
    "attack": 33.972912,
    "defense": 182.8499144,
    "specialized": 0.05
  },
  "34": {
    "level": 34,
    "ascension": 1,
    "hp": 5315.418226,
    "attack": 34.605992,
    "defense": 186.2572329,
    "specialized": 0.05
  },
  "35": {
    "level": 35,
    "ascension": 1,
    "hp": 5413.80085,
    "attack": 35.24652,
    "defense": 189.7046375,
    "specialized": 0.05
  },
  "36": {
    "level": 36,
    "ascension": 1,
    "hp": 5513.327458,
    "attack": 35.894496,
    "defense": 193.1921282,
    "specialized": 0.05
  },
  "37": {
    "level": 37,
    "ascension": 1,
    "hp": 5611.710082,
    "attack": 36.535024,
    "defense": 196.6395328,
    "specialized": 0.05
  },
  "38": {
    "level": 38,
    "ascension": 1,
    "hp": 5710.092706,
    "attack": 37.175552,
    "defense": 200.0869374,
    "specialized": 0.05
  },
  "39": {
    "level": 39,
    "ascension": 1,
    "hp": 5808.47533,
    "attack": 37.81608,
    "defense": 203.534342,
    "specialized": 0.05
  },
  "40": {
    "level": 40,
    "ascension": 1,
    "hp": 5908.001938,
    "attack": 38.464056,
    "defense": 207.0218327,
    "specialized": 0.05
  },
  "41": {
    "level": 41,
    "ascension": 2,
    "hp": 6703.313412,
    "attack": 43.641664,
    "defense": 234.8907373,
    "specialized": 0.098
  },
  "42": {
    "level": 42,
    "ascension": 2,
    "hp": 6802.84002,
    "attack": 44.28964,
    "defense": 238.378228,
    "specialized": 0.098
  },
  "43": {
    "level": 43,
    "ascension": 2,
    "hp": 6902.366628,
    "attack": 44.937616,
    "defense": 241.8657187,
    "specialized": 0.098
  },
  "44": {
    "level": 44,
    "ascension": 2,
    "hp": 7000.749252,
    "attack": 45.578144,
    "defense": 245.3131233,
    "specialized": 0.098
  },
  "45": {
    "level": 45,
    "ascension": 2,
    "hp": 7100.27586,
    "attack": 46.22612,
    "defense": 248.800614,
    "specialized": 0.098
  },
  "46": {
    "level": 46,
    "ascension": 2,
    "hp": 7199.802468,
    "attack": 46.874096,
    "defense": 252.2881047,
    "specialized": 0.098
  },
  "47": {
    "level": 47,
    "ascension": 2,
    "hp": 7299.329076,
    "attack": 47.522072,
    "defense": 255.7755954,
    "specialized": 0.098
  },
  "48": {
    "level": 48,
    "ascension": 2,
    "hp": 7398.855684,
    "attack": 48.170048,
    "defense": 259.2630861,
    "specialized": 0.098
  },
  "49": {
    "level": 49,
    "ascension": 2,
    "hp": 7499.526276,
    "attack": 48.825472,
    "defense": 262.7906629,
    "specialized": 0.098
  },
  "50": {
    "level": 50,
    "ascension": 2,
    "hp": 7599.052884,
    "attack": 49.473448,
    "defense": 266.2781536,
    "specialized": 0.098
  },
  "51": {
    "level": 51,
    "ascension": 3,
    "hp": 8627.818092,
    "attack": 56.170864,
    "defense": 302.3276443,
    "specialized": 0.146
  },
  "52": {
    "level": 52,
    "ascension": 3,
    "hp": 8728.488684,
    "attack": 56.826288,
    "defense": 305.8552211,
    "specialized": 0.146
  },
  "53": {
    "level": 53,
    "ascension": 3,
    "hp": 8828.015292,
    "attack": 57.474264,
    "defense": 309.3427118,
    "specialized": 0.146
  },