{
  "1": {
    "level": 1,
    "ascension": 0,
    "hp": 1048.5597,
    "attack": 15.84912,
    "defense": 46.9245,
    "specialized": 0
  },
  "2": {
    "level": 2,
    "ascension": 0,
    "hp": 1135.5901551,
    "attack": 17.164596959999997,
    "defense": 50.8192335,
    "specialized": 0
  },
  "3": {
    "level": 3,
    "ascension": 0,
    "hp": 1221.5720505000002,
    "attack": 18.4642248,
    "defense": 54.6670425,
    "specialized": 0
  },
  "4": {
    "level": 4,
    "ascension": 0,
    "hp": 1308.6025056,
    "attack": 19.77970176,
    "defense": 58.561776,
    "specialized": 0
  },
  "5": {
    "level": 5,
    "ascension": 0,
    "hp": 1394.584401,
    "attack": 21.0793296,
    "defense": 62.40958500000001,
    "specialized": 0
  },
  "6": {
    "level": 6,
    "ascension": 0,
    "hp": 1481.6148561,
    "attack": 22.39480656,
    "defense": 66.30431850000001,
    "specialized": 0
  },
  "7": {
    "level": 7,
    "ascension": 0,
    "hp": 1567.5967515000002,
    "attack": 23.694434400000002,
    "defense": 70.1521275,
    "specialized": 0
  },
  "8": {
    "level": 8,
    "ascension": 0,
    "hp": 1654.6272066000001,
    "attack": 25.00991136,
    "defense": 74.046861,
    "specialized": 0
  },
  "9": {
    "level": 9,
    "ascension": 0,
    "hp": 1741.6576617,
    "attack": 26.32538832,
    "defense": 77.94159450000001,
    "specialized": 0
  },
  "10": {
    "level": 10,
    "ascension": 0,
    "hp": 1827.6395571,
    "attack": 27.62501616,
    "defense": 81.7894035,
    "specialized": 0
  },
  "11": {
    "level": 11,
    "ascension": 0,
    "hp": 1914.6700122000002,
    "attack": 28.94049312,
    "defense": 85.684137,
    "specialized": 0
  },
  "12": {
    "level": 12,
    "ascension": 0,
    "hp": 2000.6519076,
    "attack": 30.24012096,
    "defense": 89.531946,
    "specialized": 0
  },
  "13": {
    "level": 13,
    "ascension": 0,
    "hp": 2087.6823627000003,
    "attack": 31.55559792,
    "defense": 93.4266795,
    "specialized": 0
  },
  "14": {
    "level": 14,
    "ascension": 0,
    "hp": 2173.6642581,
    "attack": 32.855225759999996,
    "defense": 97.2744885,
    "specialized": 0
  },
  "15": {
    "level": 15,
    "ascension": 0,
    "hp": 2260.6947132,
    "attack": 34.17070272,
    "defense": 101.169222,
    "specialized": 0
  },
  "16": {
    "level": 16,
    "ascension": 0,
    "hp": 2347.7251683,
    "attack": 35.48617968,
    "defense": 105.06395549999999,
    "specialized": 0
  },
  "17": {
    "level": 17,
    "ascension": 0,
    "hp": 2433.7070637,
    "attack": 36.78580752,
    "defense": 108.91176450000002,
    "specialized": 0
  },
  "18": {
    "level": 18,
    "ascension": 0,
    "hp": 2520.7375188,
    "attack": 38.10128448,
    "defense": 112.806498,
    "specialized": 0
  },
  "19": {
    "level": 19,
    "ascension": 0,
    "hp": 2606.7194142000003,
    "attack": 39.40091232,
    "defense": 116.65430700000002,
    "specialized": 0
  },
  "20": {
    "level": 20,
    "ascension": 0,
    "hp": 2693.7498693000002,
    "attack": 40.716389279999994,
    "defense": 120.5490405,
    "specialized": 0
  },
  "21": {
    "level": 21,
    "ascension": 1,
    "hp": 3563.0595247,
    "attack": 53.85639911999999,
    "defense": 159.4518495,
    "specialized": 0
  },
  "22": {
    "level": 22,
    "ascension": 1,
    "hp": 3650.0899798,
    "attack": 55.17187608,
    "defense": 163.346583,
    "specialized": 0
  },
  "23": {
    "level": 23,
    "ascension": 1,
    "hp": 3737.1204349000004,
    "attack": 56.48735304,
    "defense": 167.2413165,
    "specialized": 0
  },
  "24": {
    "level": 24,
    "ascension": 1,
    "hp": 3823.1023303,
    "attack": 57.786980879999994,
    "defense": 171.08912550000002,
    "specialized": 0
  },
  "25": {
    "level": 25,
    "ascension": 1,
    "hp": 3910.1327854000006,
    "attack": 59.10245784,
    "defense": 174.98385900000002,
    "specialized": 0
  },
  "26": {
    "level": 26,
    "ascension": 1,
    "hp": 3996.1146808000003,
    "attack": 60.40208568,
    "defense": 178.831668,
    "specialized": 0
  },
  "27": {
    "level": 27,
    "ascension": 1,
    "hp": 4083.1451359,
    "attack": 61.71756263999999,
    "defense": 182.7264015,
    "specialized": 0
  },
  "28": {
    "level": 28,
    "ascension": 1,
    "hp": 4169.1270313,
    "attack": 63.01719048,
    "defense": 186.57421050000002,
    "specialized": 0
  },
  "29": {
    "level": 29,
    "ascension": 1,
    "hp": 4256.1574863999995,
    "attack": 64.33266744,
    "defense": 190.468944,
    "specialized": 0
  },
  "30": {
    "level": 30,
    "ascension": 1,
    "hp": 4342.1393818,
    "attack": 65.63229528000001,
    "defense": 194.316753,
    "specialized": 0
  },
  "31": {
    "level": 31,
    "ascension": 1,
    "hp": 4429.1698369,
    "attack": 66.94777223999999,
    "defense": 198.2114865,
    "specialized": 0
  },
  "32": {
    "level": 32,
    "ascension": 1,
    "hp": 4516.200292,
    "attack": 68.2632492,
    "defense": 202.10622,
    "specialized": 0
  },
  "33": {
    "level": 33,
    "ascension": 1,
    "hp": 4602.1821874,
    "attack": 69.56287704,
    "defense": 205.95402900000002,
    "specialized": 0
  },
  "34": {
    "level": 34,
    "ascension": 1,
    "hp": 4689.2126425,
    "attack": 70.878354,
    "defense": 209.84876250000002,
    "specialized": 0
  },
  "35": {
    "level": 35,
    "ascension": 1,
    "hp": 4775.1945379,
    "attack": 72.17798184,
    "defense": 213.6965715,
    "specialized": 0
  },
  "36": {
    "level": 36,
    "ascension": 1,
    "hp": 4862.224993,
    "attack": 73.4934588,
    "defense": 217.59130500000003,
    "specialized": 0
  },
  "37": {
    "level": 37,
    "ascension": 1,
    "hp": 4948.2068884,
    "attack": 74.79308664,
    "defense": 221.43911400000002,
    "specialized": 0
  },
  "38": {
    "level": 38,
    "ascension": 1,
    "hp": 5035.2373435,
    "attack": 76.1085636,
    "defense": 225.3338475,
    "specialized": 0
  },
  "39": {
    "level": 39,
    "ascension": 1,
    "hp": 5122.2677986,
    "attack": 77.42404056,
    "defense": 229.22858100000002,
    "specialized": 0
  },
  "40": {
    "level": 40,
    "ascension": 1,
    "hp": 5208.249694,
    "attack": 78.7236684,
    "defense": 233.07639,
    "specialized": 0
  },
  "41": {
    "level": 41,
    "ascension": 2,
    "hp": 5851.8550890999995,
    "attack": 88.45204736,
    "defense": 261.8786235,
    "specialized": 0.06
  },
  "42": {
    "level": 42,
    "ascension": 2,
    "hp": 5937.8369845,
    "attack": 89.7516752,
    "defense": 265.7264325,
    "specialized": 0.06
  },
  "43": {
    "level": 43,
    "ascension": 2,
    "hp": 6024.867439600001,
    "attack": 91.06715216,
    "defense": 269.621166,
    "specialized": 0.06
  },
  "44": {
    "level": 44,
    "ascension": 2,
    "hp": 6110.849335000001,
    "attack": 92.36678,
    "defense": 273.468975,
    "specialized": 0.06
  },
  "45": {
    "level": 45,
    "ascension": 2,
    "hp": 6197.8797901,
    "attack": 93.68225695999999,
    "defense": 277.3637085,
    "specialized": 0.06
  },
  "46": {
    "level": 46,
    "ascension": 2,
    "hp": 6284.910245200001,
    "attack": 94.99773392,
    "defense": 281.258442,
    "specialized": 0.06
  },
  "47": {
    "level": 47,
    "ascension": 2,
    "hp": 6370.892140600001,
    "attack": 96.29736176,
    "defense": 285.106251,
    "specialized": 0.06
  },
  "48": {
    "level": 48,
    "ascension": 2,
    "hp": 6457.9225957,
    "attack": 97.61283872000001,
    "defense": 289.0009845,
    "specialized": 0.06
  },
  "49": {
    "level": 49,
    "ascension": 2,
    "hp": 6543.9044911,
    "attack": 98.91246655999998,
    "defense": 292.8487935,
    "specialized": 0.06
  },
  "50": {
    "level": 50,
    "ascension": 2,
    "hp": 6630.934946200001,
    "attack": 100.22794352,
    "defense": 296.74352700000003,
    "specialized": 0.06
  },
  "51": {
    "level": 51,
    "ascension": 3,
    "hp": 7459.016841600001,
    "attack": 112.74477736,
    "defense": 333.801336,
    "specialized": 0.12
  },