{
  "1": {
    "level": 1,
    "ascension": 0,
    "hp": 1220.2496,
    "attack": 20.6682,
    "defense": 48.88111,
    "specialized": 0
  },
  "2": {
    "level": 2,
    "ascension": 0,
    "hp": 1321.5303168,
    "attack": 22.3836606,
    "defense": 52.93824213,
    "specialized": 0
  },
  "3": {
    "level": 3,
    "ascension": 0,
    "hp": 1422.8110336,
    "attack": 24.099121199999995,
    "defense": 56.99537426,
    "specialized": 0
  },
  "4": {
    "level": 4,
    "ascension": 0,
    "hp": 1525.3120000000001,
    "attack": 25.83525,
    "defense": 61.1013875,
    "specialized": 0
  },
  "5": {
    "level": 5,
    "ascension": 0,
    "hp": 1626.5927168,
    "attack": 27.5507106,
    "defense": 65.15851963,
    "specialized": 0
  },
  "6": {
    "level": 6,
    "ascension": 0,
    "hp": 1729.0936832000002,
    "attack": 29.286839399999998,
    "defense": 69.26453287,
    "specialized": 0
  },
  "7": {
    "level": 7,
    "ascension": 0,
    "hp": 1830.3744000000002,
    "attack": 31.002299999999998,
    "defense": 73.321665,
    "specialized": 0
  },
  "8": {
    "level": 8,
    "ascension": 0,
    "hp": 1932.8753664000003,
    "attack": 32.7384288,
    "defense": 77.42767824,
    "specialized": 0
  },
  "9": {
    "level": 9,
    "ascension": 0,
    "hp": 2035.3763328,
    "attack": 34.4745576,
    "defense": 81.53369148,
    "specialized": 0
  },
  "10": {
    "level": 10,
    "ascension": 0,
    "hp": 2136.6570496,
    "attack": 36.1900182,
    "defense": 85.59082360999999,
    "specialized": 0
  },
  "11": {
    "level": 11,
    "ascension": 0,
    "hp": 2239.1580160000003,
    "attack": 37.926147,
    "defense": 89.69683685,
    "specialized": 0
  },
  "12": {
    "level": 12,
    "ascension": 0,
    "hp": 2341.6589824000002,
    "attack": 39.662275799999996,
    "defense": 93.80285009,
    "specialized": 0
  },
  "13": {
    "level": 13,
    "ascension": 0,
    "hp": 2444.1599488,
    "attack": 41.3984046,
    "defense": 97.90886333,
    "specialized": 0
  },
  "14": {
    "level": 14,
    "ascension": 0,
    "hp": 2547.8811648,
    "attack": 43.1552016,
    "defense": 102.06375768000001,
    "specialized": 0
  },
  "15": {
    "level": 15,
    "ascension": 0,
    "hp": 2650.3821312000005,
    "attack": 44.8913304,
    "defense": 106.16977092,
    "specialized": 0
  },
  "16": {
    "level": 16,
    "ascension": 0,
    "hp": 2752.8830976,
    "attack": 46.62745919999999,
    "defense": 110.27578415999999,
    "specialized": 0
  },
  "17": {
    "level": 17,
    "ascension": 0,
    "hp": 2856.6043136000003,
    "attack": 48.3842562,
    "defense": 114.43067851,
    "specialized": 0
  },
  "18": {
    "level": 18,
    "ascension": 0,
    "hp": 2959.10528,
    "attack": 50.12038499999999,
    "defense": 118.53669174999999,
    "specialized": 0
  },
  "19": {
    "level": 19,
    "ascension": 0,
    "hp": 3062.826496,
    "attack": 51.87718199999999,
    "defense": 122.6915861,
    "specialized": 0
  },
  "20": {
    "level": 20,
    "ascension": 0,
    "hp": 3165.3274624,
    "attack": 53.613310799999994,
    "defense": 126.79759933999999,
    "specialized": 0
  },
  "21": {
    "level": 21,
    "ascension": 1,
    "hp": 4315.3023784,
    "attack": 73.08992579999999,
    "defense": 172.86459369,
    "specialized": 0
  },
  "22": {
    "level": 22,
    "ascension": 1,
    "hp": 4419.0235944,
    "attack": 74.8467228,
    "defense": 177.01948804,
    "specialized": 0
  },
  "23": {
    "level": 23,
    "ascension": 1,
    "hp": 4522.7448104000005,
    "attack": 76.6035198,
    "defense": 181.17438239,
    "specialized": 0
  },
  "24": {
    "level": 24,
    "ascension": 1,
    "hp": 4626.4660264,
    "attack": 78.3603168,
    "defense": 185.32927674,
    "specialized": 0
  },
  "25": {
    "level": 25,
    "ascension": 1,
    "hp": 4730.1872424,
    "attack": 80.1171138,
    "defense": 189.48417109000002,
    "specialized": 0
  },
  "26": {
    "level": 26,
    "ascension": 1,
    "hp": 4835.128708,
    "attack": 81.894579,
    "defense": 193.68794655000002,
    "specialized": 0
  },
  "27": {
    "level": 27,
    "ascension": 1,
    "hp": 4938.849924,
    "attack": 83.651376,
    "defense": 197.8428409,
    "specialized": 0
  },
  "28": {
    "level": 28,
    "ascension": 1,
    "hp": 5042.57114,
    "attack": 85.40817299999999,
    "defense": 201.99773525,
    "specialized": 0
  },
  "29": {
    "level": 29,
    "ascension": 1,
    "hp": 5147.512605600001,
    "attack": 87.1856382,
    "defense": 206.20151071,
    "specialized": 0
  },
  "30": {
    "level": 30,
    "ascension": 1,
    "hp": 5251.233821600001,
    "attack": 88.9424352,
    "defense": 210.35640506000001,
    "specialized": 0
  },
  "31": {
    "level": 31,
    "ascension": 1,
    "hp": 5356.175287200001,
    "attack": 90.7199004,
    "defense": 214.56018052000002,
    "specialized": 0
  },
  "32": {
    "level": 32,
    "ascension": 1,
    "hp": 5461.1167528000005,
    "attack": 92.4973656,
    "defense": 218.76395598,
    "specialized": 0
  },
  "33": {
    "level": 33,
    "ascension": 1,
    "hp": 5566.0582184,
    "attack": 94.2748308,
    "defense": 222.96773144000002,
    "specialized": 0
  },
  "34": {
    "level": 34,
    "ascension": 1,
    "hp": 5669.7794344,
    "attack": 96.0316278,
    "defense": 227.12262579000003,
    "specialized": 0
  },
  "35": {
    "level": 35,
    "ascension": 1,
    "hp": 5774.7209,
    "attack": 97.809093,
    "defense": 231.32640125,
    "specialized": 0
  },
  "36": {
    "level": 36,
    "ascension": 1,
    "hp": 5880.882615200001,
    "attack": 99.6072264,
    "defense": 235.57905782000003,
    "specialized": 0
  },
  "37": {
    "level": 37,
    "ascension": 1,
    "hp": 5985.824080800001,
    "attack": 101.3846916,
    "defense": 239.78283328,
    "specialized": 0
  },
  "38": {
    "level": 38,
    "ascension": 1,
    "hp": 6090.765546400001,
    "attack": 103.1621568,
    "defense": 243.98660874000004,
    "specialized": 0
  },
  "39": {
    "level": 39,
    "ascension": 1,
    "hp": 6195.707012000001,
    "attack": 104.939622,
    "defense": 248.19038419999998,
    "specialized": 0
  },
  "40": {
    "level": 40,
    "ascension": 1,
    "hp": 6301.868727200002,
    "attack": 106.73775540000001,
    "defense": 252.44304077000004,
    "specialized": 0
  },
  "41": {
    "level": 41,
    "ascension": 2,
    "hp": 7150.200992800001,
    "attack": 121.10561759999999,
    "defense": 286.42646622999996,
    "specialized": 0.072
  },
  "42": {
    "level": 42,
    "ascension": 2,
    "hp": 7256.3627080000015,
    "attack": 122.903751,
    "defense": 290.6791228,
    "specialized": 0.072
  },
  "43": {
    "level": 43,
    "ascension": 2,
    "hp": 7362.524423200001,
    "attack": 124.7018844,
    "defense": 294.93177937,
    "specialized": 0.072
  },
  "44": {
    "level": 44,
    "ascension": 2,
    "hp": 7467.4658888,
    "attack": 126.47934959999999,
    "defense": 299.13555483,
    "specialized": 0.072
  },
  "45": {
    "level": 45,
    "ascension": 2,
    "hp": 7573.627604000001,
    "attack": 128.27748300000002,
    "defense": 303.3882114,
    "specialized": 0.072
  },
  "46": {
    "level": 46,
    "ascension": 2,
    "hp": 7679.789319200001,
    "attack": 130.0756164,
    "defense": 307.64086797,
    "specialized": 0.072
  },
  "47": {
    "level": 47,
    "ascension": 2,
    "hp": 7785.9510344,
    "attack": 131.87374979999998,
    "defense": 311.89352454,
    "specialized": 0.072
  },
  "48": {
    "level": 48,
    "ascension": 2,
    "hp": 7892.112749600001,
    "attack": 133.6718832,
    "defense": 316.14618111,
    "specialized": 0.072
  },
  "49": {
    "level": 49,
    "ascension": 2,
    "hp": 7999.494714400002,
    "attack": 135.4906848,
    "defense": 320.44771879,
    "specialized": 0.072
  },
  "50": {
    "level": 50,
    "ascension": 2,
    "hp": 8105.656429600001,
    "attack": 137.28881819999998,
    "defense": 324.70037536,
    "specialized": 0.072
  },
  "51": {
    "level": 51,
    "ascension": 3,