{
  "1": {
    "level": 1,
    "ascension": 0,
    "hp": 1010.5192,
    "attack": 26.068,
    "defense": 61.0266,
    "specialized": 0.05
  },
  "2": {
    "level": 2,
    "ascension": 0,
    "hp": 1094.3922936,
    "attack": 28.231644,
    "defense": 66.0918078,
    "specialized": 0.05
  },
  "3": {
    "level": 3,
    "ascension": 0,
    "hp": 1178.2653871999999,
    "attack": 30.395288,
    "defense": 71.1570156,
    "specialized": 0.05
  },
  "4": {
    "level": 4,
    "ascension": 0,
    "hp": 1263.149,
    "attack": 32.585,
    "defense": 76.28325000000001,
    "specialized": 0.05
  },
  "5": {
    "level": 5,
    "ascension": 0,
    "hp": 1347.0220935999998,
    "attack": 34.748644,
    "defense": 81.3484578,
    "specialized": 0.05
  },
  "6": {
    "level": 6,
    "ascension": 0,
    "hp": 1431.9057063999999,
    "attack": 36.938356000000006,
    "defense": 86.4746922,
    "specialized": 0.05
  },
  "7": {
    "level": 7,
    "ascension": 0,
    "hp": 1515.7788,
    "attack": 39.102000000000004,
    "defense": 91.5399,
    "specialized": 0.05
  },
  "8": {
    "level": 8,
    "ascension": 0,
    "hp": 1600.6624128,
    "attack": 41.291712000000004,
    "defense": 96.6661344,
    "specialized": 0.05
  },
  "9": {
    "level": 9,
    "ascension": 0,
    "hp": 1685.5460256,
    "attack": 43.481424,
    "defense": 101.7923688,
    "specialized": 0.05
  },
  "10": {
    "level": 10,
    "ascension": 0,
    "hp": 1769.4191191999998,
    "attack": 45.645068,
    "defense": 106.8575766,
    "specialized": 0.05
  },
  "11": {
    "level": 11,
    "ascension": 0,
    "hp": 1854.3027319999999,
    "attack": 47.83478,
    "defense": 111.983811,
    "specialized": 0.05
  },
  "12": {
    "level": 12,
    "ascension": 0,
    "hp": 1939.1863448,
    "attack": 50.024492,
    "defense": 117.1100454,
    "specialized": 0.05
  },
  "13": {
    "level": 13,
    "ascension": 0,
    "hp": 2024.0699576,
    "attack": 52.214204,
    "defense": 122.2362798,
    "specialized": 0.05
  },
  "14": {
    "level": 14,
    "ascension": 0,
    "hp": 2109.9640896,
    "attack": 54.429984000000005,
    "defense": 127.42354080000001,
    "specialized": 0.05
  },
  "15": {
    "level": 15,
    "ascension": 0,
    "hp": 2194.8477024,
    "attack": 56.619696000000005,
    "defense": 132.54977520000003,
    "specialized": 0.05
  },
  "16": {
    "level": 16,
    "ascension": 0,
    "hp": 2279.7313151999997,
    "attack": 58.809408,
    "defense": 137.6760096,
    "specialized": 0.05
  },
  "17": {
    "level": 17,
    "ascension": 0,
    "hp": 2365.6254472,
    "attack": 61.02518800000001,
    "defense": 142.86327060000002,
    "specialized": 0.05
  },
  "18": {
    "level": 18,
    "ascension": 0,
    "hp": 2450.50906,
    "attack": 63.2149,
    "defense": 147.98950499999998,
    "specialized": 0.05
  },
  "19": {
    "level": 19,
    "ascension": 0,
    "hp": 2536.4031919999998,
    "attack": 65.43068,
    "defense": 153.176766,
    "specialized": 0.05
  },
  "20": {
    "level": 20,
    "ascension": 0,
    "hp": 2621.2868047999996,
    "attack": 67.620392,
    "defense": 158.3030004,
    "specialized": 0.05
  },
  "21": {
    "level": 21,
    "ascension": 1,
    "hp": 3573.6097667999998,
    "attack": 92.18549200000001,
    "defense": 215.8162614,
    "specialized": 0.05
  },
  "22": {
    "level": 22,
    "ascension": 1,
    "hp": 3659.5038987999997,
    "attack": 94.401272,
    "defense": 221.00352239999998,
    "specialized": 0.05
  },
  "23": {
    "level": 23,
    "ascension": 1,
    "hp": 3745.3980308,
    "attack": 96.617052,
    "defense": 226.19078340000002,
    "specialized": 0.05
  },
  "24": {
    "level": 24,
    "ascension": 1,
    "hp": 3831.2921628,
    "attack": 98.832832,
    "defense": 231.37804440000002,
    "specialized": 0.05
  },
  "25": {
    "level": 25,
    "ascension": 1,
    "hp": 3917.1862948,
    "attack": 101.04861200000002,
    "defense": 236.5653054,
    "specialized": 0.05
  },
  "26": {
    "level": 26,
    "ascension": 1,
    "hp": 4004.090946,
    "attack": 103.29046,
    "defense": 241.813593,
    "specialized": 0.05
  },
  "27": {
    "level": 27,
    "ascension": 1,
    "hp": 4089.9850779999997,
    "attack": 105.50623999999999,
    "defense": 247.000854,
    "specialized": 0.05
  },
  "28": {
    "level": 28,
    "ascension": 1,
    "hp": 4175.87921,
    "attack": 107.72202000000001,
    "defense": 252.18811499999998,
    "specialized": 0.05
  },
  "29": {
    "level": 29,
    "ascension": 1,
    "hp": 4262.7838612000005,
    "attack": 109.96386800000002,
    "defense": 257.4364026,
    "specialized": 0.05
  },
  "30": {
    "level": 30,
    "ascension": 1,
    "hp": 4348.6779932,
    "attack": 112.17964800000001,
    "defense": 262.62366360000004,
    "specialized": 0.05
  },
  "31": {
    "level": 31,
    "ascension": 1,
    "hp": 4435.5826443999995,
    "attack": 114.42149599999999,
    "defense": 267.8719512,
    "specialized": 0.05
  },
  "32": {
    "level": 32,
    "ascension": 1,
    "hp": 4522.4872956,
    "attack": 116.663344,
    "defense": 273.1202388,
    "specialized": 0.05
  },
  "33": {
    "level": 33,
    "ascension": 1,
    "hp": 4609.3919468,
    "attack": 118.905192,
    "defense": 278.3685264,
    "specialized": 0.05
  },
  "34": {
    "level": 34,
    "ascension": 1,
    "hp": 4695.2860788,
    "attack": 121.120972,
    "defense": 283.55578740000004,
    "specialized": 0.05
  },
  "35": {
    "level": 35,
    "ascension": 1,
    "hp": 4782.19073,
    "attack": 123.36282,
    "defense": 288.804075,
    "specialized": 0.05
  },
  "36": {
    "level": 36,
    "ascension": 1,
    "hp": 4870.1059004,
    "attack": 125.63073600000001,
    "defense": 294.11338920000003,
    "specialized": 0.05
  },
  "37": {
    "level": 37,
    "ascension": 1,
    "hp": 4957.0105516,
    "attack": 127.87258400000002,
    "defense": 299.3616768,
    "specialized": 0.05
  },
  "38": {
    "level": 38,
    "ascension": 1,
    "hp": 5043.9152028,
    "attack": 130.11443200000002,
    "defense": 304.6099644,
    "specialized": 0.05
  },
  "39": {
    "level": 39,
    "ascension": 1,
    "hp": 5130.819853999999,
    "attack": 132.35628,
    "defense": 309.858252,
    "specialized": 0.05
  },
  "40": {
    "level": 40,
    "ascension": 1,
    "hp": 5218.7350244,
    "attack": 134.624196,
    "defense": 315.16756620000007,
    "specialized": 0.05
  },
  "41": {
    "level": 41,
    "ascension": 2,
    "hp": 5921.260145599999,
    "attack": 152.745824,
    "defense": 357.5948538,
    "specialized": 0.098
  },
  "42": {
    "level": 42,
    "ascension": 2,
    "hp": 6009.175316,
    "attack": 155.01374000000004,
    "defense": 362.904168,
    "specialized": 0.098
  },
  "43": {
    "level": 43,
    "ascension": 2,
    "hp": 6097.0904863999995,
    "attack": 157.281656,
    "defense": 368.2134822,
    "specialized": 0.098
  },
  "44": {
    "level": 44,
    "ascension": 2,
    "hp": 6183.995137599999,
    "attack": 159.523504,
    "defense": 373.46176979999996,
    "specialized": 0.098
  },
  "45": {
    "level": 45,
    "ascension": 2,
    "hp": 6271.9103079999995,
    "attack": 161.79142000000002,
    "defense": 378.77108400000003,
    "specialized": 0.098
  },
  "46": {
    "level": 46,
    "ascension": 2,
    "hp": 6359.825478399999,
    "attack": 164.059336,
    "defense": 384.0803982,
    "specialized": 0.098
  },
  "47": {
    "level": 47,
    "ascension": 2,
    "hp": 6447.740648799999,
    "attack": 166.327252,
    "defense": 389.3897124,
    "specialized": 0.098
  },
  "48": {
    "level": 48,
    "ascension": 2,
    "hp": 6535.6558192,
    "attack": 168.595168,
    "defense": 394.6990266,
    "specialized": 0.098
  },
  "49": {
    "level": 49,
    "ascension": 2,
    "hp": 6624.5815088,
    "attack": 170.88915200000002,
    "defense": 400.06936740000003,
    "specialized": 0.098
  },
  "50": {
    "level": 50,
    "ascension": 2,
    "hp": 6712.4966792,
    "attack": 173.15706800000004,
    "defense": 405.3786816,