{
  "1": {
    "level": 1,
    "ascension": 0,
    "hp": 802.3761,
    "attack": 17.808,
    "defense": 50.358,
    "specialized": 0
  },
  "2": {
    "level": 2,
    "ascension": 0,
    "hp": 868.9733163,
    "attack": 19.286064,
    "defense": 54.537713999999994,
    "specialized": 0
  },
  "3": {
    "level": 3,
    "ascension": 0,
    "hp": 934.7681564999999,
    "attack": 20.74632,
    "defense": 58.667069999999995,
    "specialized": 0
  },
  "4": {
    "level": 4,
    "ascension": 0,
    "hp": 1001.3653727999999,
    "attack": 22.224384,
    "defense": 62.846784,
    "specialized": 0
  },
  "5": {
    "level": 5,
    "ascension": 0,
    "hp": 1067.1602129999999,
    "attack": 23.68464,
    "defense": 66.97614,
    "specialized": 0
  },
  "6": {
    "level": 6,
    "ascension": 0,
    "hp": 1133.7574293,
    "attack": 25.162704,
    "defense": 71.15585399999999,
    "specialized": 0
  },
  "7": {
    "level": 7,
    "ascension": 0,
    "hp": 1199.5522695,
    "attack": 26.622960000000003,
    "defense": 75.28521,
    "specialized": 0
  },
  "8": {
    "level": 8,
    "ascension": 0,
    "hp": 1266.1494857999999,
    "attack": 28.101024000000002,
    "defense": 79.464924,
    "specialized": 0
  },
  "9": {
    "level": 9,
    "ascension": 0,
    "hp": 1332.7467021,
    "attack": 29.579088,
    "defense": 83.644638,
    "specialized": 0
  },
  "10": {
    "level": 10,
    "ascension": 0,
    "hp": 1398.5415423,
    "attack": 31.039344,
    "defense": 87.773994,
    "specialized": 0
  },
  "11": {
    "level": 11,
    "ascension": 0,
    "hp": 1465.1387586,
    "attack": 32.517408,
    "defense": 91.95370799999999,
    "specialized": 0
  },
  "12": {
    "level": 12,
    "ascension": 0,
    "hp": 1530.9335987999998,
    "attack": 33.977664,
    "defense": 96.083064,
    "specialized": 0
  },
  "13": {
    "level": 13,
    "ascension": 0,
    "hp": 1597.5308151,
    "attack": 35.455728,
    "defense": 100.262778,
    "specialized": 0
  },
  "14": {
    "level": 14,
    "ascension": 0,
    "hp": 1663.3256552999999,
    "attack": 36.915984,
    "defense": 104.39213399999998,
    "specialized": 0
  },
  "15": {
    "level": 15,
    "ascension": 0,
    "hp": 1729.9228716,
    "attack": 38.394048000000005,
    "defense": 108.571848,
    "specialized": 0
  },
  "16": {
    "level": 16,
    "ascension": 0,
    "hp": 1796.5200878999997,
    "attack": 39.872111999999994,
    "defense": 112.75156199999999,
    "specialized": 0
  },
  "17": {
    "level": 17,
    "ascension": 0,
    "hp": 1862.3149281,
    "attack": 41.332368,
    "defense": 116.88091800000001,
    "specialized": 0
  },
  "18": {
    "level": 18,
    "ascension": 0,
    "hp": 1928.9121443999998,
    "attack": 42.810432,
    "defense": 121.06063199999998,
    "specialized": 0
  },
  "19": {
    "level": 19,
    "ascension": 0,
    "hp": 1994.7069846,
    "attack": 44.270688,
    "defense": 125.189988,
    "specialized": 0
  },
  "20": {
    "level": 20,
    "ascension": 0,
    "hp": 2061.3042008999996,
    "attack": 45.748751999999996,
    "defense": 129.369702,
    "specialized": 0
  },
  "21": {
    "level": 21,
    "ascension": 1,
    "hp": 2726.5150411,
    "attack": 60.512808,
    "defense": 171.119058,
    "specialized": 0
  },
  "22": {
    "level": 22,
    "ascension": 1,
    "hp": 2793.1122574,
    "attack": 61.990872,
    "defense": 175.29877199999999,
    "specialized": 0
  },
  "23": {
    "level": 23,
    "ascension": 1,
    "hp": 2859.7094737,
    "attack": 63.46893600000001,
    "defense": 179.478486,
    "specialized": 0
  },
  "24": {
    "level": 24,
    "ascension": 1,
    "hp": 2925.5043139,
    "attack": 64.929192,
    "defense": 183.607842,
    "specialized": 0
  },
  "25": {
    "level": 25,
    "ascension": 1,
    "hp": 2992.1015302,
    "attack": 66.407256,
    "defense": 187.787556,
    "specialized": 0
  },
  "26": {
    "level": 26,
    "ascension": 1,
    "hp": 3057.8963704000003,
    "attack": 67.867512,
    "defense": 191.916912,
    "specialized": 0
  },
  "27": {
    "level": 27,
    "ascension": 1,
    "hp": 3124.4935867,
    "attack": 69.345576,
    "defense": 196.096626,
    "specialized": 0
  },
  "28": {
    "level": 28,
    "ascension": 1,
    "hp": 3190.2884269,
    "attack": 70.805832,
    "defense": 200.225982,
    "specialized": 0
  },
  "29": {
    "level": 29,
    "ascension": 1,
    "hp": 3256.8856432,
    "attack": 72.283896,
    "defense": 204.40569599999998,
    "specialized": 0
  },
  "30": {
    "level": 30,
    "ascension": 1,
    "hp": 3322.6804834,
    "attack": 73.744152,
    "defense": 208.535052,
    "specialized": 0
  },
  "31": {
    "level": 31,
    "ascension": 1,
    "hp": 3389.2776997,
    "attack": 75.222216,
    "defense": 212.714766,
    "specialized": 0
  },
  "32": {
    "level": 32,
    "ascension": 1,
    "hp": 3455.874916,
    "attack": 76.70027999999999,
    "defense": 216.89448,
    "specialized": 0
  },
  "33": {
    "level": 33,
    "ascension": 1,
    "hp": 3521.6697562,
    "attack": 78.160536,
    "defense": 221.023836,
    "specialized": 0
  },
  "34": {
    "level": 34,
    "ascension": 1,
    "hp": 3588.2669725,
    "attack": 79.6386,
    "defense": 225.20355,
    "specialized": 0
  },
  "35": {
    "level": 35,
    "ascension": 1,
    "hp": 3654.0618127,
    "attack": 81.098856,
    "defense": 229.33290599999998,
    "specialized": 0
  },
  "36": {
    "level": 36,
    "ascension": 1,
    "hp": 3720.659029,
    "attack": 82.57692,
    "defense": 233.51262,
    "specialized": 0
  },
  "37": {
    "level": 37,
    "ascension": 1,
    "hp": 3786.4538692,
    "attack": 84.03717599999999,
    "defense": 237.641976,
    "specialized": 0
  },
  "38": {
    "level": 38,
    "ascension": 1,
    "hp": 3853.0510854999998,
    "attack": 85.51523999999999,
    "defense": 241.82169,
    "specialized": 0
  },
  "39": {
    "level": 39,
    "ascension": 1,
    "hp": 3919.6483018,
    "attack": 86.993304,
    "defense": 246.00140399999998,
    "specialized": 0
  },
  "40": {
    "level": 40,
    "ascension": 1,
    "hp": 3985.4431419999996,
    "attack": 88.45356,
    "defense": 250.13075999999998,
    "specialized": 0
  },
  "41": {
    "level": 41,
    "ascension": 2,
    "hp": 4477.941258299999,
    "attack": 99.384324,
    "defense": 281.040474,
    "specialized": 0.06
  },
  "42": {
    "level": 42,
    "ascension": 2,
    "hp": 4543.7360985,
    "attack": 100.84458,
    "defense": 285.16982999999993,
    "specialized": 0.06
  },
  "43": {
    "level": 43,
    "ascension": 2,
    "hp": 4610.3333148,
    "attack": 102.322644,
    "defense": 289.349544,
    "specialized": 0.06
  },
  "44": {
    "level": 44,
    "ascension": 2,
    "hp": 4676.128154999999,
    "attack": 103.7829,
    "defense": 293.47889999999995,
    "specialized": 0.06
  },
  "45": {
    "level": 45,
    "ascension": 2,
    "hp": 4742.7253713,
    "attack": 105.260964,
    "defense": 297.65861399999994,
    "specialized": 0.06
  },
  "46": {
    "level": 46,
    "ascension": 2,
    "hp": 4809.3225876,
    "attack": 106.739028,
    "defense": 301.838328,
    "specialized": 0.06
  },
  "47": {
    "level": 47,
    "ascension": 2,
    "hp": 4875.1174278,
    "attack": 108.199284,
    "defense": 305.96768399999996,
    "specialized": 0.06
  },
  "48": {
    "level": 48,
    "ascension": 2,
    "hp": 4941.7146440999995,
    "attack": 109.67734800000001,
    "defense": 310.14739799999995,
    "specialized": 0.06
  },
  "49": {
    "level": 49,
    "ascension": 2,
    "hp": 5007.5094843,
    "attack": 111.137604,
    "defense": 314.276754,
    "specialized": 0.06
  },
  "50": {
    "level": 50,
    "ascension": 2,
    "hp": 5074.1067006,
    "attack": 112.615668,
    "defense": 318.456468,
    "specialized": 0.06
  },
  "51": {
    "level": 51,
    "ascension": 3,
    "hp": 5707.7693408,
    "attack": 126.679524,
    "defense": 358.225824,
    "specialized": 0.12
  },
  "52": {
    "level": 52,
    "ascension": 3,
    "hp": 5774.3665571,
    "attack": 128.157588,