{
  "1": {
    "level": 1,
    "ascension": 0,
    "hp": 1039.4418,
    "attack": 18.6984,
    "defense": 60.6585,
    "specialized": 0
  },
  "2": {
    "level": 2,
    "ascension": 0,
    "hp": 1125.7154694,
    "attack": 20.2503672,
    "defense": 65.69315549999999,
    "specialized": 0
  },
  "3": {
    "level": 3,
    "ascension": 0,
    "hp": 1210.949697,
    "attack": 21.783636,
    "defense": 70.6671525,
    "specialized": 0
  },
  "4": {
    "level": 4,
    "ascension": 0,
    "hp": 1297.2233664,
    "attack": 23.335603199999998,
    "defense": 75.701808,
    "specialized": 0
  },
  "5": {
    "level": 5,
    "ascension": 0,
    "hp": 1382.4575940000002,
    "attack": 24.868872,
    "defense": 80.675805,
    "specialized": 0
  },
  "6": {
    "level": 6,
    "ascension": 0,
    "hp": 1468.7312634000002,
    "attack": 26.4208392,
    "defense": 85.7104605,
    "specialized": 0
  },
  "7": {
    "level": 7,
    "ascension": 0,
    "hp": 1553.9654910000002,
    "attack": 27.954108,
    "defense": 90.68445750000001,
    "specialized": 0
  },
  "8": {
    "level": 8,
    "ascension": 0,
    "hp": 1640.2391604000002,
    "attack": 29.5060752,
    "defense": 95.719113,
    "specialized": 0
  },
  "9": {
    "level": 9,
    "ascension": 0,
    "hp": 1726.5128298000002,
    "attack": 31.058042399999998,
    "defense": 100.75376849999999,
    "specialized": 0
  },
  "10": {
    "level": 10,
    "ascension": 0,
    "hp": 1811.7470574000001,
    "attack": 32.5913112,
    "defense": 105.7277655,
    "specialized": 0
  },
  "11": {
    "level": 11,
    "ascension": 0,
    "hp": 1898.0207268000001,
    "attack": 34.1432784,
    "defense": 110.762421,
    "specialized": 0
  },
  "12": {
    "level": 12,
    "ascension": 0,
    "hp": 1983.2549544,
    "attack": 35.676547199999995,
    "defense": 115.73641799999999,
    "specialized": 0
  },
  "13": {
    "level": 13,
    "ascension": 0,
    "hp": 2069.5286238000003,
    "attack": 37.2285144,
    "defense": 120.7710735,
    "specialized": 0
  },
  "14": {
    "level": 14,
    "ascension": 0,
    "hp": 2154.7628514000003,
    "attack": 38.761783199999996,
    "defense": 125.7450705,
    "specialized": 0
  },
  "15": {
    "level": 15,
    "ascension": 0,
    "hp": 2241.0365208000003,
    "attack": 40.3137504,
    "defense": 130.779726,
    "specialized": 0
  },
  "16": {
    "level": 16,
    "ascension": 0,
    "hp": 2327.3101902,
    "attack": 41.865717599999996,
    "defense": 135.8143815,
    "specialized": 0
  },
  "17": {
    "level": 17,
    "ascension": 0,
    "hp": 2412.5444178000002,
    "attack": 43.398986400000005,
    "defense": 140.7883785,
    "specialized": 0
  },
  "18": {
    "level": 18,
    "ascension": 0,
    "hp": 2498.8180872000003,
    "attack": 44.9509536,
    "defense": 145.82303399999998,
    "specialized": 0
  },
  "19": {
    "level": 19,
    "ascension": 0,
    "hp": 2584.0523148,
    "attack": 46.4842224,
    "defense": 150.797031,
    "specialized": 0
  },
  "20": {
    "level": 20,
    "ascension": 0,
    "hp": 2670.3259842,
    "attack": 48.0361896,
    "defense": 155.8316865,
    "specialized": 0
  },
  "21": {
    "level": 21,
    "ascension": 1,
    "hp": 3532.0764118,
    "attack": 63.53844839999999,
    "defense": 206.12068349999998,
    "specialized": 0
  },
  "22": {
    "level": 22,
    "ascension": 1,
    "hp": 3618.3500812,
    "attack": 65.0904156,
    "defense": 211.155339,
    "specialized": 0
  },
  "23": {
    "level": 23,
    "ascension": 1,
    "hp": 3704.6237506,
    "attack": 66.64238280000001,
    "defense": 216.1899945,
    "specialized": 0
  },
  "24": {
    "level": 24,
    "ascension": 1,
    "hp": 3789.8579782,
    "attack": 68.1756516,
    "defense": 221.16399149999998,
    "specialized": 0
  },
  "25": {
    "level": 25,
    "ascension": 1,
    "hp": 3876.1316476000006,
    "attack": 69.7276188,
    "defense": 226.198647,
    "specialized": 0
  },
  "26": {
    "level": 26,
    "ascension": 1,
    "hp": 3961.3658752,
    "attack": 71.2608876,
    "defense": 231.172644,
    "specialized": 0
  },
  "27": {
    "level": 27,
    "ascension": 1,
    "hp": 4047.6395446,
    "attack": 72.8128548,
    "defense": 236.20729949999998,
    "specialized": 0
  },
  "28": {
    "level": 28,
    "ascension": 1,
    "hp": 4132.8737722000005,
    "attack": 74.3461236,
    "defense": 241.1812965,
    "specialized": 0
  },
  "29": {
    "level": 29,
    "ascension": 1,
    "hp": 4219.1474416,
    "attack": 75.89809079999999,
    "defense": 246.215952,
    "specialized": 0
  },
  "30": {
    "level": 30,
    "ascension": 1,
    "hp": 4304.3816692,
    "attack": 77.43135960000001,
    "defense": 251.18994899999998,
    "specialized": 0
  },
  "31": {
    "level": 31,
    "ascension": 1,
    "hp": 4390.6553386,
    "attack": 78.9833268,
    "defense": 256.22460449999994,
    "specialized": 0
  },
  "32": {
    "level": 32,
    "ascension": 1,
    "hp": 4476.929008,
    "attack": 80.53529400000001,
    "defense": 261.25926,
    "specialized": 0
  },
  "33": {
    "level": 33,
    "ascension": 1,
    "hp": 4562.1632356,
    "attack": 82.0685628,
    "defense": 266.233257,
    "specialized": 0
  },
  "34": {
    "level": 34,
    "ascension": 1,
    "hp": 4648.4369050000005,
    "attack": 83.62053,
    "defense": 271.26791249999997,
    "specialized": 0
  },
  "35": {
    "level": 35,
    "ascension": 1,
    "hp": 4733.6711326,
    "attack": 85.1537988,
    "defense": 276.2419095,
    "specialized": 0
  },
  "36": {
    "level": 36,
    "ascension": 1,
    "hp": 4819.944802,
    "attack": 86.70576600000001,
    "defense": 281.276565,
    "specialized": 0
  },
  "37": {
    "level": 37,
    "ascension": 1,
    "hp": 4905.1790296,
    "attack": 88.2390348,
    "defense": 286.25056199999995,
    "specialized": 0
  },
  "38": {
    "level": 38,
    "ascension": 1,
    "hp": 4991.452699,
    "attack": 89.79100199999999,
    "defense": 291.28521749999993,
    "specialized": 0
  },
  "39": {
    "level": 39,
    "ascension": 1,
    "hp": 5077.7263684,
    "attack": 91.3429692,
    "defense": 296.319873,
    "specialized": 0
  },
  "40": {
    "level": 40,
    "ascension": 1,
    "hp": 5162.960596,
    "attack": 92.876238,
    "defense": 301.29386999999997,
    "specialized": 0
  },
  "41": {
    "level": 41,
    "ascension": 2,
    "hp": 5800.9693654,
    "attack": 104.3535402,
    "defense": 338.52602549999995,
    "specialized": 0.06
  },
  "42": {
    "level": 42,
    "ascension": 2,
    "hp": 5886.203593,
    "attack": 105.88680899999999,
    "defense": 343.50002249999994,
    "specialized": 0.06
  },
  "43": {
    "level": 43,
    "ascension": 2,
    "hp": 5972.4772624,
    "attack": 107.43877619999999,
    "defense": 348.534678,
    "specialized": 0.06
  },
  "44": {
    "level": 44,
    "ascension": 2,
    "hp": 6057.71149,
    "attack": 108.972045,
    "defense": 353.508675,
    "specialized": 0.06
  },
  "45": {
    "level": 45,
    "ascension": 2,
    "hp": 6143.9851594,
    "attack": 110.52401219999999,
    "defense": 358.54333049999997,
    "specialized": 0.06
  },
  "46": {
    "level": 46,
    "ascension": 2,
    "hp": 6230.258828800001,
    "attack": 112.0759794,
    "defense": 363.577986,
    "specialized": 0.06
  },
  "47": {
    "level": 47,
    "ascension": 2,
    "hp": 6315.493056400001,
    "attack": 113.6092482,
    "defense": 368.55198299999995,
    "specialized": 0.06
  },
  "48": {
    "level": 48,
    "ascension": 2,
    "hp": 6401.7667258,
    "attack": 115.1612154,
    "defense": 373.5866385,
    "specialized": 0.06
  },
  "49": {
    "level": 49,
    "ascension": 2,
    "hp": 6487.0009534,
    "attack": 116.69448419999999,
    "defense": 378.5606355,
    "specialized": 0.06
  },
  "50": {
    "level": 50,
    "ascension": 2,
    "hp": 6573.2746228000005,
    "attack": 118.2464514,
    "defense": 383.595291,
    "specialized": 0.06
  },
  "51": {
    "level": 51,
    "ascension": 3,
    "hp": 7394.155950400001,
    "attack": 133.0135002,