{
  "1": {
    "level": 1,
    "ascension": 0,
    "hp": 1056.2786,
    "attack": 26.068,
    "defense": 56.8385,
    "specialized": 0.5
  },
  "2": {
    "level": 2,
    "ascension": 0,
    "hp": 1143.9497238000001,
    "attack": 28.231644,
    "defense": 61.556095500000005,
    "specialized": 0.5
  },
  "3": {
    "level": 3,
    "ascension": 0,
    "hp": 1231.6208476,
    "attack": 30.395288,
    "defense": 66.273691,
    "specialized": 0.5
  },
  "4": {
    "level": 4,
    "ascension": 0,
    "hp": 1320.34825,
    "attack": 32.585,
    "defense": 71.048125,
    "specialized": 0.5
  },
  "5": {
    "level": 5,
    "ascension": 0,
    "hp": 1408.0193738,
    "attack": 34.748644,
    "defense": 75.7657205,
    "specialized": 0.5
  },
  "6": {
    "level": 6,
    "ascension": 0,
    "hp": 1496.7467762,
    "attack": 36.938356000000006,
    "defense": 80.5401545,
    "specialized": 0.5
  },
  "7": {
    "level": 7,
    "ascension": 0,
    "hp": 1584.4179000000001,
    "attack": 39.102000000000004,
    "defense": 85.25775,
    "specialized": 0.5
  },
  "8": {
    "level": 8,
    "ascension": 0,
    "hp": 1673.1453024000002,
    "attack": 41.291712000000004,
    "defense": 90.03218400000002,
    "specialized": 0.5
  },
  "9": {
    "level": 9,
    "ascension": 0,
    "hp": 1761.8727048,
    "attack": 43.481424,
    "defense": 94.806618,
    "specialized": 0.5
  },
  "10": {
    "level": 10,
    "ascension": 0,
    "hp": 1849.5438286,
    "attack": 45.645068,
    "defense": 99.5242135,
    "specialized": 0.5
  },
  "11": {
    "level": 11,
    "ascension": 0,
    "hp": 1938.2712310000002,
    "attack": 47.83478,
    "defense": 104.2986475,
    "specialized": 0.5
  },
  "12": {
    "level": 12,
    "ascension": 0,
    "hp": 2026.9986334000002,
    "attack": 50.024492,
    "defense": 109.07308150000001,
    "specialized": 0.5
  },
  "13": {
    "level": 13,
    "ascension": 0,
    "hp": 2115.7260358000003,
    "attack": 52.214204,
    "defense": 113.84751550000001,
    "specialized": 0.5
  },
  "14": {
    "level": 14,
    "ascension": 0,
    "hp": 2205.5097168,
    "attack": 54.429984000000005,
    "defense": 118.67878800000001,
    "specialized": 0.5
  },
  "15": {
    "level": 15,
    "ascension": 0,
    "hp": 2294.2371192000005,
    "attack": 56.619696000000005,
    "defense": 123.45322200000001,
    "specialized": 0.5
  },
  "16": {
    "level": 16,
    "ascension": 0,
    "hp": 2382.9645216,
    "attack": 58.809408,
    "defense": 128.227656,
    "specialized": 0.5
  },
  "17": {
    "level": 17,
    "ascension": 0,
    "hp": 2472.7482026000002,
    "attack": 61.02518800000001,
    "defense": 133.0589285,
    "specialized": 0.5
  },
  "18": {
    "level": 18,
    "ascension": 0,
    "hp": 2561.475605,
    "attack": 63.2149,
    "defense": 137.8333625,
    "specialized": 0.5
  },
  "19": {
    "level": 19,
    "ascension": 0,
    "hp": 2651.259286,
    "attack": 65.43068,
    "defense": 142.664635,
    "specialized": 0.5
  },
  "20": {
    "level": 20,
    "ascension": 0,
    "hp": 2739.9866884000003,
    "attack": 67.620392,
    "defense": 147.439069,
    "specialized": 0.5
  },
  "21": {
    "level": 21,
    "ascension": 1,
    "hp": 3735.4336694000003,
    "attack": 92.18549200000001,
    "defense": 201.0053415,
    "specialized": 0.5
  },
  "22": {
    "level": 22,
    "ascension": 1,
    "hp": 3825.2173504,
    "attack": 94.401272,
    "defense": 205.836614,
    "specialized": 0.5
  },
  "23": {
    "level": 23,
    "ascension": 1,
    "hp": 3915.0010314000006,
    "attack": 96.617052,
    "defense": 210.6678865,
    "specialized": 0.5
  },
  "24": {
    "level": 24,
    "ascension": 1,
    "hp": 4004.7847124000004,
    "attack": 98.832832,
    "defense": 215.49915900000002,
    "specialized": 0.5
  },
  "25": {
    "level": 25,
    "ascension": 1,
    "hp": 4094.568393400001,
    "attack": 101.04861200000002,
    "defense": 220.33043150000003,
    "specialized": 0.5
  },
  "26": {
    "level": 26,
    "ascension": 1,
    "hp": 4185.408353,
    "attack": 103.29046,
    "defense": 225.2185425,
    "specialized": 0.5
  },
  "27": {
    "level": 27,
    "ascension": 1,
    "hp": 4275.192034000001,
    "attack": 105.50623999999999,
    "defense": 230.04981500000002,
    "specialized": 0.5
  },
  "28": {
    "level": 28,
    "ascension": 1,
    "hp": 4364.9757150000005,
    "attack": 107.72202000000001,
    "defense": 234.88108749999998,
    "specialized": 0.5
  },
  "29": {
    "level": 29,
    "ascension": 1,
    "hp": 4455.8156746,
    "attack": 109.96386800000002,
    "defense": 239.76919850000002,
    "specialized": 0.5
  },
  "30": {
    "level": 30,
    "ascension": 1,
    "hp": 4545.5993556,
    "attack": 112.17964800000001,
    "defense": 244.60047100000003,
    "specialized": 0.5
  },
  "31": {
    "level": 31,
    "ascension": 1,
    "hp": 4636.4393152,
    "attack": 114.42149599999999,
    "defense": 249.488582,
    "specialized": 0.5
  },
  "32": {
    "level": 32,
    "ascension": 1,
    "hp": 4727.2792748,
    "attack": 116.663344,
    "defense": 254.376693,
    "specialized": 0.5
  },
  "33": {
    "level": 33,
    "ascension": 1,
    "hp": 4818.1192344,
    "attack": 118.905192,
    "defense": 259.264804,
    "specialized": 0.5
  },
  "34": {
    "level": 34,
    "ascension": 1,
    "hp": 4907.902915400001,
    "attack": 121.120972,
    "defense": 264.09607650000004,
    "specialized": 0.5
  },
  "35": {
    "level": 35,
    "ascension": 1,
    "hp": 4998.742875,
    "attack": 123.36282,
    "defense": 268.9841875,
    "specialized": 0.5
  },
  "36": {
    "level": 36,
    "ascension": 1,
    "hp": 5090.639113200001,
    "attack": 125.63073600000001,
    "defense": 273.929137,
    "specialized": 0.5
  },
  "37": {
    "level": 37,
    "ascension": 1,
    "hp": 5181.479072800001,
    "attack": 127.87258400000002,
    "defense": 278.817248,
    "specialized": 0.5
  },
  "38": {
    "level": 38,
    "ascension": 1,
    "hp": 5272.319032400001,
    "attack": 130.11443200000002,
    "defense": 283.70535900000004,
    "specialized": 0.5
  },
  "39": {
    "level": 39,
    "ascension": 1,
    "hp": 5363.158992000001,
    "attack": 132.35628,
    "defense": 288.59347,
    "specialized": 0.5
  },
  "40": {
    "level": 40,
    "ascension": 1,
    "hp": 5455.055230200001,
    "attack": 134.624196,
    "defense": 293.53841950000003,
    "specialized": 0.5
  },
  "41": {
    "level": 41,
    "ascension": 2,
    "hp": 6189.3928898,
    "attack": 152.745824,
    "defense": 333.0540305,
    "specialized": 0.596
  },
  "42": {
    "level": 42,
    "ascension": 2,
    "hp": 6281.289128000001,
    "attack": 155.01374000000004,
    "defense": 337.99898,
    "specialized": 0.596
  },
  "43": {
    "level": 43,
    "ascension": 2,
    "hp": 6373.1853662,
    "attack": 157.281656,
    "defense": 342.9439295,
    "specialized": 0.596
  },
  "44": {
    "level": 44,
    "ascension": 2,
    "hp": 6464.0253258,
    "attack": 159.523504,
    "defense": 347.8320405,
    "specialized": 0.596
  },
  "45": {
    "level": 45,
    "ascension": 2,
    "hp": 6555.921564000001,
    "attack": 161.79142000000002,
    "defense": 352.77699,
    "specialized": 0.596
  },
  "46": {
    "level": 46,
    "ascension": 2,
    "hp": 6647.8178022,
    "attack": 164.059336,
    "defense": 357.7219395,
    "specialized": 0.596
  },
  "47": {
    "level": 47,
    "ascension": 2,
    "hp": 6739.7140404,
    "attack": 166.327252,
    "defense": 362.666889,
    "specialized": 0.596
  },
  "48": {
    "level": 48,
    "ascension": 2,
    "hp": 6831.610278600001,
    "attack": 168.595168,
    "defense": 367.61183850000003,
    "specialized": 0.596
  },
  "49": {
    "level": 49,
    "ascension": 2,
    "hp": 6924.562795400001,
    "attack": 170.88915200000002,
    "defense": 372.61362650000007,
    "specialized": 0.596
  },
  "50": {
    "level": 50,
    "ascension": 2,
    "hp": 7016.459033600001,
    "attack": 173.15706800000004,
    "defense": 377.558576,
    "specialized": 0.596
  },