{
  "1": {
    "level": 1,
    "ascension": 0,
    "hp": 1029.5856,
    "attack": 26.6266,
    "defense": 58.45391,
    "specialized": 0.5
  },
  "2": {
    "level": 2,
    "ascension": 0,
    "hp": 1115.0412048,
    "attack": 28.8366078,
    "defense": 63.30558453,
    "specialized": 0.5
  },
  "3": {
    "level": 3,
    "ascension": 0,
    "hp": 1200.4968096,
    "attack": 31.0466156,
    "defense": 68.15725906,
    "specialized": 0.5
  },
  "4": {
    "level": 4,
    "ascension": 0,
    "hp": 1286.9820000000002,
    "attack": 33.28325,
    "defense": 73.0673875,
    "specialized": 0.5
  },
  "5": {
    "level": 5,
    "ascension": 0,
    "hp": 1372.4376048000001,
    "attack": 35.4932578,
    "defense": 77.91906202999999,
    "specialized": 0.5
  },
  "6": {
    "level": 6,
    "ascension": 0,
    "hp": 1458.9227952,
    "attack": 37.7298922,
    "defense": 82.82919047,
    "specialized": 0.5
  },
  "7": {
    "level": 7,
    "ascension": 0,
    "hp": 1544.3784,
    "attack": 39.9399,
    "defense": 87.680865,
    "specialized": 0.5
  },
  "8": {
    "level": 8,
    "ascension": 0,
    "hp": 1630.8635904000002,
    "attack": 42.1765344,
    "defense": 92.59099344,
    "specialized": 0.5
  },
  "9": {
    "level": 9,
    "ascension": 0,
    "hp": 1717.3487808000002,
    "attack": 44.4131688,
    "defense": 97.50112188,
    "specialized": 0.5
  },
  "10": {
    "level": 10,
    "ascension": 0,
    "hp": 1802.8043856000002,
    "attack": 46.623176599999994,
    "defense": 102.35279641,
    "specialized": 0.5
  },
  "11": {
    "level": 11,
    "ascension": 0,
    "hp": 1889.2895760000001,
    "attack": 48.859811,
    "defense": 107.26292485,
    "specialized": 0.5
  },
  "12": {
    "level": 12,
    "ascension": 0,
    "hp": 1975.7747664000003,
    "attack": 51.0964454,
    "defense": 112.17305329,
    "specialized": 0.5
  },
  "13": {
    "level": 13,
    "ascension": 0,
    "hp": 2062.2599568000005,
    "attack": 53.3330798,
    "defense": 117.08318173,
    "specialized": 0.5
  },
  "14": {
    "level": 14,
    "ascension": 0,
    "hp": 2149.7747328000005,
    "attack": 55.5963408,
    "defense": 122.05176408000001,
    "specialized": 0.5
  },
  "15": {
    "level": 15,
    "ascension": 0,
    "hp": 2236.2599232000002,
    "attack": 57.83297520000001,
    "defense": 126.96189252,
    "specialized": 0.5
  },
  "16": {
    "level": 16,
    "ascension": 0,
    "hp": 2322.7451136,
    "attack": 60.06960959999999,
    "defense": 131.87202096,
    "specialized": 0.5
  },
  "17": {
    "level": 17,
    "ascension": 0,
    "hp": 2410.2598896000004,
    "attack": 62.33287060000001,
    "defense": 136.84060331,
    "specialized": 0.5
  },
  "18": {
    "level": 18,
    "ascension": 0,
    "hp": 2496.74508,
    "attack": 64.56950499999999,
    "defense": 141.75073175,
    "specialized": 0.5
  },
  "19": {
    "level": 19,
    "ascension": 0,
    "hp": 2584.259856,
    "attack": 66.83276599999999,
    "defense": 146.7193141,
    "specialized": 0.5
  },
  "20": {
    "level": 20,
    "ascension": 0,
    "hp": 2670.7450464000003,
    "attack": 69.06940039999999,
    "defense": 151.62944253999999,
    "specialized": 0.5
  },
  "21": {
    "level": 21,
    "ascension": 1,
    "hp": 3641.0363724000003,
    "attack": 94.16089539999999,
    "defense": 206.71812489,
    "specialized": 0.5
  },
  "22": {
    "level": 22,
    "ascension": 1,
    "hp": 3728.5511484000003,
    "attack": 96.42415639999999,
    "defense": 211.68670724,
    "specialized": 0.5
  },
  "23": {
    "level": 23,
    "ascension": 1,
    "hp": 3816.0659244000008,
    "attack": 98.6874174,
    "defense": 216.65528959000002,
    "specialized": 0.5
  },
  "24": {
    "level": 24,
    "ascension": 1,
    "hp": 3903.5807004000008,
    "attack": 100.9506784,
    "defense": 221.62387194000002,
    "specialized": 0.5
  },
  "25": {
    "level": 25,
    "ascension": 1,
    "hp": 3991.0954764000007,
    "attack": 103.2139394,
    "defense": 226.59245429,
    "specialized": 0.5
  },
  "26": {
    "level": 26,
    "ascension": 1,
    "hp": 4079.6398380000005,
    "attack": 105.50382699999999,
    "defense": 231.61949055,
    "specialized": 0.5
  },
  "27": {
    "level": 27,
    "ascension": 1,
    "hp": 4167.154614000001,
    "attack": 107.76708799999999,
    "defense": 236.58807290000001,
    "specialized": 0.5
  },
  "28": {
    "level": 28,
    "ascension": 1,
    "hp": 4254.669390000001,
    "attack": 110.03034899999999,
    "defense": 241.55665525,
    "specialized": 0.5
  },
  "29": {
    "level": 29,
    "ascension": 1,
    "hp": 4343.2137516,
    "attack": 112.3202366,
    "defense": 246.58369151000002,
    "specialized": 0.5
  },
  "30": {
    "level": 30,
    "ascension": 1,
    "hp": 4430.7285276,
    "attack": 114.5834976,
    "defense": 251.55227386,
    "specialized": 0.5
  },
  "31": {
    "level": 31,
    "ascension": 1,
    "hp": 4519.2728892000005,
    "attack": 116.8733852,
    "defense": 256.57931012,
    "specialized": 0.5
  },
  "32": {
    "level": 32,
    "ascension": 1,
    "hp": 4607.817250800001,
    "attack": 119.16327279999999,
    "defense": 261.60634638,
    "specialized": 0.5
  },
  "33": {
    "level": 33,
    "ascension": 1,
    "hp": 4696.3616124,
    "attack": 121.4531604,
    "defense": 266.63338264,
    "specialized": 0.5
  },
  "34": {
    "level": 34,
    "ascension": 1,
    "hp": 4783.8763884,
    "attack": 123.7164214,
    "defense": 271.60196499,
    "specialized": 0.5
  },
  "35": {
    "level": 35,
    "ascension": 1,
    "hp": 4872.420750000001,
    "attack": 126.00630899999999,
    "defense": 276.62900125,
    "specialized": 0.5
  },
  "36": {
    "level": 36,
    "ascension": 1,
    "hp": 4961.994697200001,
    "attack": 128.32282320000002,
    "defense": 281.71449142,
    "specialized": 0.5
  },
  "37": {
    "level": 37,
    "ascension": 1,
    "hp": 5050.539058800001,
    "attack": 130.6127108,
    "defense": 286.74152768,
    "specialized": 0.5
  },
  "38": {
    "level": 38,
    "ascension": 1,
    "hp": 5139.0834204,
    "attack": 132.90259840000002,
    "defense": 291.76856394000004,
    "specialized": 0.5
  },
  "39": {
    "level": 39,
    "ascension": 1,
    "hp": 5227.627782,
    "attack": 135.192486,
    "defense": 296.79560019999997,
    "specialized": 0.5
  },
  "40": {
    "level": 40,
    "ascension": 1,
    "hp": 5317.2017292,
    "attack": 137.5090002,
    "defense": 301.88109037000004,
    "specialized": 0.5
  },
  "41": {
    "level": 41,
    "ascension": 2,
    "hp": 6032.982140800001,
    "attack": 156.01894779999998,
    "defense": 342.51977663,
    "specialized": 0.596
  },
  "42": {
    "level": 42,
    "ascension": 2,
    "hp": 6122.556088000001,
    "attack": 158.335462,
    "defense": 347.6052668,
    "specialized": 0.596
  },
  "43": {
    "level": 43,
    "ascension": 2,
    "hp": 6212.130035200001,
    "attack": 160.6519762,
    "defense": 352.69075697000005,
    "specialized": 0.596
  },
  "44": {
    "level": 44,
    "ascension": 2,
    "hp": 6300.6743968,
    "attack": 162.9418638,
    "defense": 357.71779323,
    "specialized": 0.596
  },
  "45": {
    "level": 45,
    "ascension": 2,
    "hp": 6390.2483440000005,
    "attack": 165.258378,
    "defense": 362.80328340000005,
    "specialized": 0.596
  },
  "46": {
    "level": 46,
    "ascension": 2,
    "hp": 6479.8222912,
    "attack": 167.5748922,
    "defense": 367.88877357,
    "specialized": 0.596
  },
  "47": {
    "level": 47,
    "ascension": 2,
    "hp": 6569.396238400001,
    "attack": 169.8914064,
    "defense": 372.97426373999997,
    "specialized": 0.596
  },
  "48": {
    "level": 48,
    "ascension": 2,
    "hp": 6658.970185600001,
    "attack": 172.2079206,
    "defense": 378.05975391000004,
    "specialized": 0.596
  },
  "49": {
    "level": 49,
    "ascension": 2,
    "hp": 6749.573718400001,
    "attack": 174.5510614,
    "defense": 383.20369799,
    "specialized": 0.596
  },
  "50": {
    "level": 50,
    "ascension": 2,
    "hp": 6839.1476656,