{
  "1": {
    "level": 1,
    "ascension": 0,
    "hp": 802.3761,
    "attack": 16.4724,
    "defense": 52.647,
    "specialized": 0
  },
  "2": {
    "level": 2,
    "ascension": 0,
    "hp": 868.9733163,
    "attack": 17.839609199999998,
    "defense": 57.016701,
    "specialized": 0
  },
  "3": {
    "level": 3,
    "ascension": 0,
    "hp": 934.7681564999999,
    "attack": 19.190346,
    "defense": 61.333755000000004,
    "specialized": 0
  },
  "4": {
    "level": 4,
    "ascension": 0,
    "hp": 1001.3653727999999,
    "attack": 20.5575552,
    "defense": 65.703456,
    "specialized": 0
  },
  "5": {
    "level": 5,
    "ascension": 0,
    "hp": 1067.1602129999999,
    "attack": 21.908292000000003,
    "defense": 70.02051,
    "specialized": 0
  },
  "6": {
    "level": 6,
    "ascension": 0,
    "hp": 1133.7574293,
    "attack": 23.2755012,
    "defense": 74.390211,
    "specialized": 0
  },
  "7": {
    "level": 7,
    "ascension": 0,
    "hp": 1199.5522695,
    "attack": 24.626238,
    "defense": 78.707265,
    "specialized": 0
  },
  "8": {
    "level": 8,
    "ascension": 0,
    "hp": 1266.1494857999999,
    "attack": 25.993447200000002,
    "defense": 83.076966,
    "specialized": 0
  },
  "9": {
    "level": 9,
    "ascension": 0,
    "hp": 1332.7467021,
    "attack": 27.3606564,
    "defense": 87.446667,
    "specialized": 0
  },
  "10": {
    "level": 10,
    "ascension": 0,
    "hp": 1398.5415423,
    "attack": 28.711393200000003,
    "defense": 91.763721,
    "specialized": 0
  },
  "11": {
    "level": 11,
    "ascension": 0,
    "hp": 1465.1387586,
    "attack": 30.0786024,
    "defense": 96.133422,
    "specialized": 0
  },
  "12": {
    "level": 12,
    "ascension": 0,
    "hp": 1530.9335987999998,
    "attack": 31.4293392,
    "defense": 100.450476,
    "specialized": 0
  },
  "13": {
    "level": 13,
    "ascension": 0,
    "hp": 1597.5308151,
    "attack": 32.7965484,
    "defense": 104.820177,
    "specialized": 0
  },
  "14": {
    "level": 14,
    "ascension": 0,
    "hp": 1663.3256552999999,
    "attack": 34.1472852,
    "defense": 109.137231,
    "specialized": 0
  },
  "15": {
    "level": 15,
    "ascension": 0,
    "hp": 1729.9228716,
    "attack": 35.514494400000004,
    "defense": 113.506932,
    "specialized": 0
  },
  "16": {
    "level": 16,
    "ascension": 0,
    "hp": 1796.5200878999997,
    "attack": 36.8817036,
    "defense": 117.87663299999998,
    "specialized": 0
  },
  "17": {
    "level": 17,
    "ascension": 0,
    "hp": 1862.3149281,
    "attack": 38.2324404,
    "defense": 122.19368700000001,
    "specialized": 0
  },
  "18": {
    "level": 18,
    "ascension": 0,
    "hp": 1928.9121443999998,
    "attack": 39.5996496,
    "defense": 126.56338799999999,
    "specialized": 0
  },
  "19": {
    "level": 19,
    "ascension": 0,
    "hp": 1994.7069846,
    "attack": 40.950386400000006,
    "defense": 130.88044200000002,
    "specialized": 0
  },
  "20": {
    "level": 20,
    "ascension": 0,
    "hp": 2061.3042008999996,
    "attack": 42.3175956,
    "defense": 135.25014299999998,
    "specialized": 0
  },
  "21": {
    "level": 21,
    "ascension": 1,
    "hp": 2726.5150411,
    "attack": 55.9743474,
    "defense": 178.897197,
    "specialized": 0
  },
  "22": {
    "level": 22,
    "ascension": 1,
    "hp": 2793.1122574,
    "attack": 57.341556600000004,
    "defense": 183.26689799999997,
    "specialized": 0
  },
  "23": {
    "level": 23,
    "ascension": 1,
    "hp": 2859.7094737,
    "attack": 58.70876580000001,
    "defense": 187.636599,
    "specialized": 0
  },
  "24": {
    "level": 24,
    "ascension": 1,
    "hp": 2925.5043139,
    "attack": 60.0595026,
    "defense": 191.95365299999997,
    "specialized": 0
  },
  "25": {
    "level": 25,
    "ascension": 1,
    "hp": 2992.1015302,
    "attack": 61.42671180000001,
    "defense": 196.323354,
    "specialized": 0
  },
  "26": {
    "level": 26,
    "ascension": 1,
    "hp": 3057.8963704000003,
    "attack": 62.77744860000001,
    "defense": 200.64040799999998,
    "specialized": 0
  },
  "27": {
    "level": 27,
    "ascension": 1,
    "hp": 3124.4935867,
    "attack": 64.14465779999999,
    "defense": 205.010109,
    "specialized": 0
  },
  "28": {
    "level": 28,
    "ascension": 1,
    "hp": 3190.2884269,
    "attack": 65.4953946,
    "defense": 209.32716299999998,
    "specialized": 0
  },
  "29": {
    "level": 29,
    "ascension": 1,
    "hp": 3256.8856432,
    "attack": 66.8626038,
    "defense": 213.696864,
    "specialized": 0
  },
  "30": {
    "level": 30,
    "ascension": 1,
    "hp": 3322.6804834,
    "attack": 68.2133406,
    "defense": 218.013918,
    "specialized": 0
  },
  "31": {
    "level": 31,
    "ascension": 1,
    "hp": 3389.2776997,
    "attack": 69.5805498,
    "defense": 222.383619,
    "specialized": 0
  },
  "32": {
    "level": 32,
    "ascension": 1,
    "hp": 3455.874916,
    "attack": 70.947759,
    "defense": 226.75331999999997,
    "specialized": 0
  },
  "33": {
    "level": 33,
    "ascension": 1,
    "hp": 3521.6697562,
    "attack": 72.2984958,
    "defense": 231.07037400000002,
    "specialized": 0
  },
  "34": {
    "level": 34,
    "ascension": 1,
    "hp": 3588.2669725,
    "attack": 73.665705,
    "defense": 235.44007499999998,
    "specialized": 0
  },
  "35": {
    "level": 35,
    "ascension": 1,
    "hp": 3654.0618127,
    "attack": 75.0164418,
    "defense": 239.75712899999996,
    "specialized": 0
  },
  "36": {
    "level": 36,
    "ascension": 1,
    "hp": 3720.659029,
    "attack": 76.383651,
    "defense": 244.12682999999998,
    "specialized": 0
  },
  "37": {
    "level": 37,
    "ascension": 1,
    "hp": 3786.4538692,
    "attack": 77.73438780000001,
    "defense": 248.44388399999997,
    "specialized": 0
  },
  "38": {
    "level": 38,
    "ascension": 1,
    "hp": 3853.0510854999998,
    "attack": 79.101597,
    "defense": 252.813585,
    "specialized": 0
  },
  "39": {
    "level": 39,
    "ascension": 1,
    "hp": 3919.6483018,
    "attack": 80.4688062,
    "defense": 257.183286,
    "specialized": 0
  },
  "40": {
    "level": 40,
    "ascension": 1,
    "hp": 3985.4431419999996,
    "attack": 81.819543,
    "defense": 261.50034,
    "specialized": 0
  },
  "41": {
    "level": 41,
    "ascension": 2,
    "hp": 4477.941258299999,
    "attack": 91.9305002,
    "defense": 293.815041,
    "specialized": 0.06
  },
  "42": {
    "level": 42,
    "ascension": 2,
    "hp": 4543.7360985,
    "attack": 93.28123699999999,
    "defense": 298.132095,
    "specialized": 0.06
  },
  "43": {
    "level": 43,
    "ascension": 2,
    "hp": 4610.3333148,
    "attack": 94.6484462,
    "defense": 302.501796,
    "specialized": 0.06
  },
  "44": {
    "level": 44,
    "ascension": 2,
    "hp": 4676.128154999999,
    "attack": 95.999183,
    "defense": 306.81885,
    "specialized": 0.06
  },
  "45": {
    "level": 45,
    "ascension": 2,
    "hp": 4742.7253713,
    "attack": 97.3663922,
    "defense": 311.18855099999996,
    "specialized": 0.06
  },
  "46": {
    "level": 46,
    "ascension": 2,
    "hp": 4809.3225876,
    "attack": 98.7336014,
    "defense": 315.55825200000004,
    "specialized": 0.06
  },
  "47": {
    "level": 47,
    "ascension": 2,
    "hp": 4875.1174278,
    "attack": 100.0843382,
    "defense": 319.875306,
    "specialized": 0.06
  },
  "48": {
    "level": 48,
    "ascension": 2,
    "hp": 4941.7146440999995,
    "attack": 101.45154740000001,
    "defense": 324.245007,
    "specialized": 0.06
  },
  "49": {
    "level": 49,
    "ascension": 2,
    "hp": 5007.5094843,
    "attack": 102.8022842,
    "defense": 328.56206099999997,
    "specialized": 0.06
  },
  "50": {
    "level": 50,
    "ascension": 2,
    "hp": 5074.1067006,
    "attack": 104.16949340000001,
    "defense": 332.93176200000005,
    "specialized": 0.06
  },
  "51": {
    "level": 51,
    "ascension": 3,
    "hp": 5707.7693408,
    "attack": 117.1785572,
    "defense": 374.508816,
    "specialized": 0.12
  },