{
  "1": {
    "level": 1,
    "ascension": 0,
    "hp": 770.4634,
    "attack": 20.4792,
    "defense": 49.78575,
    "specialized": 0
  },
  "2": {
    "level": 2,
    "ascension": 0,
    "hp": 834.4118622,
    "attack": 22.1789736,
    "defense": 53.91796725,
    "specialized": 0
  },
  "3": {
    "level": 3,
    "ascension": 0,
    "hp": 897.589861,
    "attack": 23.858268,
    "defense": 58.00039875,
    "specialized": 0
  },
  "4": {
    "level": 4,
    "ascension": 0,
    "hp": 961.5383231999999,
    "attack": 25.5580416,
    "defense": 62.132616,
    "specialized": 0
  },
  "5": {
    "level": 5,
    "ascension": 0,
    "hp": 1024.716322,
    "attack": 27.237336,
    "defense": 66.2150475,
    "specialized": 0
  },
  "6": {
    "level": 6,
    "ascension": 0,
    "hp": 1088.6647842,
    "attack": 28.9371096,
    "defense": 70.34726475000001,
    "specialized": 0
  },
  "7": {
    "level": 7,
    "ascension": 0,
    "hp": 1151.842783,
    "attack": 30.616404,
    "defense": 74.42969625,
    "specialized": 0
  },
  "8": {
    "level": 8,
    "ascension": 0,
    "hp": 1215.7912452,
    "attack": 32.316177599999996,
    "defense": 78.5619135,
    "specialized": 0
  },
  "9": {
    "level": 9,
    "ascension": 0,
    "hp": 1279.7397074,
    "attack": 34.015951199999996,
    "defense": 82.69413075,
    "specialized": 0
  },
  "10": {
    "level": 10,
    "ascension": 0,
    "hp": 1342.9177062,
    "attack": 35.6952456,
    "defense": 86.77656225000001,
    "specialized": 0
  },
  "11": {
    "level": 11,
    "ascension": 0,
    "hp": 1406.8661684,
    "attack": 37.3950192,
    "defense": 90.90877950000001,
    "specialized": 0
  },
  "12": {
    "level": 12,
    "ascension": 0,
    "hp": 1470.0441672,
    "attack": 39.074313599999996,
    "defense": 94.99121099999999,
    "specialized": 0
  },
  "13": {
    "level": 13,
    "ascension": 0,
    "hp": 1533.9926294,
    "attack": 40.7740872,
    "defense": 99.12342825,
    "specialized": 0
  },
  "14": {
    "level": 14,
    "ascension": 0,
    "hp": 1597.1706282,
    "attack": 42.45338159999999,
    "defense": 103.20585975,
    "specialized": 0
  },
  "15": {
    "level": 15,
    "ascension": 0,
    "hp": 1661.1190904,
    "attack": 44.1531552,
    "defense": 107.33807700000001,
    "specialized": 0
  },
  "16": {
    "level": 16,
    "ascension": 0,
    "hp": 1725.0675525999998,
    "attack": 45.852928799999994,
    "defense": 111.47029425,
    "specialized": 0
  },
  "17": {
    "level": 17,
    "ascension": 0,
    "hp": 1788.2455514,
    "attack": 47.5322232,
    "defense": 115.55272575000001,
    "specialized": 0
  },
  "18": {
    "level": 18,
    "ascension": 0,
    "hp": 1852.1940135999998,
    "attack": 49.2319968,
    "defense": 119.68494299999999,
    "specialized": 0
  },
  "19": {
    "level": 19,
    "ascension": 0,
    "hp": 1915.3720124000001,
    "attack": 50.9112912,
    "defense": 123.76737450000002,
    "specialized": 0
  },
  "20": {
    "level": 20,
    "ascension": 0,
    "hp": 1979.3204746,
    "attack": 52.611064799999994,
    "defense": 127.89959175,
    "specialized": 0
  },
  "21": {
    "level": 21,
    "ascension": 1,
    "hp": 2618.0740733999996,
    "attack": 69.5897292,
    "defense": 169.17452325,
    "specialized": 0
  },
  "22": {
    "level": 22,
    "ascension": 1,
    "hp": 2682.0225356,
    "attack": 71.2895028,
    "defense": 173.3067405,
    "specialized": 0
  },
  "23": {
    "level": 23,
    "ascension": 1,
    "hp": 2745.9709978,
    "attack": 72.9892764,
    "defense": 177.43895775000001,
    "specialized": 0
  },
  "24": {
    "level": 24,
    "ascension": 1,
    "hp": 2809.1489966,
    "attack": 74.6685708,
    "defense": 181.52138925,
    "specialized": 0
  },
  "25": {
    "level": 25,
    "ascension": 1,
    "hp": 2873.0974588000004,
    "attack": 76.3683444,
    "defense": 185.6536065,
    "specialized": 0
  },
  "26": {
    "level": 26,
    "ascension": 1,
    "hp": 2936.2754576,
    "attack": 78.0476388,
    "defense": 189.736038,
    "specialized": 0
  },
  "27": {
    "level": 27,
    "ascension": 1,
    "hp": 3000.2239197999997,
    "attack": 79.74741239999999,
    "defense": 193.86825524999998,
    "specialized": 0
  },
  "28": {
    "level": 28,
    "ascension": 1,
    "hp": 3063.4019186,
    "attack": 81.42670679999999,
    "defense": 197.95068675,
    "specialized": 0
  },
  "29": {
    "level": 29,
    "ascension": 1,
    "hp": 3127.3503808,
    "attack": 83.12648039999999,
    "defense": 202.08290399999998,
    "specialized": 0
  },
  "30": {
    "level": 30,
    "ascension": 1,
    "hp": 3190.5283796000003,
    "attack": 84.8057748,
    "defense": 206.1653355,
    "specialized": 0
  },
  "31": {
    "level": 31,
    "ascension": 1,
    "hp": 3254.4768418,
    "attack": 86.5055484,
    "defense": 210.29755275,
    "specialized": 0
  },
  "32": {
    "level": 32,
    "ascension": 1,
    "hp": 3318.425304,
    "attack": 88.205322,
    "defense": 214.42977,
    "specialized": 0
  },
  "33": {
    "level": 33,
    "ascension": 1,
    "hp": 3381.6033028,
    "attack": 89.88461639999998,
    "defense": 218.5122015,
    "specialized": 0
  },
  "34": {
    "level": 34,
    "ascension": 1,
    "hp": 3445.551765,
    "attack": 91.58439,
    "defense": 222.64441875,
    "specialized": 0
  },
  "35": {
    "level": 35,
    "ascension": 1,
    "hp": 3508.7297638,
    "attack": 93.26368439999999,
    "defense": 226.72685024999998,
    "specialized": 0
  },
  "36": {
    "level": 36,
    "ascension": 1,
    "hp": 3572.678226,
    "attack": 94.96345799999999,
    "defense": 230.8590675,
    "specialized": 0
  },
  "37": {
    "level": 37,
    "ascension": 1,
    "hp": 3635.8562248,
    "attack": 96.64275239999999,
    "defense": 234.941499,
    "specialized": 0
  },
  "38": {
    "level": 38,
    "ascension": 1,
    "hp": 3699.804687,
    "attack": 98.34252599999998,
    "defense": 239.07371625,
    "specialized": 0
  },
  "39": {
    "level": 39,
    "ascension": 1,
    "hp": 3763.7531492,
    "attack": 100.04229959999999,
    "defense": 243.2059335,
    "specialized": 0
  },
  "40": {
    "level": 40,
    "ascension": 1,
    "hp": 3826.9311479999997,
    "attack": 101.72159399999998,
    "defense": 247.28836499999997,
    "specialized": 0
  },
  "41": {
    "level": 41,
    "ascension": 2,
    "hp": 4299.8412402,
    "attack": 114.29197260000001,
    "defense": 277.84683225,
    "specialized": 0.06
  },
  "42": {
    "level": 42,
    "ascension": 2,
    "hp": 4363.019239,
    "attack": 115.97126699999998,
    "defense": 281.92926374999996,
    "specialized": 0.06
  },
  "43": {
    "level": 43,
    "ascension": 2,
    "hp": 4426.9677012,
    "attack": 117.6710406,
    "defense": 286.061481,
    "specialized": 0.06
  },
  "44": {
    "level": 44,
    "ascension": 2,
    "hp": 4490.1457,
    "attack": 119.350335,
    "defense": 290.1439125,
    "specialized": 0.06
  },
  "45": {
    "level": 45,
    "ascension": 2,
    "hp": 4554.0941622,
    "attack": 121.05010859999999,
    "defense": 294.27612975,
    "specialized": 0.06
  },
  "46": {
    "level": 46,
    "ascension": 2,
    "hp": 4618.0426244,
    "attack": 122.7498822,
    "defense": 298.408347,
    "specialized": 0.06
  },
  "47": {
    "level": 47,
    "ascension": 2,
    "hp": 4681.2206232,
    "attack": 124.4291766,
    "defense": 302.4907785,
    "specialized": 0.06
  },
  "48": {
    "level": 48,
    "ascension": 2,
    "hp": 4745.1690854,
    "attack": 126.12895019999999,
    "defense": 306.62299575000003,
    "specialized": 0.06
  },
  "49": {
    "level": 49,
    "ascension": 2,
    "hp": 4808.3470842,
    "attack": 127.8082446,
    "defense": 310.70542725,
    "specialized": 0.06
  },
  "50": {
    "level": 50,
    "ascension": 2,
    "hp": 4872.295546400001,
    "attack": 129.5080182,
    "defense": 314.8376445,
    "specialized": 0.06
  },
  "51": {
    "level": 51,
    "ascension": 3,
    "hp": 5480.7556152,
    "attack": 145.6814536,
    "defense": 354.155076,