{
  "1": {
    "level": 1,
    "ascension": 0,
    "hp": 1012.088,
    "attack": 21.3696,
    "defense": 59.39955,
    "specialized": 0
  },
  "2": {
    "level": 2,
    "ascension": 0,
    "hp": 1096.091304,
    "attack": 23.1432768,
    "defense": 64.32971264999999,
    "specialized": 0
  },
  "3": {
    "level": 3,
    "ascension": 0,
    "hp": 1179.08252,
    "attack": 24.895584,
    "defense": 69.20047575,
    "specialized": 0
  },
  "4": {
    "level": 4,
    "ascension": 0,
    "hp": 1263.085824,
    "attack": 26.669260799999996,
    "defense": 74.1306384,
    "specialized": 0
  },
  "5": {
    "level": 5,
    "ascension": 0,
    "hp": 1346.0770400000001,
    "attack": 28.421568,
    "defense": 79.0014015,
    "specialized": 0
  },
  "6": {
    "level": 6,
    "ascension": 0,
    "hp": 1430.080344,
    "attack": 30.195244799999998,
    "defense": 83.93156415,
    "specialized": 0
  },
  "7": {
    "level": 7,
    "ascension": 0,
    "hp": 1513.07156,
    "attack": 31.947551999999998,
    "defense": 88.80232725,
    "specialized": 0
  },
  "8": {
    "level": 8,
    "ascension": 0,
    "hp": 1597.074864,
    "attack": 33.7212288,
    "defense": 93.7324899,
    "specialized": 0
  },
  "9": {
    "level": 9,
    "ascension": 0,
    "hp": 1681.078168,
    "attack": 35.494905599999996,
    "defense": 98.66265255,
    "specialized": 0
  },
  "10": {
    "level": 10,
    "ascension": 0,
    "hp": 1764.0693840000001,
    "attack": 37.2472128,
    "defense": 103.53341565000001,
    "specialized": 0
  },
  "11": {
    "level": 11,
    "ascension": 0,
    "hp": 1848.072688,
    "attack": 39.0208896,
    "defense": 108.4635783,
    "specialized": 0
  },
  "12": {
    "level": 12,
    "ascension": 0,
    "hp": 1931.0639039999999,
    "attack": 40.773196799999994,
    "defense": 113.33434139999999,
    "specialized": 0
  },
  "13": {
    "level": 13,
    "ascension": 0,
    "hp": 2015.067208,
    "attack": 42.5468736,
    "defense": 118.26450405,
    "specialized": 0
  },
  "14": {
    "level": 14,
    "ascension": 0,
    "hp": 2098.058424,
    "attack": 44.299180799999995,
    "defense": 123.13526714999999,
    "specialized": 0
  },
  "15": {
    "level": 15,
    "ascension": 0,
    "hp": 2182.061728,
    "attack": 46.0728576,
    "defense": 128.0654298,
    "specialized": 0
  },
  "16": {
    "level": 16,
    "ascension": 0,
    "hp": 2266.065032,
    "attack": 47.846534399999996,
    "defense": 132.99559244999998,
    "specialized": 0
  },
  "17": {
    "level": 17,
    "ascension": 0,
    "hp": 2349.056248,
    "attack": 49.5988416,
    "defense": 137.86635555,
    "specialized": 0
  },
  "18": {
    "level": 18,
    "ascension": 0,
    "hp": 2433.0595519999997,
    "attack": 51.3725184,
    "defense": 142.79651819999998,
    "specialized": 0
  },
  "19": {
    "level": 19,
    "ascension": 0,
    "hp": 2516.050768,
    "attack": 53.1248256,
    "defense": 147.6672813,
    "specialized": 0
  },
  "20": {
    "level": 20,
    "ascension": 0,
    "hp": 2600.054072,
    "attack": 54.8985024,
    "defense": 152.59744394999998,
    "specialized": 0
  },
  "21": {
    "level": 21,
    "ascension": 1,
    "hp": 3439.126828,
    "attack": 72.6153696,
    "defense": 201.84270705,
    "specialized": 0
  },
  "22": {
    "level": 22,
    "ascension": 1,
    "hp": 3523.1301320000002,
    "attack": 74.3890464,
    "defense": 206.7728697,
    "specialized": 0
  },
  "23": {
    "level": 23,
    "ascension": 1,
    "hp": 3607.133436,
    "attack": 76.1627232,
    "defense": 211.70303235,
    "specialized": 0
  },
  "24": {
    "level": 24,
    "ascension": 1,
    "hp": 3690.124652,
    "attack": 77.91503039999999,
    "defense": 216.57379544999998,
    "specialized": 0
  },
  "25": {
    "level": 25,
    "ascension": 1,
    "hp": 3774.1279560000003,
    "attack": 79.6887072,
    "defense": 221.50395809999998,
    "specialized": 0
  },
  "26": {
    "level": 26,
    "ascension": 1,
    "hp": 3857.119172,
    "attack": 81.4410144,
    "defense": 226.3747212,
    "specialized": 0
  },
  "27": {
    "level": 27,
    "ascension": 1,
    "hp": 3941.122476,
    "attack": 83.21469119999999,
    "defense": 231.30488384999995,
    "specialized": 0
  },
  "28": {
    "level": 28,
    "ascension": 1,
    "hp": 4024.113692,
    "attack": 84.96699840000001,
    "defense": 236.17564695,
    "specialized": 0
  },
  "29": {
    "level": 29,
    "ascension": 1,
    "hp": 4108.116996,
    "attack": 86.7406752,
    "defense": 241.1058096,
    "specialized": 0
  },
  "30": {
    "level": 30,
    "ascension": 1,
    "hp": 4191.108212,
    "attack": 88.4929824,
    "defense": 245.97657270000002,
    "specialized": 0
  },
  "31": {
    "level": 31,
    "ascension": 1,
    "hp": 4275.111516,
    "attack": 90.26665919999999,
    "defense": 250.90673534999996,
    "specialized": 0
  },
  "32": {
    "level": 32,
    "ascension": 1,
    "hp": 4359.11482,
    "attack": 92.040336,
    "defense": 255.83689800000002,
    "specialized": 0
  },
  "33": {
    "level": 33,
    "ascension": 1,
    "hp": 4442.106036,
    "attack": 93.7926432,
    "defense": 260.7076611,
    "specialized": 0
  },
  "34": {
    "level": 34,
    "ascension": 1,
    "hp": 4526.10934,
    "attack": 95.56632,
    "defense": 265.63782375,
    "specialized": 0
  },
  "35": {
    "level": 35,
    "ascension": 1,
    "hp": 4609.100555999999,
    "attack": 97.3186272,
    "defense": 270.50858685,
    "specialized": 0
  },
  "36": {
    "level": 36,
    "ascension": 1,
    "hp": 4693.10386,
    "attack": 99.092304,
    "defense": 275.4387495,
    "specialized": 0
  },
  "37": {
    "level": 37,
    "ascension": 1,
    "hp": 4776.095076,
    "attack": 100.8446112,
    "defense": 280.3095126,
    "specialized": 0
  },
  "38": {
    "level": 38,
    "ascension": 1,
    "hp": 4860.098379999999,
    "attack": 102.61828799999999,
    "defense": 285.23967524999995,
    "specialized": 0
  },
  "39": {
    "level": 39,
    "ascension": 1,
    "hp": 4944.101684,
    "attack": 104.3919648,
    "defense": 290.1698379,
    "specialized": 0
  },
  "40": {
    "level": 40,
    "ascension": 1,
    "hp": 5027.0929,
    "attack": 106.14427199999999,
    "defense": 295.040601,
    "specialized": 0
  },
  "41": {
    "level": 41,
    "ascension": 2,
    "hp": 5648.312064,
    "attack": 119.26118879999999,
    "defense": 331.50001365,
    "specialized": 0.06
  },
  "42": {
    "level": 42,
    "ascension": 2,
    "hp": 5731.30328,
    "attack": 121.01349599999999,
    "defense": 336.37077675,
    "specialized": 0.06
  },
  "43": {
    "level": 43,
    "ascension": 2,
    "hp": 5815.306584,
    "attack": 122.7871728,
    "defense": 341.3009394,
    "specialized": 0.06
  },
  "44": {
    "level": 44,
    "ascension": 2,
    "hp": 5898.2978,
    "attack": 124.53947999999998,
    "defense": 346.1717025,
    "specialized": 0.06
  },
  "45": {
    "level": 45,
    "ascension": 2,
    "hp": 5982.301104,
    "attack": 126.31315679999999,
    "defense": 351.10186515,
    "specialized": 0.06
  },
  "46": {
    "level": 46,
    "ascension": 2,
    "hp": 6066.304408,
    "attack": 128.08683359999998,
    "defense": 356.0320278,
    "specialized": 0.06
  },
  "47": {
    "level": 47,
    "ascension": 2,
    "hp": 6149.295624,
    "attack": 129.8391408,
    "defense": 360.9027909,
    "specialized": 0.06
  },
  "48": {
    "level": 48,
    "ascension": 2,
    "hp": 6233.298928,
    "attack": 131.6128176,
    "defense": 365.83295355,
    "specialized": 0.06
  },
  "49": {
    "level": 49,
    "ascension": 2,
    "hp": 6316.2901440000005,
    "attack": 133.3651248,
    "defense": 370.70371665,
    "specialized": 0.06
  },
  "50": {
    "level": 50,
    "ascension": 2,
    "hp": 6400.293448,
    "attack": 135.1388016,
    "defense": 375.6338793,
    "specialized": 0.06
  },
  "51": {
    "level": 51,
    "ascension": 3,
    "hp": 7199.572464000001,
    "attack": 152.0154288,
    "defense": 422.5436424,
    "specialized": 0.12
  },
  "52": {
    "level": 52,