{
  "1": {
    "level": 1,
    "ascension": 0,
    "hp": 1191.65,
    "attack": 18.9924,
    "defense": 54.14615,
    "specialized": 0.05
  },
  "2": {
    "level": 2,
    "ascension": 0,
    "hp": 1290.5569500000001,
    "attack": 20.5687692,
    "defense": 58.64028045,
    "specialized": 0.05
  },
  "3": {
    "level": 3,
    "ascension": 0,
    "hp": 1389.4639,
    "attack": 22.145138399999997,
    "defense": 63.13441089999999,
    "specialized": 0.05
  },
  "4": {
    "level": 4,
    "ascension": 0,
    "hp": 1489.5625,
    "attack": 23.7405,
    "defense": 67.6826875,
    "specialized": 0.05
  },
  "5": {
    "level": 5,
    "ascension": 0,
    "hp": 1588.46945,
    "attack": 25.3168692,
    "defense": 72.17681795,
    "specialized": 0.05
  },
  "6": {
    "level": 6,
    "ascension": 0,
    "hp": 1688.56805,
    "attack": 26.9122308,
    "defense": 76.72509455,
    "specialized": 0.05
  },
  "7": {
    "level": 7,
    "ascension": 0,
    "hp": 1787.4750000000001,
    "attack": 28.488599999999998,
    "defense": 81.219225,
    "specialized": 0.05
  },
  "8": {
    "level": 8,
    "ascension": 0,
    "hp": 1887.5736000000002,
    "attack": 30.083961600000002,
    "defense": 85.7675016,
    "specialized": 0.05
  },
  "9": {
    "level": 9,
    "ascension": 0,
    "hp": 1987.6722,
    "attack": 31.6793232,
    "defense": 90.3157782,
    "specialized": 0.05
  },
  "10": {
    "level": 10,
    "ascension": 0,
    "hp": 2086.57915,
    "attack": 33.2556924,
    "defense": 94.80990865,
    "specialized": 0.05
  },
  "11": {
    "level": 11,
    "ascension": 0,
    "hp": 2186.6777500000003,
    "attack": 34.851054,
    "defense": 99.35818524999999,
    "specialized": 0.05
  },
  "12": {
    "level": 12,
    "ascension": 0,
    "hp": 2286.77635,
    "attack": 36.4464156,
    "defense": 103.90646185,
    "specialized": 0.05
  },
  "13": {
    "level": 13,
    "ascension": 0,
    "hp": 2386.8749500000004,
    "attack": 38.0417772,
    "defense": 108.45473845000001,
    "specialized": 0.05
  },
  "14": {
    "level": 14,
    "ascension": 0,
    "hp": 2488.1652000000004,
    "attack": 39.656131200000004,
    "defense": 113.0571612,
    "specialized": 0.05
  },
  "15": {
    "level": 15,
    "ascension": 0,
    "hp": 2588.2638,
    "attack": 41.2514928,
    "defense": 117.6054378,
    "specialized": 0.05
  },
  "16": {
    "level": 16,
    "ascension": 0,
    "hp": 2688.3624,
    "attack": 42.8468544,
    "defense": 122.15371439999998,
    "specialized": 0.05
  },
  "17": {
    "level": 17,
    "ascension": 0,
    "hp": 2789.6526500000004,
    "attack": 44.461208400000004,
    "defense": 126.75613715,
    "specialized": 0.05
  },
  "18": {
    "level": 18,
    "ascension": 0,
    "hp": 2889.75125,
    "attack": 46.056569999999994,
    "defense": 131.30441374999998,
    "specialized": 0.05
  },
  "19": {
    "level": 19,
    "ascension": 0,
    "hp": 2991.0415,
    "attack": 47.67092399999999,
    "defense": 135.9068365,
    "specialized": 0.05
  },
  "20": {
    "level": 20,
    "ascension": 0,
    "hp": 3091.1401,
    "attack": 49.266285599999996,
    "defense": 140.45511309999998,
    "specialized": 0.05
  },
  "21": {
    "level": 21,
    "ascension": 1,
    "hp": 4214.16245,
    "attack": 67.16371459999999,
    "defense": 191.48403585,
    "specialized": 0.05
  },
  "22": {
    "level": 22,
    "ascension": 1,
    "hp": 4315.4527,
    "attack": 68.7780686,
    "defense": 196.0864586,
    "specialized": 0.05
  },
  "23": {
    "level": 23,
    "ascension": 1,
    "hp": 4416.742950000001,
    "attack": 70.3924226,
    "defense": 200.68888135,
    "specialized": 0.05
  },
  "24": {
    "level": 24,
    "ascension": 1,
    "hp": 4518.033200000001,
    "attack": 72.00677660000001,
    "defense": 205.29130410000002,
    "specialized": 0.05
  },
  "25": {
    "level": 25,
    "ascension": 1,
    "hp": 4619.323450000001,
    "attack": 73.6211306,
    "defense": 209.89372685,
    "specialized": 0.05
  },
  "26": {
    "level": 26,
    "ascension": 1,
    "hp": 4721.8053500000005,
    "attack": 75.254477,
    "defense": 214.55029575,
    "specialized": 0.05
  },
  "27": {
    "level": 27,
    "ascension": 1,
    "hp": 4823.095600000001,
    "attack": 76.868831,
    "defense": 219.1527185,
    "specialized": 0.05
  },
  "28": {
    "level": 28,
    "ascension": 1,
    "hp": 4924.385850000001,
    "attack": 78.48318499999999,
    "defense": 223.75514125,
    "specialized": 0.05
  },
  "29": {
    "level": 29,
    "ascension": 1,
    "hp": 5026.86775,
    "attack": 80.1165314,
    "defense": 228.41171015,
    "specialized": 0.05
  },
  "30": {
    "level": 30,
    "ascension": 1,
    "hp": 5128.158,
    "attack": 81.7308854,
    "defense": 233.01413290000002,
    "specialized": 0.05
  },
  "31": {
    "level": 31,
    "ascension": 1,
    "hp": 5230.6399,
    "attack": 83.3642318,
    "defense": 237.6707018,
    "specialized": 0.05
  },
  "32": {
    "level": 32,
    "ascension": 1,
    "hp": 5333.121800000001,
    "attack": 84.99757819999999,
    "defense": 242.32727069999999,
    "specialized": 0.05
  },
  "33": {
    "level": 33,
    "ascension": 1,
    "hp": 5435.603700000001,
    "attack": 86.6309246,
    "defense": 246.9838396,
    "specialized": 0.05
  },
  "34": {
    "level": 34,
    "ascension": 1,
    "hp": 5536.893950000001,
    "attack": 88.2452786,
    "defense": 251.58626235,
    "specialized": 0.05
  },
  "35": {
    "level": 35,
    "ascension": 1,
    "hp": 5639.37585,
    "attack": 89.878625,
    "defense": 256.24283125,
    "specialized": 0.05
  },
  "36": {
    "level": 36,
    "ascension": 1,
    "hp": 5743.049400000001,
    "attack": 91.5309638,
    "defense": 260.95354629999997,
    "specialized": 0.05
  },
  "37": {
    "level": 37,
    "ascension": 1,
    "hp": 5845.531300000001,
    "attack": 93.1643102,
    "defense": 265.6101152,
    "specialized": 0.05
  },
  "38": {
    "level": 38,
    "ascension": 1,
    "hp": 5948.013200000001,
    "attack": 94.7976566,
    "defense": 270.2666841,
    "specialized": 0.05
  },
  "39": {
    "level": 39,
    "ascension": 1,
    "hp": 6050.4951,
    "attack": 96.43100299999999,
    "defense": 274.923253,
    "specialized": 0.05
  },
  "40": {
    "level": 40,
    "ascension": 1,
    "hp": 6154.168650000001,
    "attack": 98.0833418,
    "defense": 279.63396805,
    "specialized": 0.05
  },
  "41": {
    "level": 41,
    "ascension": 2,
    "hp": 6982.61815,
    "attack": 111.2862432,
    "defense": 317.27778694999995,
    "specialized": 0.098
  },
  "42": {
    "level": 42,
    "ascension": 2,
    "hp": 7086.291700000001,
    "attack": 112.93858200000001,
    "defense": 321.98850200000004,
    "specialized": 0.098
  },
  "43": {
    "level": 43,
    "ascension": 2,
    "hp": 7189.965250000001,
    "attack": 114.5909208,
    "defense": 326.69921705,
    "specialized": 0.098
  },
  "44": {
    "level": 44,
    "ascension": 2,
    "hp": 7292.44715,
    "attack": 116.2242672,
    "defense": 331.3557859499999,
    "specialized": 0.098
  },
  "45": {
    "level": 45,
    "ascension": 2,
    "hp": 7396.1207,
    "attack": 117.87660600000001,
    "defense": 336.066501,
    "specialized": 0.098
  },
  "46": {
    "level": 46,
    "ascension": 2,
    "hp": 7499.794250000001,
    "attack": 119.5289448,
    "defense": 340.77721605,
    "specialized": 0.098
  },
  "47": {
    "level": 47,
    "ascension": 2,
    "hp": 7603.4678,
    "attack": 121.1812836,
    "defense": 345.48793109999997,
    "specialized": 0.098
  },
  "48": {
    "level": 48,
    "ascension": 2,
    "hp": 7707.141350000001,
    "attack": 122.83362240000001,
    "defense": 350.19864615,
    "specialized": 0.098
  },
  "49": {
    "level": 49,
    "ascension": 2,
    "hp": 7812.006550000001,
    "attack": 124.50495360000001,
    "defense": 354.96350735,
    "specialized": 0.098
  },
  "50": {
    "level": 50,
    "ascension": 2,
    "hp": 7915.6801000000005,
    "attack": 126.1572924,
    "defense": 359.6742224,
    "specialized": 0.098
  },