{
  "1": {
    "level": 1,
    "ascension": 0,
    "hp": 957.38055,
    "attack": 25.28736,
    "defense": 58.94175,
    "specialized": 0
  },
  "2": {
    "level": 2,
    "ascension": 0,
    "hp": 1036.84313565,
    "attack": 27.38621088,
    "defense": 63.83391525,
    "specialized": 0
  },
  "3": {
    "level": 3,
    "ascension": 0,
    "hp": 1115.34834075,
    "attack": 29.4597744,
    "defense": 68.66713875,
    "specialized": 0
  },
  "4": {
    "level": 4,
    "ascension": 0,
    "hp": 1194.8109264,
    "attack": 31.55862528,
    "defense": 73.559304,
    "specialized": 0
  },
  "5": {
    "level": 5,
    "ascension": 0,
    "hp": 1273.3161315,
    "attack": 33.6321888,
    "defense": 78.3925275,
    "specialized": 0
  },
  "6": {
    "level": 6,
    "ascension": 0,
    "hp": 1352.77871715,
    "attack": 35.73103968,
    "defense": 83.28469275,
    "specialized": 0
  },
  "7": {
    "level": 7,
    "ascension": 0,
    "hp": 1431.2839222500002,
    "attack": 37.8046032,
    "defense": 88.11791625000001,
    "specialized": 0
  },
  "8": {
    "level": 8,
    "ascension": 0,
    "hp": 1510.7465079,
    "attack": 39.90345408,
    "defense": 93.0100815,
    "specialized": 0
  },
  "9": {
    "level": 9,
    "ascension": 0,
    "hp": 1590.20909355,
    "attack": 42.002304960000004,
    "defense": 97.90224675,
    "specialized": 0
  },
  "10": {
    "level": 10,
    "ascension": 0,
    "hp": 1668.71429865,
    "attack": 44.075868480000004,
    "defense": 102.73547025,
    "specialized": 0
  },
  "11": {
    "level": 11,
    "ascension": 0,
    "hp": 1748.1768843,
    "attack": 46.174719360000005,
    "defense": 107.6276355,
    "specialized": 0
  },
  "12": {
    "level": 12,
    "ascension": 0,
    "hp": 1826.6820893999998,
    "attack": 48.24828288,
    "defense": 112.460859,
    "specialized": 0
  },
  "13": {
    "level": 13,
    "ascension": 0,
    "hp": 1906.14467505,
    "attack": 50.34713376,
    "defense": 117.35302425,
    "specialized": 0
  },
  "14": {
    "level": 14,
    "ascension": 0,
    "hp": 1984.64988015,
    "attack": 52.42069728,
    "defense": 122.18624774999999,
    "specialized": 0
  },
  "15": {
    "level": 15,
    "ascension": 0,
    "hp": 2064.1124658,
    "attack": 54.51954816,
    "defense": 127.07841300000001,
    "specialized": 0
  },
  "16": {
    "level": 16,
    "ascension": 0,
    "hp": 2143.57505145,
    "attack": 56.61839903999999,
    "defense": 131.97057825,
    "specialized": 0
  },
  "17": {
    "level": 17,
    "ascension": 0,
    "hp": 2222.0802565500003,
    "attack": 58.69196256,
    "defense": 136.80380175000002,
    "specialized": 0
  },
  "18": {
    "level": 18,
    "ascension": 0,
    "hp": 2301.5428422,
    "attack": 60.790813439999994,
    "defense": 141.695967,
    "specialized": 0
  },
  "19": {
    "level": 19,
    "ascension": 0,
    "hp": 2380.0480473000002,
    "attack": 62.86437696,
    "defense": 146.5291905,
    "specialized": 0
  },
  "20": {
    "level": 20,
    "ascension": 0,
    "hp": 2459.51063295,
    "attack": 64.96322784,
    "defense": 151.42135575,
    "specialized": 0
  },
  "21": {
    "level": 21,
    "ascension": 1,
    "hp": 3253.22813805,
    "attack": 85.92818736,
    "defense": 200.28707924999998,
    "specialized": 0
  },
  "22": {
    "level": 22,
    "ascension": 1,
    "hp": 3332.6907237,
    "attack": 88.02703824,
    "defense": 205.17924449999998,
    "specialized": 0
  },
  "23": {
    "level": 23,
    "ascension": 1,
    "hp": 3412.15330935,
    "attack": 90.12588912,
    "defense": 210.07140975000002,
    "specialized": 0
  },
  "24": {
    "level": 24,
    "ascension": 1,
    "hp": 3490.65851445,
    "attack": 92.19945264,
    "defense": 214.90463325,
    "specialized": 0
  },
  "25": {
    "level": 25,
    "ascension": 1,
    "hp": 3570.1211001,
    "attack": 94.29830352,
    "defense": 219.7967985,
    "specialized": 0
  },
  "26": {
    "level": 26,
    "ascension": 1,
    "hp": 3648.6263052,
    "attack": 96.37186704,
    "defense": 224.630022,
    "specialized": 0
  },
  "27": {
    "level": 27,
    "ascension": 1,
    "hp": 3728.0888908499996,
    "attack": 98.47071792,
    "defense": 229.52218724999997,
    "specialized": 0
  },
  "28": {
    "level": 28,
    "ascension": 1,
    "hp": 3806.5940959500003,
    "attack": 100.54428144,
    "defense": 234.35541075,
    "specialized": 0
  },
  "29": {
    "level": 29,
    "ascension": 1,
    "hp": 3886.0566816,
    "attack": 102.64313231999999,
    "defense": 239.24757599999998,
    "specialized": 0
  },
  "30": {
    "level": 30,
    "ascension": 1,
    "hp": 3964.5618867000003,
    "attack": 104.71669584,
    "defense": 244.0807995,
    "specialized": 0
  },
  "31": {
    "level": 31,
    "ascension": 1,
    "hp": 4044.02447235,
    "attack": 106.81554672,
    "defense": 248.97296475,
    "specialized": 0
  },
  "32": {
    "level": 32,
    "ascension": 1,
    "hp": 4123.487058,
    "attack": 108.9143976,
    "defense": 253.86513,
    "specialized": 0
  },
  "33": {
    "level": 33,
    "ascension": 1,
    "hp": 4201.9922631,
    "attack": 110.98796112,
    "defense": 258.6983535,
    "specialized": 0
  },
  "34": {
    "level": 34,
    "ascension": 1,
    "hp": 4281.45484875,
    "attack": 113.086812,
    "defense": 263.59051875,
    "specialized": 0
  },
  "35": {
    "level": 35,
    "ascension": 1,
    "hp": 4359.96005385,
    "attack": 115.16037552,
    "defense": 268.42374225000003,
    "specialized": 0
  },
  "36": {
    "level": 36,
    "ascension": 1,
    "hp": 4439.4226395,
    "attack": 117.2592264,
    "defense": 273.3159075,
    "specialized": 0
  },
  "37": {
    "level": 37,
    "ascension": 1,
    "hp": 4517.9278446,
    "attack": 119.33278992,
    "defense": 278.149131,
    "specialized": 0
  },
  "38": {
    "level": 38,
    "ascension": 1,
    "hp": 4597.39043025,
    "attack": 121.4316408,
    "defense": 283.04129624999996,
    "specialized": 0
  },
  "39": {
    "level": 39,
    "ascension": 1,
    "hp": 4676.853015899999,
    "attack": 123.53049168,
    "defense": 287.9334615,
    "specialized": 0
  },
  "40": {
    "level": 40,
    "ascension": 1,
    "hp": 4755.3582209999995,
    "attack": 125.60405519999999,
    "defense": 292.76668499999994,
    "specialized": 0
  },
  "41": {
    "level": 41,
    "ascension": 2,
    "hp": 5342.99790665,
    "attack": 141.12574007999999,
    "defense": 328.94510025,
    "specialized": 0.06
  },
  "42": {
    "level": 42,
    "ascension": 2,
    "hp": 5421.503111749999,
    "attack": 143.1993036,
    "defense": 333.77832375,
    "specialized": 0.06
  },
  "43": {
    "level": 43,
    "ascension": 2,
    "hp": 5500.9656974,
    "attack": 145.29815448,
    "defense": 338.670489,
    "specialized": 0.06
  },
  "44": {
    "level": 44,
    "ascension": 2,
    "hp": 5579.470902499999,
    "attack": 147.371718,
    "defense": 343.5037125,
    "specialized": 0.06
  },
  "45": {
    "level": 45,
    "ascension": 2,
    "hp": 5658.93348815,
    "attack": 149.47056888,
    "defense": 348.39587774999995,
    "specialized": 0.06
  },
  "46": {
    "level": 46,
    "ascension": 2,
    "hp": 5738.3960738000005,
    "attack": 151.56941976000002,
    "defense": 353.288043,
    "specialized": 0.06
  },
  "47": {
    "level": 47,
    "ascension": 2,
    "hp": 5816.9012789,
    "attack": 153.64298328,
    "defense": 358.12126650000005,
    "specialized": 0.06
  },
  "48": {
    "level": 48,
    "ascension": 2,
    "hp": 5896.3638645500005,
    "attack": 155.74183416,
    "defense": 363.01343175,
    "specialized": 0.06
  },
  "49": {
    "level": 49,
    "ascension": 2,
    "hp": 5974.86906965,
    "attack": 157.81539768,
    "defense": 367.84665525,
    "specialized": 0.06
  },
  "50": {
    "level": 50,
    "ascension": 2,
    "hp": 6054.3316553,
    "attack": 159.91424856,
    "defense": 372.7388205,
    "specialized": 0.06
  },
  "51": {
    "level": 51,
    "ascension": 3,
    "hp": 6810.4064604,
    "attack": 179.88492208,
    "defense": 419.287044,