{
  "1": {
    "level": 1,
    "ascension": 0,
    "hp": 762.656,
    "attack": 26.068,
    "defense": 49.0606,
    "specialized": 0.5
  },
  "2": {
    "level": 2,
    "ascension": 0,
    "hp": 825.9564479999999,
    "attack": 28.231644,
    "defense": 53.1326298,
    "specialized": 0.5
  },
  "3": {
    "level": 3,
    "ascension": 0,
    "hp": 889.2568959999999,
    "attack": 30.395288,
    "defense": 57.2046596,
    "specialized": 0.5
  },
  "4": {
    "level": 4,
    "ascension": 0,
    "hp": 953.3199999999999,
    "attack": 32.585,
    "defense": 61.32575,
    "specialized": 0.5
  },
  "5": {
    "level": 5,
    "ascension": 0,
    "hp": 1016.6204479999999,
    "attack": 34.748644,
    "defense": 65.3977798,
    "specialized": 0.5
  },
  "6": {
    "level": 6,
    "ascension": 0,
    "hp": 1080.683552,
    "attack": 36.938356000000006,
    "defense": 69.51887020000001,
    "specialized": 0.5
  },
  "7": {
    "level": 7,
    "ascension": 0,
    "hp": 1143.984,
    "attack": 39.102000000000004,
    "defense": 73.5909,
    "specialized": 0.5
  },
  "8": {
    "level": 8,
    "ascension": 0,
    "hp": 1208.047104,
    "attack": 41.291712000000004,
    "defense": 77.7119904,
    "specialized": 0.5
  },
  "9": {
    "level": 9,
    "ascension": 0,
    "hp": 1272.1102079999998,
    "attack": 43.481424,
    "defense": 81.8330808,
    "specialized": 0.5
  },
  "10": {
    "level": 10,
    "ascension": 0,
    "hp": 1335.4106559999998,
    "attack": 45.645068,
    "defense": 85.9051106,
    "specialized": 0.5
  },
  "11": {
    "level": 11,
    "ascension": 0,
    "hp": 1399.4737599999999,
    "attack": 47.83478,
    "defense": 90.026201,
    "specialized": 0.5
  },
  "12": {
    "level": 12,
    "ascension": 0,
    "hp": 1463.536864,
    "attack": 50.024492,
    "defense": 94.1472914,
    "specialized": 0.5
  },
  "13": {
    "level": 13,
    "ascension": 0,
    "hp": 1527.599968,
    "attack": 52.214204,
    "defense": 98.2683818,
    "specialized": 0.5
  },
  "14": {
    "level": 14,
    "ascension": 0,
    "hp": 1592.425728,
    "attack": 54.429984000000005,
    "defense": 102.4385328,
    "specialized": 0.5
  },
  "15": {
    "level": 15,
    "ascension": 0,
    "hp": 1656.488832,
    "attack": 56.619696000000005,
    "defense": 106.5596232,
    "specialized": 0.5
  },
  "16": {
    "level": 16,
    "ascension": 0,
    "hp": 1720.5519359999996,
    "attack": 58.809408,
    "defense": 110.68071359999999,
    "specialized": 0.5
  },
  "17": {
    "level": 17,
    "ascension": 0,
    "hp": 1785.377696,
    "attack": 61.02518800000001,
    "defense": 114.85086460000001,
    "specialized": 0.5
  },
  "18": {
    "level": 18,
    "ascension": 0,
    "hp": 1849.4407999999999,
    "attack": 63.2149,
    "defense": 118.971955,
    "specialized": 0.5
  },
  "19": {
    "level": 19,
    "ascension": 0,
    "hp": 1914.2665599999998,
    "attack": 65.43068,
    "defense": 123.142106,
    "specialized": 0.5
  },
  "20": {
    "level": 20,
    "ascension": 0,
    "hp": 1978.3296639999999,
    "attack": 67.620392,
    "defense": 127.2631964,
    "specialized": 0.5
  },
  "21": {
    "level": 21,
    "ascension": 1,
    "hp": 2697.063994,
    "attack": 92.18549200000001,
    "defense": 173.4993474,
    "specialized": 0.5
  },
  "22": {
    "level": 22,
    "ascension": 1,
    "hp": 2761.889754,
    "attack": 94.401272,
    "defense": 177.66949839999998,
    "specialized": 0.5
  },
  "23": {
    "level": 23,
    "ascension": 1,
    "hp": 2826.715514,
    "attack": 96.617052,
    "defense": 181.8396494,
    "specialized": 0.5
  },
  "24": {
    "level": 24,
    "ascension": 1,
    "hp": 2891.541274,
    "attack": 98.832832,
    "defense": 186.00980040000002,
    "specialized": 0.5
  },
  "25": {
    "level": 25,
    "ascension": 1,
    "hp": 2956.367034,
    "attack": 101.04861200000002,
    "defense": 190.17995140000002,
    "specialized": 0.5
  },
  "26": {
    "level": 26,
    "ascension": 1,
    "hp": 3021.95545,
    "attack": 103.29046,
    "defense": 194.39916300000002,
    "specialized": 0.5
  },
  "27": {
    "level": 27,
    "ascension": 1,
    "hp": 3086.7812099999996,
    "attack": 105.50623999999999,
    "defense": 198.569314,
    "specialized": 0.5
  },
  "28": {
    "level": 28,
    "ascension": 1,
    "hp": 3151.60697,
    "attack": 107.72202000000001,
    "defense": 202.739465,
    "specialized": 0.5
  },
  "29": {
    "level": 29,
    "ascension": 1,
    "hp": 3217.195386,
    "attack": 109.96386800000002,
    "defense": 206.95867660000002,
    "specialized": 0.5
  },
  "30": {
    "level": 30,
    "ascension": 1,
    "hp": 3282.021146,
    "attack": 112.17964800000001,
    "defense": 211.12882760000002,
    "specialized": 0.5
  },
  "31": {
    "level": 31,
    "ascension": 1,
    "hp": 3347.609562,
    "attack": 114.42149599999999,
    "defense": 215.34803920000002,
    "specialized": 0.5
  },
  "32": {
    "level": 32,
    "ascension": 1,
    "hp": 3413.1979779999997,
    "attack": 116.663344,
    "defense": 219.5672508,
    "specialized": 0.5
  },
  "33": {
    "level": 33,
    "ascension": 1,
    "hp": 3478.786394,
    "attack": 118.905192,
    "defense": 223.7864624,
    "specialized": 0.5
  },
  "34": {
    "level": 34,
    "ascension": 1,
    "hp": 3543.612154,
    "attack": 121.120972,
    "defense": 227.9566134,
    "specialized": 0.5
  },
  "35": {
    "level": 35,
    "ascension": 1,
    "hp": 3609.20057,
    "attack": 123.36282,
    "defense": 232.175825,
    "specialized": 0.5
  },
  "36": {
    "level": 36,
    "ascension": 1,
    "hp": 3675.551642,
    "attack": 125.63073600000001,
    "defense": 236.44409720000002,
    "specialized": 0.5
  },
  "37": {
    "level": 37,
    "ascension": 1,
    "hp": 3741.140058,
    "attack": 127.87258400000002,
    "defense": 240.6633088,
    "specialized": 0.5
  },
  "38": {
    "level": 38,
    "ascension": 1,
    "hp": 3806.728474,
    "attack": 130.11443200000002,
    "defense": 244.88252040000003,
    "specialized": 0.5
  },
  "39": {
    "level": 39,
    "ascension": 1,
    "hp": 3872.3168899999996,
    "attack": 132.35628,
    "defense": 249.101732,
    "specialized": 0.5
  },
  "40": {
    "level": 40,
    "ascension": 1,
    "hp": 3938.667962,
    "attack": 134.624196,
    "defense": 253.3700042,
    "specialized": 0.5
  },
  "41": {
    "level": 41,
    "ascension": 2,
    "hp": 4468.875607999999,
    "attack": 152.745824,
    "defense": 287.4782158,
    "specialized": 0.596
  },
  "42": {
    "level": 42,
    "ascension": 2,
    "hp": 4535.22668,
    "attack": 155.01374000000004,
    "defense": 291.746488,
    "specialized": 0.596
  },
  "43": {
    "level": 43,
    "ascension": 2,
    "hp": 4601.577752,
    "attack": 157.281656,
    "defense": 296.0147602,
    "specialized": 0.596
  },
  "44": {
    "level": 44,
    "ascension": 2,
    "hp": 4667.166168,
    "attack": 159.523504,
    "defense": 300.2339718,
    "specialized": 0.596
  },
  "45": {
    "level": 45,
    "ascension": 2,
    "hp": 4733.51724,
    "attack": 161.79142000000002,
    "defense": 304.502244,
    "specialized": 0.596
  },
  "46": {
    "level": 46,
    "ascension": 2,
    "hp": 4799.868312,
    "attack": 164.059336,
    "defense": 308.7705162,
    "specialized": 0.596
  },
  "47": {
    "level": 47,
    "ascension": 2,
    "hp": 4866.219384,
    "attack": 166.327252,
    "defense": 313.0387884,
    "specialized": 0.596
  },
  "48": {
    "level": 48,
    "ascension": 2,
    "hp": 4932.570456,
    "attack": 168.595168,
    "defense": 317.3070606,
    "specialized": 0.596
  },
  "49": {
    "level": 49,
    "ascension": 2,
    "hp": 4999.684184,
    "attack": 170.88915200000002,
    "defense": 321.62439340000003,
    "specialized": 0.596
  },
  "50": {
    "level": 50,
    "ascension": 2,
    "hp": 5066.035256,
    "attack": 173.15706800000004,
    "defense": 325.8926656,
    "specialized": 0.596
  },
  "51": {
    "level": 51,
    "ascension": 3,
    "hp": 5751.8786279999995,
    "attack": 196.598024,