{
  "1": {
    "level": 1,
    "ascension": 0,
    "hp": 802.3761,
    "attack": 15.31488,
    "defense": 54.36375,
    "specialized": 0
  },
  "2": {
    "level": 2,
    "ascension": 0,
    "hp": 868.9733163,
    "attack": 16.58601504,
    "defense": 58.875941250000004,
    "specialized": 0
  },
  "3": {
    "level": 3,
    "ascension": 0,
    "hp": 934.7681564999999,
    "attack": 17.841835200000002,
    "defense": 63.333768750000004,
    "specialized": 0
  },
  "4": {
    "level": 4,
    "ascension": 0,
    "hp": 1001.3653727999999,
    "attack": 19.11297024,
    "defense": 67.84596,
    "specialized": 0
  },
  "5": {
    "level": 5,
    "ascension": 0,
    "hp": 1067.1602129999999,
    "attack": 20.3687904,
    "defense": 72.30378750000001,
    "specialized": 0
  },
  "6": {
    "level": 6,
    "ascension": 0,
    "hp": 1133.7574293,
    "attack": 21.639925440000003,
    "defense": 76.81597875,
    "specialized": 0
  },
  "7": {
    "level": 7,
    "ascension": 0,
    "hp": 1199.5522695,
    "attack": 22.8957456,
    "defense": 81.27380625,
    "specialized": 0
  },
  "8": {
    "level": 8,
    "ascension": 0,
    "hp": 1266.1494857999999,
    "attack": 24.166880640000002,
    "defense": 85.78599750000001,
    "specialized": 0
  },
  "9": {
    "level": 9,
    "ascension": 0,
    "hp": 1332.7467021,
    "attack": 25.438015680000003,
    "defense": 90.29818875000001,
    "specialized": 0
  },
  "10": {
    "level": 10,
    "ascension": 0,
    "hp": 1398.5415423,
    "attack": 26.693835840000002,
    "defense": 94.75601625000002,
    "specialized": 0
  },
  "11": {
    "level": 11,
    "ascension": 0,
    "hp": 1465.1387586,
    "attack": 27.964970880000003,
    "defense": 99.2682075,
    "specialized": 0
  },
  "12": {
    "level": 12,
    "ascension": 0,
    "hp": 1530.9335987999998,
    "attack": 29.220791039999998,
    "defense": 103.726035,
    "specialized": 0
  },
  "13": {
    "level": 13,
    "ascension": 0,
    "hp": 1597.5308151,
    "attack": 30.491926080000002,
    "defense": 108.23822625000001,
    "specialized": 0
  },
  "14": {
    "level": 14,
    "ascension": 0,
    "hp": 1663.3256552999999,
    "attack": 31.74774624,
    "defense": 112.69605375,
    "specialized": 0
  },
  "15": {
    "level": 15,
    "ascension": 0,
    "hp": 1729.9228716,
    "attack": 33.01888128,
    "defense": 117.20824500000002,
    "specialized": 0
  },
  "16": {
    "level": 16,
    "ascension": 0,
    "hp": 1796.5200878999997,
    "attack": 34.29001632,
    "defense": 121.72043625,
    "specialized": 0
  },
  "17": {
    "level": 17,
    "ascension": 0,
    "hp": 1862.3149281,
    "attack": 35.545836480000006,
    "defense": 126.17826375000001,
    "specialized": 0
  },
  "18": {
    "level": 18,
    "ascension": 0,
    "hp": 1928.9121443999998,
    "attack": 36.81697152,
    "defense": 130.69045500000001,
    "specialized": 0
  },
  "19": {
    "level": 19,
    "ascension": 0,
    "hp": 1994.7069846,
    "attack": 38.07279168,
    "defense": 135.14828250000002,
    "specialized": 0
  },
  "20": {
    "level": 20,
    "ascension": 0,
    "hp": 2061.3042008999996,
    "attack": 39.34392672,
    "defense": 139.66047375,
    "specialized": 0
  },
  "21": {
    "level": 21,
    "ascension": 1,
    "hp": 2726.5150411,
    "attack": 52.04101488,
    "defense": 184.73080125,
    "specialized": 0
  },
  "22": {
    "level": 22,
    "ascension": 1,
    "hp": 2793.1122574,
    "attack": 53.31214992,
    "defense": 189.2429925,
    "specialized": 0
  },
  "23": {
    "level": 23,
    "ascension": 1,
    "hp": 2859.7094737,
    "attack": 54.58328496000001,
    "defense": 193.75518375000001,
    "specialized": 0
  },
  "24": {
    "level": 24,
    "ascension": 1,
    "hp": 2925.5043139,
    "attack": 55.83910512,
    "defense": 198.21301125000002,
    "specialized": 0
  },
  "25": {
    "level": 25,
    "ascension": 1,
    "hp": 2992.1015302,
    "attack": 57.110240160000004,
    "defense": 202.72520250000002,
    "specialized": 0
  },
  "26": {
    "level": 26,
    "ascension": 1,
    "hp": 3057.8963704000003,
    "attack": 58.36606032,
    "defense": 207.18303000000003,
    "specialized": 0
  },
  "27": {
    "level": 27,
    "ascension": 1,
    "hp": 3124.4935867,
    "attack": 59.63719536,
    "defense": 211.69522124999997,
    "specialized": 0
  },
  "28": {
    "level": 28,
    "ascension": 1,
    "hp": 3190.2884269,
    "attack": 60.893015520000006,
    "defense": 216.15304875000004,
    "specialized": 0
  },
  "29": {
    "level": 29,
    "ascension": 1,
    "hp": 3256.8856432,
    "attack": 62.16415056,
    "defense": 220.66523999999998,
    "specialized": 0
  },
  "30": {
    "level": 30,
    "ascension": 1,
    "hp": 3322.6804834,
    "attack": 63.41997072,
    "defense": 225.1230675,
    "specialized": 0
  },
  "31": {
    "level": 31,
    "ascension": 1,
    "hp": 3389.2776997,
    "attack": 64.69110576,
    "defense": 229.63525875,
    "specialized": 0
  },
  "32": {
    "level": 32,
    "ascension": 1,
    "hp": 3455.874916,
    "attack": 65.9622408,
    "defense": 234.14745,
    "specialized": 0
  },
  "33": {
    "level": 33,
    "ascension": 1,
    "hp": 3521.6697562,
    "attack": 67.21806096,
    "defense": 238.6052775,
    "specialized": 0
  },
  "34": {
    "level": 34,
    "ascension": 1,
    "hp": 3588.2669725,
    "attack": 68.489196,
    "defense": 243.11746875,
    "specialized": 0
  },
  "35": {
    "level": 35,
    "ascension": 1,
    "hp": 3654.0618127,
    "attack": 69.74501616,
    "defense": 247.57529625,
    "specialized": 0
  },
  "36": {
    "level": 36,
    "ascension": 1,
    "hp": 3720.659029,
    "attack": 71.0161512,
    "defense": 252.0874875,
    "specialized": 0
  },
  "37": {
    "level": 37,
    "ascension": 1,
    "hp": 3786.4538692,
    "attack": 72.27197136000001,
    "defense": 256.545315,
    "specialized": 0
  },
  "38": {
    "level": 38,
    "ascension": 1,
    "hp": 3853.0510854999998,
    "attack": 73.5431064,
    "defense": 261.05750625,
    "specialized": 0
  },
  "39": {
    "level": 39,
    "ascension": 1,
    "hp": 3919.6483018,
    "attack": 74.81424144,
    "defense": 265.5696975,
    "specialized": 0
  },
  "40": {
    "level": 40,
    "ascension": 1,
    "hp": 3985.4431419999996,
    "attack": 76.0700616,
    "defense": 270.02752499999997,
    "specialized": 0
  },
  "41": {
    "level": 41,
    "ascension": 2,
    "hp": 4477.941258299999,
    "attack": 85.47051864,
    "defense": 303.39596625,
    "specialized": 0.06
  },
  "42": {
    "level": 42,
    "ascension": 2,
    "hp": 4543.7360985,
    "attack": 86.7263388,
    "defense": 307.85379375,
    "specialized": 0.06
  },
  "43": {
    "level": 43,
    "ascension": 2,
    "hp": 4610.3333148,
    "attack": 87.99747384,
    "defense": 312.365985,
    "specialized": 0.06
  },
  "44": {
    "level": 44,
    "ascension": 2,
    "hp": 4676.128154999999,
    "attack": 89.253294,
    "defense": 316.82381250000003,
    "specialized": 0.06
  },
  "45": {
    "level": 45,
    "ascension": 2,
    "hp": 4742.7253713,
    "attack": 90.52442904,
    "defense": 321.33600375000003,
    "specialized": 0.06
  },
  "46": {
    "level": 46,
    "ascension": 2,
    "hp": 4809.3225876,
    "attack": 91.79556408,
    "defense": 325.84819500000003,
    "specialized": 0.06
  },
  "47": {
    "level": 47,
    "ascension": 2,
    "hp": 4875.1174278,
    "attack": 93.05138424,
    "defense": 330.30602250000004,
    "specialized": 0.06
  },
  "48": {
    "level": 48,
    "ascension": 2,
    "hp": 4941.7146440999995,
    "attack": 94.32251928,
    "defense": 334.81821375000004,
    "specialized": 0.06
  },
  "49": {
    "level": 49,
    "ascension": 2,
    "hp": 5007.5094843,
    "attack": 95.57833944,
    "defense": 339.27604125,
    "specialized": 0.06
  },
  "50": {
    "level": 50,
    "ascension": 2,
    "hp": 5074.1067006,
    "attack": 96.84947448,
    "defense": 343.78823250000005,
    "specialized": 0.06
  },
  "51": {
    "level": 51,
    "ascension": 3,