{
  "1": {
    "level": 1,
    "ascension": 0,
    "hp": 1210.7164,
    "attack": 8.2859,
    "defense": 68.2062,
    "specialized": 0.5
  },
  "2": {
    "level": 2,
    "ascension": 0,
    "hp": 1311.2058612,
    "attack": 8.9736297,
    "defense": 73.86731459999999,
    "specialized": 0.5
  },
  "3": {
    "level": 3,
    "ascension": 0,
    "hp": 1411.6953224,
    "attack": 9.661359399999998,
    "defense": 79.52842919999999,
    "specialized": 0.5
  },
  "4": {
    "level": 4,
    "ascension": 0,
    "hp": 1513.3955,
    "attack": 10.357375,
    "defense": 85.25774999999999,
    "specialized": 0.5
  },
  "5": {
    "level": 5,
    "ascension": 0,
    "hp": 1613.8849612,
    "attack": 11.0451047,
    "defense": 90.91886459999999,
    "specialized": 0.5
  },
  "6": {
    "level": 6,
    "ascension": 0,
    "hp": 1715.5851388,
    "attack": 11.7411203,
    "defense": 96.6481854,
    "specialized": 0.5
  },
  "7": {
    "level": 7,
    "ascension": 0,
    "hp": 1816.0746,
    "attack": 12.42885,
    "defense": 102.3093,
    "specialized": 0.5
  },
  "8": {
    "level": 8,
    "ascension": 0,
    "hp": 1917.7747776,
    "attack": 13.1248656,
    "defense": 108.0386208,
    "specialized": 0.5
  },
  "9": {
    "level": 9,
    "ascension": 0,
    "hp": 2019.4749551999998,
    "attack": 13.820881199999999,
    "defense": 113.76794159999999,
    "specialized": 0.5
  },
  "10": {
    "level": 10,
    "ascension": 0,
    "hp": 2119.9644164,
    "attack": 14.508610899999999,
    "defense": 119.42905619999999,
    "specialized": 0.5
  },
  "11": {
    "level": 11,
    "ascension": 0,
    "hp": 2221.664594,
    "attack": 15.2046265,
    "defense": 125.15837699999999,
    "specialized": 0.5
  },
  "12": {
    "level": 12,
    "ascension": 0,
    "hp": 2323.3647716,
    "attack": 15.9006421,
    "defense": 130.88769779999998,
    "specialized": 0.5
  },
  "13": {
    "level": 13,
    "ascension": 0,
    "hp": 2425.0649492000002,
    "attack": 16.5966577,
    "defense": 136.6170186,
    "specialized": 0.5
  },
  "14": {
    "level": 14,
    "ascension": 0,
    "hp": 2527.9758432000003,
    "attack": 17.3009592,
    "defense": 142.4145456,
    "specialized": 0.5
  },
  "15": {
    "level": 15,
    "ascension": 0,
    "hp": 2629.6760208,
    "attack": 17.9969748,
    "defense": 148.1438664,
    "specialized": 0.5
  },
  "16": {
    "level": 16,
    "ascension": 0,
    "hp": 2731.3761984,
    "attack": 18.6929904,
    "defense": 153.87318719999996,
    "specialized": 0.5
  },
  "17": {
    "level": 17,
    "ascension": 0,
    "hp": 2834.2870924000003,
    "attack": 19.397291900000003,
    "defense": 159.6707142,
    "specialized": 0.5
  },
  "18": {
    "level": 18,
    "ascension": 0,
    "hp": 2935.9872699999996,
    "attack": 20.093307499999998,
    "defense": 165.40003499999997,
    "specialized": 0.5
  },
  "19": {
    "level": 19,
    "ascension": 0,
    "hp": 3038.8981639999997,
    "attack": 20.797608999999998,
    "defense": 171.19756199999998,
    "specialized": 0.5
  },
  "20": {
    "level": 20,
    "ascension": 0,
    "hp": 3140.5983416,
    "attack": 21.493624599999997,
    "defense": 176.9268828,
    "specialized": 0.5
  },
  "21": {
    "level": 21,
    "ascension": 1,
    "hp": 4281.5890356,
    "attack": 29.301817099999997,
    "defense": 241.2064098,
    "specialized": 0.5
  },
  "22": {
    "level": 22,
    "ascension": 1,
    "hp": 4384.4999296,
    "attack": 30.006118599999997,
    "defense": 247.00393679999996,
    "specialized": 0.5
  },
  "23": {
    "level": 23,
    "ascension": 1,
    "hp": 4487.4108236,
    "attack": 30.7104201,
    "defense": 252.8014638,
    "specialized": 0.5
  },
  "24": {
    "level": 24,
    "ascension": 1,
    "hp": 4590.3217176,
    "attack": 31.4147216,
    "defense": 258.5989908,
    "specialized": 0.5
  },
  "25": {
    "level": 25,
    "ascension": 1,
    "hp": 4693.2326116,
    "attack": 32.1190231,
    "defense": 264.39651779999997,
    "specialized": 0.5
  },
  "26": {
    "level": 26,
    "ascension": 1,
    "hp": 4797.354222,
    "attack": 32.8316105,
    "defense": 270.262251,
    "specialized": 0.5
  },
  "27": {
    "level": 27,
    "ascension": 1,
    "hp": 4900.2651160000005,
    "attack": 33.535911999999996,
    "defense": 276.059778,
    "specialized": 0.5
  },
  "28": {
    "level": 28,
    "ascension": 1,
    "hp": 5003.17601,
    "attack": 34.240213499999996,
    "defense": 281.857305,
    "specialized": 0.5
  },
  "29": {
    "level": 29,
    "ascension": 1,
    "hp": 5107.297620400001,
    "attack": 34.9528009,
    "defense": 287.7230382,
    "specialized": 0.5
  },
  "30": {
    "level": 30,
    "ascension": 1,
    "hp": 5210.208514400001,
    "attack": 35.6571024,
    "defense": 293.52056519999996,
    "specialized": 0.5
  },
  "31": {
    "level": 31,
    "ascension": 1,
    "hp": 5314.330124800001,
    "attack": 36.369689799999996,
    "defense": 299.3862984,
    "specialized": 0.5
  },
  "32": {
    "level": 32,
    "ascension": 1,
    "hp": 5418.4517352,
    "attack": 37.0822772,
    "defense": 305.2520316,
    "specialized": 0.5
  },
  "33": {
    "level": 33,
    "ascension": 1,
    "hp": 5522.5733456,
    "attack": 37.7948646,
    "defense": 311.11776480000003,
    "specialized": 0.5
  },
  "34": {
    "level": 34,
    "ascension": 1,
    "hp": 5625.4842396,
    "attack": 38.4991661,
    "defense": 316.9152918,
    "specialized": 0.5
  },
  "35": {
    "level": 35,
    "ascension": 1,
    "hp": 5729.60585,
    "attack": 39.21175349999999,
    "defense": 322.781025,
    "specialized": 0.5
  },
  "36": {
    "level": 36,
    "ascension": 1,
    "hp": 5834.9381768,
    "attack": 39.9326268,
    "defense": 328.7149644,
    "specialized": 0.5
  },
  "37": {
    "level": 37,
    "ascension": 1,
    "hp": 5939.0597872,
    "attack": 40.6452142,
    "defense": 334.5806976,
    "specialized": 0.5
  },
  "38": {
    "level": 38,
    "ascension": 1,
    "hp": 6043.181397600001,
    "attack": 41.3578016,
    "defense": 340.44643080000003,
    "specialized": 0.5
  },
  "39": {
    "level": 39,
    "ascension": 1,
    "hp": 6147.303007999999,
    "attack": 42.07038899999999,
    "defense": 346.31216399999994,
    "specialized": 0.5
  },
  "40": {
    "level": 40,
    "ascension": 1,
    "hp": 6252.635334800001,
    "attack": 42.7912623,
    "defense": 352.24610340000004,
    "specialized": 0.5
  },
  "41": {
    "level": 41,
    "ascension": 2,
    "hp": 7094.3399452,
    "attack": 48.5513517,
    "defense": 399.66483659999994,
    "specialized": 0.596
  },
  "42": {
    "level": 42,
    "ascension": 2,
    "hp": 7199.672272000001,
    "attack": 49.272225,
    "defense": 405.59877600000004,
    "specialized": 0.596
  },
  "43": {
    "level": 43,
    "ascension": 2,
    "hp": 7305.0045988,
    "attack": 49.9930983,
    "defense": 411.53271540000003,
    "specialized": 0.596
  },
  "44": {
    "level": 44,
    "ascension": 2,
    "hp": 7409.1262092,
    "attack": 50.7056857,
    "defense": 417.39844859999994,
    "specialized": 0.596
  },
  "45": {
    "level": 45,
    "ascension": 2,
    "hp": 7514.458536,
    "attack": 51.426559,
    "defense": 423.33238800000004,
    "specialized": 0.596
  },
  "46": {
    "level": 46,
    "ascension": 2,
    "hp": 7619.7908628000005,
    "attack": 52.1474323,
    "defense": 429.2663274,
    "specialized": 0.596
  },
  "47": {
    "level": 47,
    "ascension": 2,
    "hp": 7725.1231896,
    "attack": 52.86830559999999,
    "defense": 435.2002668,
    "specialized": 0.596
  },
  "48": {
    "level": 48,
    "ascension": 2,
    "hp": 7830.4555164,
    "attack": 53.5891789,
    "defense": 441.1342062,
    "specialized": 0.596
  },
  "49": {
    "level": 49,
    "ascension": 2,
    "hp": 7936.998559600001,
    "attack": 54.3183381,
    "defense": 447.13635180000006,
    "specialized": 0.596
  },
  "50": {
    "level": 50,
    "ascension": 2,
    "hp": 8042.3308864,
    "attack": 55.0392114,
    "defense": 453.07029119999993,
    "specialized": 0.596
  },