{
  "1": {
    "level": 1,
    "ascension": 0,
    "hp": 893.5552,
    "attack": 21.54768,
    "defense": 53.505375,
    "specialized": 0
  },
  "2": {
    "level": 2,
    "ascension": 0,
    "hp": 967.7202816,
    "attack": 23.336137439999998,
    "defense": 57.946321125,
    "specialized": 0
  },
  "3": {
    "level": 3,
    "ascension": 0,
    "hp": 1040.991808,
    "attack": 25.1030472,
    "defense": 62.333761875,
    "specialized": 0
  },
  "4": {
    "level": 4,
    "ascension": 0,
    "hp": 1115.1568896,
    "attack": 26.89150464,
    "defense": 66.774708,
    "specialized": 0
  },
  "5": {
    "level": 5,
    "ascension": 0,
    "hp": 1188.428416,
    "attack": 28.6584144,
    "defense": 71.16214875,
    "specialized": 0
  },
  "6": {
    "level": 6,
    "ascension": 0,
    "hp": 1262.5934976,
    "attack": 30.44687184,
    "defense": 75.603094875,
    "specialized": 0
  },
  "7": {
    "level": 7,
    "ascension": 0,
    "hp": 1335.8650240000002,
    "attack": 32.213781600000004,
    "defense": 79.990535625,
    "specialized": 0
  },
  "8": {
    "level": 8,
    "ascension": 0,
    "hp": 1410.0301056,
    "attack": 34.00223904,
    "defense": 84.43148175,
    "specialized": 0
  },
  "9": {
    "level": 9,
    "ascension": 0,
    "hp": 1484.1951872,
    "attack": 35.79069648,
    "defense": 88.872427875,
    "specialized": 0
  },
  "10": {
    "level": 10,
    "ascension": 0,
    "hp": 1557.4667136,
    "attack": 37.55760624,
    "defense": 93.25986862500001,
    "specialized": 0
  },
  "11": {
    "level": 11,
    "ascension": 0,
    "hp": 1631.6317952000002,
    "attack": 39.34606368,
    "defense": 97.70081475,
    "specialized": 0
  },
  "12": {
    "level": 12,
    "ascension": 0,
    "hp": 1704.9033216,
    "attack": 41.11297344,
    "defense": 102.0882555,
    "specialized": 0
  },
  "13": {
    "level": 13,
    "ascension": 0,
    "hp": 1779.0684032000001,
    "attack": 42.90143088,
    "defense": 106.52920162500001,
    "specialized": 0
  },
  "14": {
    "level": 14,
    "ascension": 0,
    "hp": 1852.3399296,
    "attack": 44.66834064,
    "defense": 110.916642375,
    "specialized": 0
  },
  "15": {
    "level": 15,
    "ascension": 0,
    "hp": 1926.5050112000001,
    "attack": 46.456798080000006,
    "defense": 115.3575885,
    "specialized": 0
  },
  "16": {
    "level": 16,
    "ascension": 0,
    "hp": 2000.6700928,
    "attack": 48.24525551999999,
    "defense": 119.798534625,
    "specialized": 0
  },
  "17": {
    "level": 17,
    "ascension": 0,
    "hp": 2073.9416192000003,
    "attack": 50.012165280000005,
    "defense": 124.18597537500001,
    "specialized": 0
  },
  "18": {
    "level": 18,
    "ascension": 0,
    "hp": 2148.1067008,
    "attack": 51.80062272,
    "defense": 128.6269215,
    "specialized": 0
  },
  "19": {
    "level": 19,
    "ascension": 0,
    "hp": 2221.3782272000003,
    "attack": 53.567532480000004,
    "defense": 133.01436225,
    "specialized": 0
  },
  "20": {
    "level": 20,
    "ascension": 0,
    "hp": 2295.5433088,
    "attack": 55.35598992,
    "defense": 137.455308375,
    "specialized": 0
  },
  "21": {
    "level": 21,
    "ascension": 1,
    "hp": 3036.3463352,
    "attack": 73.22049668,
    "defense": 181.81399912499998,
    "specialized": 0
  },
  "22": {
    "level": 22,
    "ascension": 1,
    "hp": 3110.5114168,
    "attack": 75.00895412,
    "defense": 186.25494525,
    "specialized": 0
  },
  "23": {
    "level": 23,
    "ascension": 1,
    "hp": 3184.6764984,
    "attack": 76.79741156,
    "defense": 190.695891375,
    "specialized": 0
  },
  "24": {
    "level": 24,
    "ascension": 1,
    "hp": 3257.9480248,
    "attack": 78.56432132,
    "defense": 195.083332125,
    "specialized": 0
  },
  "25": {
    "level": 25,
    "ascension": 1,
    "hp": 3332.1131064,
    "attack": 80.35277876,
    "defense": 199.52427825,
    "specialized": 0
  },
  "26": {
    "level": 26,
    "ascension": 1,
    "hp": 3405.3846328,
    "attack": 82.11968852000001,
    "defense": 203.911719,
    "specialized": 0
  },
  "27": {
    "level": 27,
    "ascension": 1,
    "hp": 3479.5497144,
    "attack": 83.90814595999998,
    "defense": 208.352665125,
    "specialized": 0
  },
  "28": {
    "level": 28,
    "ascension": 1,
    "hp": 3552.8212408000004,
    "attack": 85.67505571999999,
    "defense": 212.740105875,
    "specialized": 0
  },
  "29": {
    "level": 29,
    "ascension": 1,
    "hp": 3626.9863224,
    "attack": 87.46351315999999,
    "defense": 217.181052,
    "specialized": 0
  },
  "30": {
    "level": 30,
    "ascension": 1,
    "hp": 3700.2578488000004,
    "attack": 89.23042292,
    "defense": 221.56849275000002,
    "specialized": 0
  },
  "31": {
    "level": 31,
    "ascension": 1,
    "hp": 3774.4229304,
    "attack": 91.01888036,
    "defense": 226.009438875,
    "specialized": 0
  },
  "32": {
    "level": 32,
    "ascension": 1,
    "hp": 3848.588012,
    "attack": 92.8073378,
    "defense": 230.450385,
    "specialized": 0
  },
  "33": {
    "level": 33,
    "ascension": 1,
    "hp": 3921.8595384,
    "attack": 94.57424756,
    "defense": 234.83782575,
    "specialized": 0
  },
  "34": {
    "level": 34,
    "ascension": 1,
    "hp": 3996.02462,
    "attack": 96.362705,
    "defense": 239.27877187500002,
    "specialized": 0
  },
  "35": {
    "level": 35,
    "ascension": 1,
    "hp": 4069.2961464,
    "attack": 98.12961476000001,
    "defense": 243.666212625,
    "specialized": 0
  },
  "36": {
    "level": 36,
    "ascension": 1,
    "hp": 4143.461228,
    "attack": 99.91807220000001,
    "defense": 248.10715875,
    "specialized": 0
  },
  "37": {
    "level": 37,
    "ascension": 1,
    "hp": 4216.7327544,
    "attack": 101.68498195999999,
    "defense": 252.4945995,
    "specialized": 0
  },
  "38": {
    "level": 38,
    "ascension": 1,
    "hp": 4290.897836,
    "attack": 103.47343939999999,
    "defense": 256.935545625,
    "specialized": 0
  },
  "39": {
    "level": 39,
    "ascension": 1,
    "hp": 4365.0629176,
    "attack": 105.26189683999999,
    "defense": 261.37649175,
    "specialized": 0
  },
  "40": {
    "level": 40,
    "ascension": 1,
    "hp": 4438.334444,
    "attack": 107.0288066,
    "defense": 265.7639325,
    "specialized": 0
  },
  "41": {
    "level": 41,
    "ascension": 2,
    "hp": 4986.7982256000005,
    "attack": 120.25503104,
    "defense": 298.605498625,
    "specialized": 0.06
  },
  "42": {
    "level": 42,
    "ascension": 2,
    "hp": 5060.069752,
    "attack": 122.0219408,
    "defense": 302.992939375,
    "specialized": 0.06
  },
  "43": {
    "level": 43,
    "ascension": 2,
    "hp": 5134.2348336000005,
    "attack": 123.81039824,
    "defense": 307.4338855,
    "specialized": 0.06
  },
  "44": {
    "level": 44,
    "ascension": 2,
    "hp": 5207.50636,
    "attack": 125.577308,
    "defense": 311.82132624999997,
    "specialized": 0.06
  },
  "45": {
    "level": 45,
    "ascension": 2,
    "hp": 5281.6714416,
    "attack": 127.36576544,
    "defense": 316.262272375,
    "specialized": 0.06
  },
  "46": {
    "level": 46,
    "ascension": 2,
    "hp": 5355.836523200001,
    "attack": 129.15422288000002,
    "defense": 320.70321850000005,
    "specialized": 0.06
  },
  "47": {
    "level": 47,
    "ascension": 2,
    "hp": 5429.1080496,
    "attack": 130.92113264,
    "defense": 325.09065925,
    "specialized": 0.06
  },
  "48": {
    "level": 48,
    "ascension": 2,
    "hp": 5503.2731312000005,
    "attack": 132.70959008,
    "defense": 329.531605375,
    "specialized": 0.06
  },
  "49": {
    "level": 49,
    "ascension": 2,
    "hp": 5576.5446576,
    "attack": 134.47649984,
    "defense": 333.919046125,
    "specialized": 0.06
  },
  "50": {
    "level": 50,
    "ascension": 2,
    "hp": 5650.7097392000005,
    "attack": 136.26495728,
    "defense": 338.35999225,
    "specialized": 0.06
  },
  "51": {
    "level": 51,
    "ascension": 3,
    "hp": 6356.3794656,
    "attack": 153.28222304000002,
    "defense": 380.614933,