{
  "1": {
    "level": 1,
    "ascension": 0,
    "hp": 845.2303,
    "attack": 14.95872,
    "defense": 50.758575,
    "specialized": 0
  },
  "2": {
    "level": 2,
    "ascension": 0,
    "hp": 915.3844149,
    "attack": 16.200293759999997,
    "defense": 54.971536725,
    "specialized": 0
  },
  "3": {
    "level": 3,
    "ascension": 0,
    "hp": 984.6932995000001,
    "attack": 17.4269088,
    "defense": 59.133739875,
    "specialized": 0
  },
  "4": {
    "level": 4,
    "ascension": 0,
    "hp": 1054.8474144000002,
    "attack": 18.66848256,
    "defense": 63.3467016,
    "specialized": 0
  },
  "5": {
    "level": 5,
    "ascension": 0,
    "hp": 1124.1562990000002,
    "attack": 19.8950976,
    "defense": 67.50890475,
    "specialized": 0
  },
  "6": {
    "level": 6,
    "ascension": 0,
    "hp": 1194.3104139000002,
    "attack": 21.13667136,
    "defense": 71.721866475,
    "specialized": 0
  },
  "7": {
    "level": 7,
    "ascension": 0,
    "hp": 1263.6192985000002,
    "attack": 22.3632864,
    "defense": 75.88406962500001,
    "specialized": 0
  },
  "8": {
    "level": 8,
    "ascension": 0,
    "hp": 1333.7734134000002,
    "attack": 23.60486016,
    "defense": 80.09703135000001,
    "specialized": 0
  },
  "9": {
    "level": 9,
    "ascension": 0,
    "hp": 1403.9275283000002,
    "attack": 24.84643392,
    "defense": 84.30999307500001,
    "specialized": 0
  },
  "10": {
    "level": 10,
    "ascension": 0,
    "hp": 1473.2364129000002,
    "attack": 26.07304896,
    "defense": 88.472196225,
    "specialized": 0
  },
  "11": {
    "level": 11,
    "ascension": 0,
    "hp": 1543.3905278000002,
    "attack": 27.31462272,
    "defense": 92.68515795,
    "specialized": 0
  },
  "12": {
    "level": 12,
    "ascension": 0,
    "hp": 1612.6994124,
    "attack": 28.541237759999998,
    "defense": 96.8473611,
    "specialized": 0
  },
  "13": {
    "level": 13,
    "ascension": 0,
    "hp": 1682.8535273000002,
    "attack": 29.78281152,
    "defense": 101.060322825,
    "specialized": 0
  },
  "14": {
    "level": 14,
    "ascension": 0,
    "hp": 1752.1624119,
    "attack": 31.009426559999998,
    "defense": 105.222525975,
    "specialized": 0
  },
  "15": {
    "level": 15,
    "ascension": 0,
    "hp": 1822.3165268000002,
    "attack": 32.25100032,
    "defense": 109.43548770000001,
    "specialized": 0
  },
  "16": {
    "level": 16,
    "ascension": 0,
    "hp": 1892.4706417,
    "attack": 33.49257408,
    "defense": 113.648449425,
    "specialized": 0
  },
  "17": {
    "level": 17,
    "ascension": 0,
    "hp": 1961.7795263000003,
    "attack": 34.71918912,
    "defense": 117.810652575,
    "specialized": 0
  },
  "18": {
    "level": 18,
    "ascension": 0,
    "hp": 2031.9336412,
    "attack": 35.96076288,
    "defense": 122.02361429999999,
    "specialized": 0
  },
  "19": {
    "level": 19,
    "ascension": 0,
    "hp": 2101.2425258000003,
    "attack": 37.18737792,
    "defense": 126.18581745000002,
    "specialized": 0
  },
  "20": {
    "level": 20,
    "ascension": 0,
    "hp": 2171.3966407000003,
    "attack": 38.42895168,
    "defense": 130.398779175,
    "specialized": 0
  },
  "21": {
    "level": 21,
    "ascension": 1,
    "hp": 2872.1358253,
    "attack": 50.83075871999999,
    "defense": 172.480232325,
    "specialized": 0
  },
  "22": {
    "level": 22,
    "ascension": 1,
    "hp": 2942.2899402000003,
    "attack": 52.07233248,
    "defense": 176.69319405000002,
    "specialized": 0
  },
  "23": {
    "level": 23,
    "ascension": 1,
    "hp": 3012.4440551000002,
    "attack": 53.313906239999994,
    "defense": 180.906155775,
    "specialized": 0
  },
  "24": {
    "level": 24,
    "ascension": 1,
    "hp": 3081.7529397000003,
    "attack": 54.54052127999999,
    "defense": 185.068358925,
    "specialized": 0
  },
  "25": {
    "level": 25,
    "ascension": 1,
    "hp": 3151.9070546000003,
    "attack": 55.78209504,
    "defense": 189.28132065000003,
    "specialized": 0
  },
  "26": {
    "level": 26,
    "ascension": 1,
    "hp": 3221.2159392000003,
    "attack": 57.00871008,
    "defense": 193.4435238,
    "specialized": 0
  },
  "27": {
    "level": 27,
    "ascension": 1,
    "hp": 3291.3700541,
    "attack": 58.250283839999994,
    "defense": 197.656485525,
    "specialized": 0
  },
  "28": {
    "level": 28,
    "ascension": 1,
    "hp": 3360.6789387000003,
    "attack": 59.47689887999999,
    "defense": 201.818688675,
    "specialized": 0
  },
  "29": {
    "level": 29,
    "ascension": 1,
    "hp": 3430.8330536,
    "attack": 60.71847264,
    "defense": 206.0316504,
    "specialized": 0
  },
  "30": {
    "level": 30,
    "ascension": 1,
    "hp": 3500.1419382000004,
    "attack": 61.94508768,
    "defense": 210.19385355,
    "specialized": 0
  },
  "31": {
    "level": 31,
    "ascension": 1,
    "hp": 3570.2960531,
    "attack": 63.186661439999995,
    "defense": 214.406815275,
    "specialized": 0
  },
  "32": {
    "level": 32,
    "ascension": 1,
    "hp": 3640.4501680000003,
    "attack": 64.4282352,
    "defense": 218.619777,
    "specialized": 0
  },
  "33": {
    "level": 33,
    "ascension": 1,
    "hp": 3709.7590526,
    "attack": 65.65485024,
    "defense": 222.78198015,
    "specialized": 0
  },
  "34": {
    "level": 34,
    "ascension": 1,
    "hp": 3779.9131675000003,
    "attack": 66.896424,
    "defense": 226.99494187500002,
    "specialized": 0
  },
  "35": {
    "level": 35,
    "ascension": 1,
    "hp": 3849.2220521,
    "attack": 68.12303904,
    "defense": 231.157145025,
    "specialized": 0
  },
  "36": {
    "level": 36,
    "ascension": 1,
    "hp": 3919.3761670000004,
    "attack": 69.3646128,
    "defense": 235.37010675000002,
    "specialized": 0
  },
  "37": {
    "level": 37,
    "ascension": 1,
    "hp": 3988.6850516000004,
    "attack": 70.59122784,
    "defense": 239.5323099,
    "specialized": 0
  },
  "38": {
    "level": 38,
    "ascension": 1,
    "hp": 4058.8391665,
    "attack": 71.8328016,
    "defense": 243.745271625,
    "specialized": 0
  },
  "39": {
    "level": 39,
    "ascension": 1,
    "hp": 4128.9932814,
    "attack": 73.07437535999999,
    "defense": 247.95823335,
    "specialized": 0
  },
  "40": {
    "level": 40,
    "ascension": 1,
    "hp": 4198.3021659999995,
    "attack": 74.30099039999999,
    "defense": 252.12043649999998,
    "specialized": 0
  },
  "41": {
    "level": 41,
    "ascension": 2,
    "hp": 4717.104080900001,
    "attack": 83.48283216,
    "defense": 283.276028225,
    "specialized": 24
  },
  "42": {
    "level": 42,
    "ascension": 2,
    "hp": 4786.4129655,
    "attack": 84.7094472,
    "defense": 287.438231375,
    "specialized": 24
  },
  "43": {
    "level": 43,
    "ascension": 2,
    "hp": 4856.5670804,
    "attack": 85.95102096,
    "defense": 291.6511931,
    "specialized": 24
  },
  "44": {
    "level": 44,
    "ascension": 2,
    "hp": 4925.875965,
    "attack": 87.17763599999999,
    "defense": 295.81339625,
    "specialized": 24
  },
  "45": {
    "level": 45,
    "ascension": 2,
    "hp": 4996.030079900001,
    "attack": 88.41920976,
    "defense": 300.026357975,
    "specialized": 24
  },
  "46": {
    "level": 46,
    "ascension": 2,
    "hp": 5066.1841948,
    "attack": 89.66078352,
    "defense": 304.2393197,
    "specialized": 24
  },
  "47": {
    "level": 47,
    "ascension": 2,
    "hp": 5135.4930794,
    "attack": 90.88739856,
    "defense": 308.40152285,
    "specialized": 24
  },
  "48": {
    "level": 48,
    "ascension": 2,
    "hp": 5205.647194300001,
    "attack": 92.12897232,
    "defense": 312.614484575,
    "specialized": 24
  },
  "49": {
    "level": 49,
    "ascension": 2,
    "hp": 5274.9560789,
    "attack": 93.35558736,
    "defense": 316.776687725,
    "specialized": 24
  },
  "50": {
    "level": 50,
    "ascension": 2,
    "hp": 5345.1101938,
    "attack": 94.59716112,
    "defense": 320.98964945,
    "specialized": 24
  },
  "51": {
    "level": 51,
    "ascension": 3,