{
  "1": {
    "level": 1,
    "ascension": 0,
    "hp": 1002.9701,
    "attack": 16.0272,
    "defense": 68.2122,
    "specialized": 0
  },
  "2": {
    "level": 2,
    "ascension": 0,
    "hp": 1086.2166183,
    "attack": 17.3574576,
    "defense": 73.8738126,
    "specialized": 0
  },
  "3": {
    "level": 3,
    "ascension": 0,
    "hp": 1168.4601665,
    "attack": 18.671688,
    "defense": 79.467213,
    "specialized": 0
  },
  "4": {
    "level": 4,
    "ascension": 0,
    "hp": 1251.7066848,
    "attack": 20.0019456,
    "defense": 85.1288256,
    "specialized": 0
  },
  "5": {
    "level": 5,
    "ascension": 0,
    "hp": 1333.950233,
    "attack": 21.316176,
    "defense": 90.722226,
    "specialized": 0
  },
  "6": {
    "level": 6,
    "ascension": 0,
    "hp": 1417.1967513,
    "attack": 22.6464336,
    "defense": 96.3838386,
    "specialized": 0
  },
  "7": {
    "level": 7,
    "ascension": 0,
    "hp": 1499.4402995,
    "attack": 23.960664,
    "defense": 101.977239,
    "specialized": 0
  },
  "8": {
    "level": 8,
    "ascension": 0,
    "hp": 1582.6868178,
    "attack": 25.2909216,
    "defense": 107.6388516,
    "specialized": 0
  },
  "9": {
    "level": 9,
    "ascension": 0,
    "hp": 1665.9333361,
    "attack": 26.6211792,
    "defense": 113.3004642,
    "specialized": 0
  },
  "10": {
    "level": 10,
    "ascension": 0,
    "hp": 1748.1768843,
    "attack": 27.9354096,
    "defense": 118.8938646,
    "specialized": 0
  },
  "11": {
    "level": 11,
    "ascension": 0,
    "hp": 1831.4234026,
    "attack": 29.2656672,
    "defense": 124.5554772,
    "specialized": 0
  },
  "12": {
    "level": 12,
    "ascension": 0,
    "hp": 1913.6669508,
    "attack": 30.5798976,
    "defense": 130.1488776,
    "specialized": 0
  },
  "13": {
    "level": 13,
    "ascension": 0,
    "hp": 1996.9134691,
    "attack": 31.9101552,
    "defense": 135.8104902,
    "specialized": 0
  },
  "14": {
    "level": 14,
    "ascension": 0,
    "hp": 2079.1570173,
    "attack": 33.2243856,
    "defense": 141.4038906,
    "specialized": 0
  },
  "15": {
    "level": 15,
    "ascension": 0,
    "hp": 2162.4035356,
    "attack": 34.5546432,
    "defense": 147.0655032,
    "specialized": 0
  },
  "16": {
    "level": 16,
    "ascension": 0,
    "hp": 2245.6500539,
    "attack": 35.8849008,
    "defense": 152.7271158,
    "specialized": 0
  },
  "17": {
    "level": 17,
    "ascension": 0,
    "hp": 2327.8936021,
    "attack": 37.1991312,
    "defense": 158.3205162,
    "specialized": 0
  },
  "18": {
    "level": 18,
    "ascension": 0,
    "hp": 2411.1401204,
    "attack": 38.5293888,
    "defense": 163.9821288,
    "specialized": 0
  },
  "19": {
    "level": 19,
    "ascension": 0,
    "hp": 2493.3836686,
    "attack": 39.8436192,
    "defense": 169.5755292,
    "specialized": 0
  },
  "20": {
    "level": 20,
    "ascension": 0,
    "hp": 2576.6301869,
    "attack": 41.1738768,
    "defense": 175.2371418,
    "specialized": 0
  },
  "21": {
    "level": 21,
    "ascension": 1,
    "hp": 3408.1437351,
    "attack": 54.4615272,
    "defense": 231.7885422,
    "specialized": 0
  },
  "22": {
    "level": 22,
    "ascension": 1,
    "hp": 3491.3902534,
    "attack": 55.7917848,
    "defense": 237.4501548,
    "specialized": 0
  },
  "23": {
    "level": 23,
    "ascension": 1,
    "hp": 3574.6367717,
    "attack": 57.1220424,
    "defense": 243.1117674,
    "specialized": 0
  },
  "24": {
    "level": 24,
    "ascension": 1,
    "hp": 3656.8803199,
    "attack": 58.4362728,
    "defense": 248.7051678,
    "specialized": 0
  },
  "25": {
    "level": 25,
    "ascension": 1,
    "hp": 3740.1268382,
    "attack": 59.7665304,
    "defense": 254.3667804,
    "specialized": 0
  },
  "26": {
    "level": 26,
    "ascension": 1,
    "hp": 3822.3703864,
    "attack": 61.0807608,
    "defense": 259.9601808,
    "specialized": 0
  },
  "27": {
    "level": 27,
    "ascension": 1,
    "hp": 3905.6169047,
    "attack": 62.4110184,
    "defense": 265.6217934,
    "specialized": 0
  },
  "28": {
    "level": 28,
    "ascension": 1,
    "hp": 3987.8604529,
    "attack": 63.7252488,
    "defense": 271.2151938,
    "specialized": 0
  },
  "29": {
    "level": 29,
    "ascension": 1,
    "hp": 4071.1069712,
    "attack": 65.0555064,
    "defense": 276.8768064,
    "specialized": 0
  },
  "30": {
    "level": 30,
    "ascension": 1,
    "hp": 4153.3505194,
    "attack": 66.3697368,
    "defense": 282.4702068,
    "specialized": 0
  },
  "31": {
    "level": 31,
    "ascension": 1,
    "hp": 4236.5970377,
    "attack": 67.6999944,
    "defense": 288.1318194,
    "specialized": 0
  },
  "32": {
    "level": 32,
    "ascension": 1,
    "hp": 4319.843556,
    "attack": 69.030252,
    "defense": 293.793432,
    "specialized": 0
  },
  "33": {
    "level": 33,
    "ascension": 1,
    "hp": 4402.0871042,
    "attack": 70.3444824,
    "defense": 299.3868324,
    "specialized": 0
  },
  "34": {
    "level": 34,
    "ascension": 1,
    "hp": 4485.3336225,
    "attack": 71.67474,
    "defense": 305.048445,
    "specialized": 0
  },
  "35": {
    "level": 35,
    "ascension": 1,
    "hp": 4567.5771707,
    "attack": 72.9889704,
    "defense": 310.6418454,
    "specialized": 0
  },
  "36": {
    "level": 36,
    "ascension": 1,
    "hp": 4650.823689,
    "attack": 74.319228,
    "defense": 316.303458,
    "specialized": 0
  },
  "37": {
    "level": 37,
    "ascension": 1,
    "hp": 4733.0672372,
    "attack": 75.6334584,
    "defense": 321.8968584,
    "specialized": 0
  },
  "38": {
    "level": 38,
    "ascension": 1,
    "hp": 4816.3137555,
    "attack": 76.963716,
    "defense": 327.558471,
    "specialized": 0
  },
  "39": {
    "level": 39,
    "ascension": 1,
    "hp": 4899.5602738,
    "attack": 78.2939736,
    "defense": 333.2200836,
    "specialized": 0
  },
  "40": {
    "level": 40,
    "ascension": 1,
    "hp": 4981.803822,
    "attack": 79.608204,
    "defense": 338.813484,
    "specialized": 0
  },
  "41": {
    "level": 41,
    "ascension": 2,
    "hp": 5597.4264403,
    "attack": 89.4458916,
    "defense": 380.6820966,
    "specialized": 24
  },
  "42": {
    "level": 42,
    "ascension": 2,
    "hp": 5679.6699885,
    "attack": 90.760122,
    "defense": 386.275497,
    "specialized": 24
  },
  "43": {
    "level": 43,
    "ascension": 2,
    "hp": 5762.9165068,
    "attack": 92.0903796,
    "defense": 391.9371096,
    "specialized": 24
  },
  "44": {
    "level": 44,
    "ascension": 2,
    "hp": 5845.160055,
    "attack": 93.40461,
    "defense": 397.53051,
    "specialized": 24
  },
  "45": {
    "level": 45,
    "ascension": 2,
    "hp": 5928.4065733,
    "attack": 94.7348676,
    "defense": 403.1921226,
    "specialized": 24
  },
  "46": {
    "level": 46,
    "ascension": 2,
    "hp": 6011.6530916,
    "attack": 96.0651252,
    "defense": 408.8537352,
    "specialized": 24
  },
  "47": {
    "level": 47,
    "ascension": 2,
    "hp": 6093.8966398,
    "attack": 97.3793556,
    "defense": 414.4471356,
    "specialized": 24
  },
  "48": {
    "level": 48,
    "ascension": 2,
    "hp": 6177.1431581,
    "attack": 98.7096132,
    "defense": 420.1087482,
    "specialized": 24
  },
  "49": {
    "level": 49,
    "ascension": 2,
    "hp": 6259.3867063,
    "attack": 100.0238436,
    "defense": 425.7021486,
    "specialized": 24
  },
  "50": {
    "level": 50,
    "ascension": 2,
    "hp": 6342.6332246,
    "attack": 101.3541012,
    "defense": 431.3637612,
    "specialized": 24
  },
  "51": {
    "level": 51,
    "ascension": 3,
    "hp": 7134.7114728,
    "attack": 114.0115716,
    "defense": 485.2331616,
    "specialized": 48
  },
  "52": {
    "level": 52,
    "ascension": 3,
    "hp": 7217.9579911,
    "attack": 115.3418292,
    "defense": 490.8947742,
    "specialized": 48
  },
  "53": {
    "level": 53,
    "ascension": 3,
    "hp": 7301.2045094,
    "attack": 116.6720868,
    "defense": 496.5563868,
    "specialized": 48
  },
  "54": {
    "level": 54,