{
  "1": {
    "level": 1,
    "ascension": 0,
    "hp": 1143.984,
    "attack": 18.62,
    "defense": 59.83,
    "specialized": 0
  },
  "2": {
    "level": 2,
    "ascension": 0,
    "hp": 1238.9346719999999,
    "attack": 20.16546,
    "defense": 64.79589,
    "specialized": 0
  },
  "3": {
    "level": 3,
    "ascension": 0,
    "hp": 1333.8853439999998,
    "attack": 21.710919999999998,
    "defense": 69.76177999999999,
    "specialized": 0
  },
  "4": {
    "level": 4,
    "ascension": 0,
    "hp": 1429.98,
    "attack": 23.275000000000002,
    "defense": 74.7875,
    "specialized": 0
  },
  "5": {
    "level": 5,
    "ascension": 0,
    "hp": 1524.930672,
    "attack": 24.82046,
    "defense": 79.75339,
    "specialized": 0
  },
  "6": {
    "level": 6,
    "ascension": 0,
    "hp": 1621.025328,
    "attack": 26.38454,
    "defense": 84.77911,
    "specialized": 0
  },
  "7": {
    "level": 7,
    "ascension": 0,
    "hp": 1715.9759999999999,
    "attack": 27.93,
    "defense": 89.745,
    "specialized": 0
  },
  "8": {
    "level": 8,
    "ascension": 0,
    "hp": 1812.0706559999999,
    "attack": 29.494080000000004,
    "defense": 94.77072,
    "specialized": 0
  },
  "9": {
    "level": 9,
    "ascension": 0,
    "hp": 1908.1653119999999,
    "attack": 31.05816,
    "defense": 99.79643999999999,
    "specialized": 0
  },
  "10": {
    "level": 10,
    "ascension": 0,
    "hp": 2003.1159839999998,
    "attack": 32.60362,
    "defense": 104.76232999999999,
    "specialized": 0
  },
  "11": {
    "level": 11,
    "ascension": 0,
    "hp": 2099.21064,
    "attack": 34.1677,
    "defense": 109.78805,
    "specialized": 0
  },
  "12": {
    "level": 12,
    "ascension": 0,
    "hp": 2195.305296,
    "attack": 35.73178,
    "defense": 114.81377,
    "specialized": 0
  },
  "13": {
    "level": 13,
    "ascension": 0,
    "hp": 2291.3999519999998,
    "attack": 37.295860000000005,
    "defense": 119.83949,
    "specialized": 0
  },
  "14": {
    "level": 14,
    "ascension": 0,
    "hp": 2388.638592,
    "attack": 38.87856,
    "defense": 124.92504,
    "specialized": 0
  },
  "15": {
    "level": 15,
    "ascension": 0,
    "hp": 2484.733248,
    "attack": 40.442640000000004,
    "defense": 129.95076,
    "specialized": 0
  },
  "16": {
    "level": 16,
    "ascension": 0,
    "hp": 2580.8279039999998,
    "attack": 42.00672,
    "defense": 134.97647999999998,
    "specialized": 0
  },
  "17": {
    "level": 17,
    "ascension": 0,
    "hp": 2678.0665440000002,
    "attack": 43.589420000000004,
    "defense": 140.06203000000002,
    "specialized": 0
  },
  "18": {
    "level": 18,
    "ascension": 0,
    "hp": 2774.1611999999996,
    "attack": 45.1535,
    "defense": 145.08774999999997,
    "specialized": 0
  },
  "19": {
    "level": 19,
    "ascension": 0,
    "hp": 2871.3998399999996,
    "attack": 46.7362,
    "defense": 150.17329999999998,
    "specialized": 0
  },
  "20": {
    "level": 20,
    "ascension": 0,
    "hp": 2967.494496,
    "attack": 48.30028,
    "defense": 155.19902,
    "specialized": 0
  },
  "21": {
    "level": 21,
    "ascension": 1,
    "hp": 4045.5959859999994,
    "attack": 65.84678,
    "defense": 211.58456999999999,
    "specialized": 0
  },
  "22": {
    "level": 22,
    "ascension": 1,
    "hp": 4142.834626,
    "attack": 67.42948,
    "defense": 216.67012,
    "specialized": 0
  },
  "23": {
    "level": 23,
    "ascension": 1,
    "hp": 4240.073265999999,
    "attack": 69.01218000000001,
    "defense": 221.75567,
    "specialized": 0
  },
  "24": {
    "level": 24,
    "ascension": 1,
    "hp": 4337.311906,
    "attack": 70.59488,
    "defense": 226.84122000000002,
    "specialized": 0
  },
  "25": {
    "level": 25,
    "ascension": 1,
    "hp": 4434.550546,
    "attack": 72.17758,
    "defense": 231.92676999999998,
    "specialized": 0
  },
  "26": {
    "level": 26,
    "ascension": 1,
    "hp": 4532.93317,
    "attack": 73.77890000000001,
    "defense": 237.07214999999997,
    "specialized": 0
  },
  "27": {
    "level": 27,
    "ascension": 1,
    "hp": 4630.17181,
    "attack": 75.36160000000001,
    "defense": 242.15769999999998,
    "specialized": 0
  },
  "28": {
    "level": 28,
    "ascension": 1,
    "hp": 4727.410449999999,
    "attack": 76.9443,
    "defense": 247.24325,
    "specialized": 0
  },
  "29": {
    "level": 29,
    "ascension": 1,
    "hp": 4825.793074,
    "attack": 78.54562000000001,
    "defense": 252.38862999999998,
    "specialized": 0
  },
  "30": {
    "level": 30,
    "ascension": 1,
    "hp": 4923.031714,
    "attack": 80.12832000000002,
    "defense": 257.47418,
    "specialized": 0
  },
  "31": {
    "level": 31,
    "ascension": 1,
    "hp": 5021.414338,
    "attack": 81.72964,
    "defense": 262.61956,
    "specialized": 0
  },
  "32": {
    "level": 32,
    "ascension": 1,
    "hp": 5119.796962,
    "attack": 83.33096,
    "defense": 267.76493999999997,
    "specialized": 0
  },
  "33": {
    "level": 33,
    "ascension": 1,
    "hp": 5218.179586,
    "attack": 84.93228000000002,
    "defense": 272.91032,
    "specialized": 0
  },
  "34": {
    "level": 34,
    "ascension": 1,
    "hp": 5315.418226,
    "attack": 86.51498000000001,
    "defense": 277.99587,
    "specialized": 0
  },
  "35": {
    "level": 35,
    "ascension": 1,
    "hp": 5413.80085,
    "attack": 88.11630000000001,
    "defense": 283.14125,
    "specialized": 0
  },
  "36": {
    "level": 36,
    "ascension": 1,
    "hp": 5513.327458,
    "attack": 89.73624000000001,
    "defense": 288.34646,
    "specialized": 0
  },
  "37": {
    "level": 37,
    "ascension": 1,
    "hp": 5611.710082,
    "attack": 91.33756000000001,
    "defense": 293.49183999999997,
    "specialized": 0
  },
  "38": {
    "level": 38,
    "ascension": 1,
    "hp": 5710.092705999999,
    "attack": 92.93888000000001,
    "defense": 298.63722,
    "specialized": 0
  },
  "39": {
    "level": 39,
    "ascension": 1,
    "hp": 5808.475329999999,
    "attack": 94.5402,
    "defense": 303.7826,
    "specialized": 0
  },
  "40": {
    "level": 40,
    "ascension": 1,
    "hp": 5908.001937999999,
    "attack": 96.16014000000001,
    "defense": 308.98781,
    "specialized": 0
  },
  "41": {
    "level": 41,
    "ascension": 2,
    "hp": 6703.3134119999995,
    "attack": 109.10416000000001,
    "defense": 350.58319,
    "specialized": 0.0554
  },
  "42": {
    "level": 42,
    "ascension": 2,
    "hp": 6802.84002,
    "attack": 110.7241,
    "defense": 355.7884,
    "specialized": 0.0554
  },
  "43": {
    "level": 43,
    "ascension": 2,
    "hp": 6902.366628,
    "attack": 112.34404,
    "defense": 360.99361,
    "specialized": 0.0554
  },
  "44": {
    "level": 44,
    "ascension": 2,
    "hp": 7000.749251999999,
    "attack": 113.94536,
    "defense": 366.13899,
    "specialized": 0.0554
  },
  "45": {
    "level": 45,
    "ascension": 2,
    "hp": 7100.27586,
    "attack": 115.56530000000001,
    "defense": 371.3442,
    "specialized": 0.0554
  },
  "46": {
    "level": 46,
    "ascension": 2,
    "hp": 7199.802467999999,
    "attack": 117.18524000000001,
    "defense": 376.54940999999997,
    "specialized": 0.0554
  },
  "47": {
    "level": 47,
    "ascension": 2,
    "hp": 7299.329075999999,
    "attack": 118.80518,
    "defense": 381.75462,
    "specialized": 0.0554
  },
  "48": {
    "level": 48,
    "ascension": 2,
    "hp": 7398.855684,
    "attack": 120.42512,
    "defense": 386.95983,
    "specialized": 0.0554
  },
  "49": {
    "level": 49,
    "ascension": 2,
    "hp": 7499.526276,
    "attack": 122.06368000000002,
    "defense": 392.22487,
    "specialized": 0.0554
  },
  "50": {
    "level": 50,
    "ascension": 2,
    "hp": 7599.052884,
    "attack": 123.68362,
    "defense": 397.43008,
    "specialized": 0.0554
  },
  "51": {
    "level": 51,
    "ascension": 3,
    "hp": 8627.818092,
    "attack": 140.42716000000001,
    "defense": 451.23528999999996,
    "specialized": 0.1108
  },
  "52": {
    "level": 52,