{
  "1": {
    "level": 1,
    "ascension": 0,
    "hp": 989.2932,
    "attack": 18.16416,
    "defense": 66.438225,
    "specialized": 0
  },
  "2": {
    "level": 2,
    "ascension": 0,
    "hp": 1071.4045356,
    "attack": 19.671785279999998,
    "defense": 71.952597675,
    "specialized": 0
  },
  "3": {
    "level": 3,
    "ascension": 0,
    "hp": 1152.526578,
    "attack": 21.1612464,
    "defense": 77.40053212500001,
    "specialized": 0
  },
  "4": {
    "level": 4,
    "ascension": 0,
    "hp": 1234.6379136,
    "attack": 22.66887168,
    "defense": 82.9149048,
    "specialized": 0
  },
  "5": {
    "level": 5,
    "ascension": 0,
    "hp": 1315.759956,
    "attack": 24.1583328,
    "defense": 88.36283925000001,
    "specialized": 0
  },
  "6": {
    "level": 6,
    "ascension": 0,
    "hp": 1397.8712916,
    "attack": 25.66595808,
    "defense": 93.87721192500001,
    "specialized": 0
  },
  "7": {
    "level": 7,
    "ascension": 0,
    "hp": 1478.993334,
    "attack": 27.1554192,
    "defense": 99.32514637500002,
    "specialized": 0
  },
  "8": {
    "level": 8,
    "ascension": 0,
    "hp": 1561.1046696,
    "attack": 28.66304448,
    "defense": 104.83951905,
    "specialized": 0
  },
  "9": {
    "level": 9,
    "ascension": 0,
    "hp": 1643.2160052,
    "attack": 30.17066976,
    "defense": 110.35389172500001,
    "specialized": 0
  },
  "10": {
    "level": 10,
    "ascension": 0,
    "hp": 1724.3380476,
    "attack": 31.66013088,
    "defense": 115.80182617500002,
    "specialized": 0
  },
  "11": {
    "level": 11,
    "ascension": 0,
    "hp": 1806.4493832,
    "attack": 33.167756159999996,
    "defense": 121.31619885,
    "specialized": 0
  },
  "12": {
    "level": 12,
    "ascension": 0,
    "hp": 1887.5714255999999,
    "attack": 34.65721728,
    "defense": 126.7641333,
    "specialized": 0
  },
  "13": {
    "level": 13,
    "ascension": 0,
    "hp": 1969.6827612,
    "attack": 36.16484256,
    "defense": 132.278505975,
    "specialized": 0
  },
  "14": {
    "level": 14,
    "ascension": 0,
    "hp": 2050.8048036,
    "attack": 37.65430368,
    "defense": 137.726440425,
    "specialized": 0
  },
  "15": {
    "level": 15,
    "ascension": 0,
    "hp": 2132.9161392,
    "attack": 39.16192896,
    "defense": 143.24081310000003,
    "specialized": 0
  },
  "16": {
    "level": 16,
    "ascension": 0,
    "hp": 2215.0274747999997,
    "attack": 40.66955424,
    "defense": 148.755185775,
    "specialized": 0
  },
  "17": {
    "level": 17,
    "ascension": 0,
    "hp": 2296.1495172,
    "attack": 42.15901536,
    "defense": 154.20312022500002,
    "specialized": 0
  },
  "18": {
    "level": 18,
    "ascension": 0,
    "hp": 2378.2608527999996,
    "attack": 43.66664064,
    "defense": 159.7174929,
    "specialized": 0
  },
  "19": {
    "level": 19,
    "ascension": 0,
    "hp": 2459.3828952,
    "attack": 45.15610176,
    "defense": 165.16542735000002,
    "specialized": 0
  },
  "20": {
    "level": 20,
    "ascension": 0,
    "hp": 2541.4942308,
    "attack": 46.66372704,
    "defense": 170.679800025,
    "specialized": 0
  },
  "21": {
    "level": 21,
    "ascension": 1,
    "hp": 3361.6689731999995,
    "attack": 61.72306415999999,
    "defense": 225.760484475,
    "specialized": 0
  },
  "22": {
    "level": 22,
    "ascension": 1,
    "hp": 3443.7803088,
    "attack": 63.23068944,
    "defense": 231.27485715,
    "specialized": 0
  },
  "23": {
    "level": 23,
    "ascension": 1,
    "hp": 3525.8916443999997,
    "attack": 64.73831472,
    "defense": 236.789229825,
    "specialized": 0
  },
  "24": {
    "level": 24,
    "ascension": 1,
    "hp": 3607.0136868,
    "attack": 66.22777583999999,
    "defense": 242.237164275,
    "specialized": 0
  },
  "25": {
    "level": 25,
    "ascension": 1,
    "hp": 3689.1250223999996,
    "attack": 67.73540112,
    "defense": 247.75153695,
    "specialized": 0
  },
  "26": {
    "level": 26,
    "ascension": 1,
    "hp": 3770.2470648,
    "attack": 69.22486224,
    "defense": 253.1994714,
    "specialized": 0
  },
  "27": {
    "level": 27,
    "ascension": 1,
    "hp": 3852.3584003999995,
    "attack": 70.73248751999999,
    "defense": 258.713844075,
    "specialized": 0
  },
  "28": {
    "level": 28,
    "ascension": 1,
    "hp": 3933.4804427999998,
    "attack": 72.22194864,
    "defense": 264.161778525,
    "specialized": 0
  },
  "29": {
    "level": 29,
    "ascension": 1,
    "hp": 4015.5917783999994,
    "attack": 73.72957391999999,
    "defense": 269.6761512,
    "specialized": 0
  },
  "30": {
    "level": 30,
    "ascension": 1,
    "hp": 4096.7138208,
    "attack": 75.21903504,
    "defense": 275.12408565000004,
    "specialized": 0
  },
  "31": {
    "level": 31,
    "ascension": 1,
    "hp": 4178.825156399999,
    "attack": 76.72666032,
    "defense": 280.638458325,
    "specialized": 0
  },
  "32": {
    "level": 32,
    "ascension": 1,
    "hp": 4260.936492,
    "attack": 78.23428559999999,
    "defense": 286.152831,
    "specialized": 0
  },
  "33": {
    "level": 33,
    "ascension": 1,
    "hp": 4342.0585344,
    "attack": 79.72374672000001,
    "defense": 291.60076545,
    "specialized": 0
  },
  "34": {
    "level": 34,
    "ascension": 1,
    "hp": 4424.16987,
    "attack": 81.231372,
    "defense": 297.11513812500004,
    "specialized": 0
  },
  "35": {
    "level": 35,
    "ascension": 1,
    "hp": 4505.2919124,
    "attack": 82.72083312000001,
    "defense": 302.56307257500004,
    "specialized": 0
  },
  "36": {
    "level": 36,
    "ascension": 1,
    "hp": 4587.403248,
    "attack": 84.2284584,
    "defense": 308.07744525,
    "specialized": 0
  },
  "37": {
    "level": 37,
    "ascension": 1,
    "hp": 4668.5252904,
    "attack": 85.71791952000001,
    "defense": 313.5253797,
    "specialized": 0
  },
  "38": {
    "level": 38,
    "ascension": 1,
    "hp": 4750.6366259999995,
    "attack": 87.2255448,
    "defense": 319.039752375,
    "specialized": 0
  },
  "39": {
    "level": 39,
    "ascension": 1,
    "hp": 4832.7479616,
    "attack": 88.73317008000001,
    "defense": 324.55412505,
    "specialized": 0
  },
  "40": {
    "level": 40,
    "ascension": 1,
    "hp": 4913.870003999999,
    "attack": 90.2226312,
    "defense": 330.0020595,
    "specialized": 0
  },
  "41": {
    "level": 41,
    "ascension": 2,
    "hp": 5521.0977396,
    "attack": 101.37201048,
    "defense": 370.781807175,
    "specialized": 0.06
  },
  "42": {
    "level": 42,
    "ascension": 2,
    "hp": 5602.219782,
    "attack": 102.86147159999999,
    "defense": 376.229741625,
    "specialized": 0.06
  },
  "43": {
    "level": 43,
    "ascension": 2,
    "hp": 5684.3311176,
    "attack": 104.36909688,
    "defense": 381.7441143,
    "specialized": 0.06
  },
  "44": {
    "level": 44,
    "ascension": 2,
    "hp": 5765.45316,
    "attack": 105.85855799999999,
    "defense": 387.19204874999997,
    "specialized": 0.06
  },
  "45": {
    "level": 45,
    "ascension": 2,
    "hp": 5847.5644956,
    "attack": 107.36618328,
    "defense": 392.70642142500003,
    "specialized": 0.06
  },
  "46": {
    "level": 46,
    "ascension": 2,
    "hp": 5929.6758312,
    "attack": 108.87380856,
    "defense": 398.22079410000003,
    "specialized": 0.06
  },
  "47": {
    "level": 47,
    "ascension": 2,
    "hp": 6010.7978736,
    "attack": 110.36326968,
    "defense": 403.66872855,
    "specialized": 0.06
  },
  "48": {
    "level": 48,
    "ascension": 2,
    "hp": 6092.9092092,
    "attack": 111.87089496,
    "defense": 409.18310122500003,
    "specialized": 0.06
  },
  "49": {
    "level": 49,
    "ascension": 2,
    "hp": 6174.0312516,
    "attack": 113.36035608,
    "defense": 414.631035675,
    "specialized": 0.06
  },
  "50": {
    "level": 50,
    "ascension": 2,
    "hp": 6256.1425872,
    "attack": 114.86798136,
    "defense": 420.14540835,
    "specialized": 0.06
  },
  "51": {
    "level": 51,
    "ascension": 3,
    "hp": 7037.4197296,
    "attack": 129.21311548,