{
  "1": {
    "level": 1,
    "ascension": 0,
    "hp": 1039.1188,
    "attack": 23.0888,
    "defense": 62.8215,
    "specialized": 0
  },
  "2": {
    "level": 2,
    "ascension": 0,
    "hp": 1125.3656604,
    "attack": 25.005170399999997,
    "defense": 68.0356845,
    "specialized": 0
  },
  "3": {
    "level": 3,
    "ascension": 0,
    "hp": 1211.6125207999999,
    "attack": 26.9215408,
    "defense": 73.24986899999999,
    "specialized": 0
  },
  "4": {
    "level": 4,
    "ascension": 0,
    "hp": 1298.8985,
    "attack": 28.860999999999997,
    "defense": 78.526875,
    "specialized": 0
  },
  "5": {
    "level": 5,
    "ascension": 0,
    "hp": 1385.1453603999998,
    "attack": 30.7773704,
    "defense": 83.74105949999999,
    "specialized": 0
  },
  "6": {
    "level": 6,
    "ascension": 0,
    "hp": 1472.4313396,
    "attack": 32.7168296,
    "defense": 89.0180655,
    "specialized": 0
  },
  "7": {
    "level": 7,
    "ascension": 0,
    "hp": 1558.6781999999998,
    "attack": 34.6332,
    "defense": 94.23225,
    "specialized": 0
  },
  "8": {
    "level": 8,
    "ascension": 0,
    "hp": 1645.9641792,
    "attack": 36.5726592,
    "defense": 99.50925600000001,
    "specialized": 0
  },
  "9": {
    "level": 9,
    "ascension": 0,
    "hp": 1733.2501584,
    "attack": 38.5121184,
    "defense": 104.786262,
    "specialized": 0
  },
  "10": {
    "level": 10,
    "ascension": 0,
    "hp": 1819.4970187999998,
    "attack": 40.4284888,
    "defense": 110.0004465,
    "specialized": 0
  },
  "11": {
    "level": 11,
    "ascension": 0,
    "hp": 1906.782998,
    "attack": 42.367948,
    "defense": 115.2774525,
    "specialized": 0
  },
  "12": {
    "level": 12,
    "ascension": 0,
    "hp": 1994.0689772,
    "attack": 44.3074072,
    "defense": 120.55445850000001,
    "specialized": 0
  },
  "13": {
    "level": 13,
    "ascension": 0,
    "hp": 2081.3549564,
    "attack": 46.2468664,
    "defense": 125.83146450000001,
    "specialized": 0
  },
  "14": {
    "level": 14,
    "ascension": 0,
    "hp": 2169.6800544,
    "attack": 48.2094144,
    "defense": 131.171292,
    "specialized": 0
  },
  "15": {
    "level": 15,
    "ascension": 0,
    "hp": 2256.9660336,
    "attack": 50.1488736,
    "defense": 136.44829800000002,
    "specialized": 0
  },
  "16": {
    "level": 16,
    "ascension": 0,
    "hp": 2344.2520127999996,
    "attack": 52.088332799999996,
    "defense": 141.725304,
    "specialized": 0
  },
  "17": {
    "level": 17,
    "ascension": 0,
    "hp": 2432.5771108,
    "attack": 54.0508808,
    "defense": 147.0651315,
    "specialized": 0
  },
  "18": {
    "level": 18,
    "ascension": 0,
    "hp": 2519.86309,
    "attack": 55.990339999999996,
    "defense": 152.34213749999998,
    "specialized": 0
  },
  "19": {
    "level": 19,
    "ascension": 0,
    "hp": 2608.1881879999996,
    "attack": 57.952887999999994,
    "defense": 157.681965,
    "specialized": 0
  },
  "20": {
    "level": 20,
    "ascension": 0,
    "hp": 2695.4741671999996,
    "attack": 59.892347199999996,
    "defense": 162.958971,
    "specialized": 0
  },
  "21": {
    "level": 21,
    "ascension": 1,
    "hp": 3674.7497052,
    "attack": 81.6500082,
    "defense": 222.1637985,
    "specialized": 0
  },
  "22": {
    "level": 22,
    "ascension": 1,
    "hp": 3763.0748031999997,
    "attack": 83.6125562,
    "defense": 227.503626,
    "specialized": 0
  },
  "23": {
    "level": 23,
    "ascension": 1,
    "hp": 3851.3999012000004,
    "attack": 85.5751042,
    "defense": 232.8434535,
    "specialized": 0
  },
  "24": {
    "level": 24,
    "ascension": 1,
    "hp": 3939.7249992,
    "attack": 87.5376522,
    "defense": 238.18328100000002,
    "specialized": 0
  },
  "25": {
    "level": 25,
    "ascension": 1,
    "hp": 4028.0500972,
    "attack": 89.5002002,
    "defense": 243.5231085,
    "specialized": 0
  },
  "26": {
    "level": 26,
    "ascension": 1,
    "hp": 4117.414314,
    "attack": 91.485837,
    "defense": 248.9257575,
    "specialized": 0
  },
  "27": {
    "level": 27,
    "ascension": 1,
    "hp": 4205.739412,
    "attack": 93.448385,
    "defense": 254.26558500000002,
    "specialized": 0
  },
  "28": {
    "level": 28,
    "ascension": 1,
    "hp": 4294.064509999999,
    "attack": 95.410933,
    "defense": 259.6054125,
    "specialized": 0
  },
  "29": {
    "level": 29,
    "ascension": 1,
    "hp": 4383.4287268,
    "attack": 97.39656980000001,
    "defense": 265.0080615,
    "specialized": 0
  },
  "30": {
    "level": 30,
    "ascension": 1,
    "hp": 4471.7538248,
    "attack": 99.3591178,
    "defense": 270.347889,
    "specialized": 0
  },
  "31": {
    "level": 31,
    "ascension": 1,
    "hp": 4561.1180416,
    "attack": 101.3447546,
    "defense": 275.750538,
    "specialized": 0
  },
  "32": {
    "level": 32,
    "ascension": 1,
    "hp": 4650.482258399999,
    "attack": 103.3303914,
    "defense": 281.153187,
    "specialized": 0
  },
  "33": {
    "level": 33,
    "ascension": 1,
    "hp": 4739.8464752,
    "attack": 105.3160282,
    "defense": 286.555836,
    "specialized": 0
  },
  "34": {
    "level": 34,
    "ascension": 1,
    "hp": 4828.1715732,
    "attack": 107.2785762,
    "defense": 291.8956635,
    "specialized": 0
  },
  "35": {
    "level": 35,
    "ascension": 1,
    "hp": 4917.53579,
    "attack": 109.264213,
    "defense": 297.2983125,
    "specialized": 0
  },
  "36": {
    "level": 36,
    "ascension": 1,
    "hp": 5007.9391256,
    "attack": 111.2729386,
    "defense": 302.763783,
    "specialized": 0
  },
  "37": {
    "level": 37,
    "ascension": 1,
    "hp": 5097.3033424,
    "attack": 113.2585754,
    "defense": 308.166432,
    "specialized": 0
  },
  "38": {
    "level": 38,
    "ascension": 1,
    "hp": 5186.6675592,
    "attack": 115.2442122,
    "defense": 313.56908100000004,
    "specialized": 0
  },
  "39": {
    "level": 39,
    "ascension": 1,
    "hp": 5276.031775999999,
    "attack": 117.22984899999999,
    "defense": 318.97173,
    "specialized": 0
  },
  "40": {
    "level": 40,
    "ascension": 1,
    "hp": 5366.4351116,
    "attack": 119.2385746,
    "defense": 324.4372005,
    "specialized": 0
  },
  "41": {
    "level": 41,
    "ascension": 2,
    "hp": 6088.8429884,
    "attack": 135.2891584,
    "defense": 368.1123495,
    "specialized": 28.8
  },
  "42": {
    "level": 42,
    "ascension": 2,
    "hp": 6179.246324,
    "attack": 137.297884,
    "defense": 373.57782000000003,
    "specialized": 28.8
  },
  "43": {
    "level": 43,
    "ascension": 2,
    "hp": 6269.6496596,
    "attack": 139.3066096,
    "defense": 379.0432905,
    "specialized": 28.8
  },
  "44": {
    "level": 44,
    "ascension": 2,
    "hp": 6359.013876399999,
    "attack": 141.29224639999998,
    "defense": 384.44593949999995,
    "specialized": 28.8
  },
  "45": {
    "level": 45,
    "ascension": 2,
    "hp": 6449.417212,
    "attack": 143.300972,
    "defense": 389.91141,
    "specialized": 28.8
  },
  "46": {
    "level": 46,
    "ascension": 2,
    "hp": 6539.820547599999,
    "attack": 145.3096976,
    "defense": 395.37688049999997,
    "specialized": 28.8
  },
  "47": {
    "level": 47,
    "ascension": 2,
    "hp": 6630.223883199999,
    "attack": 147.31842319999998,
    "defense": 400.84235099999995,
    "specialized": 28.8
  },
  "48": {
    "level": 48,
    "ascension": 2,
    "hp": 6720.6272188,
    "attack": 149.3271488,
    "defense": 406.3078215,
    "specialized": 28.8
  },
  "49": {
    "level": 49,
    "ascension": 2,
    "hp": 6812.069673200001,
    "attack": 151.3589632,
    "defense": 411.8361135,
    "specialized": 28.8
  },
  "50": {
    "level": 50,
    "ascension": 2,
    "hp": 6902.4730088,
    "attack": 153.3676888,
    "defense": 417.301584,
    "specialized": 28.8
  },
  "51": {
    "level": 51,
    "ascension": 3,
    "hp": 7836.9347443999995,
    "attack": 174.1296774,
    "defense": 473.79705449999994,
    "specialized": 57.6
  },
  "52": {
    "level": 52,