{
  "1": {
    "level": 1,
    "ascension": 0,
    "hp": 975.6164,
    "attack": 18.6984,
    "defense": 66.381,
    "specialized": 0
  },
  "2": {
    "level": 2,
    "ascension": 0,
    "hp": 1056.5925611999999,
    "attack": 20.2503672,
    "defense": 71.89062299999999,
    "specialized": 0
  },
  "3": {
    "level": 3,
    "ascension": 0,
    "hp": 1136.593106,
    "attack": 21.783636,
    "defense": 77.333865,
    "specialized": 0
  },
  "4": {
    "level": 4,
    "ascension": 0,
    "hp": 1217.5692672,
    "attack": 23.335603199999998,
    "defense": 82.843488,
    "specialized": 0
  },
  "5": {
    "level": 5,
    "ascension": 0,
    "hp": 1297.569812,
    "attack": 24.868872,
    "defense": 88.28673,
    "specialized": 0
  },
  "6": {
    "level": 6,
    "ascension": 0,
    "hp": 1378.5459732,
    "attack": 26.4208392,
    "defense": 93.796353,
    "specialized": 0
  },
  "7": {
    "level": 7,
    "ascension": 0,
    "hp": 1458.546518,
    "attack": 27.954108,
    "defense": 99.23959500000001,
    "specialized": 0
  },
  "8": {
    "level": 8,
    "ascension": 0,
    "hp": 1539.5226792,
    "attack": 29.5060752,
    "defense": 104.749218,
    "specialized": 0
  },
  "9": {
    "level": 9,
    "ascension": 0,
    "hp": 1620.4988404,
    "attack": 31.058042399999998,
    "defense": 110.258841,
    "specialized": 0
  },
  "10": {
    "level": 10,
    "ascension": 0,
    "hp": 1700.4993852,
    "attack": 32.5913112,
    "defense": 115.702083,
    "specialized": 0
  },
  "11": {
    "level": 11,
    "ascension": 0,
    "hp": 1781.4755464,
    "attack": 34.1432784,
    "defense": 121.211706,
    "specialized": 0
  },
  "12": {
    "level": 12,
    "ascension": 0,
    "hp": 1861.4760912,
    "attack": 35.676547199999995,
    "defense": 126.65494799999999,
    "specialized": 0
  },
  "13": {
    "level": 13,
    "ascension": 0,
    "hp": 1942.4522524000001,
    "attack": 37.2285144,
    "defense": 132.164571,
    "specialized": 0
  },
  "14": {
    "level": 14,
    "ascension": 0,
    "hp": 2022.4527971999998,
    "attack": 38.761783199999996,
    "defense": 137.607813,
    "specialized": 0
  },
  "15": {
    "level": 15,
    "ascension": 0,
    "hp": 2103.4289584000003,
    "attack": 40.3137504,
    "defense": 143.117436,
    "specialized": 0
  },
  "16": {
    "level": 16,
    "ascension": 0,
    "hp": 2184.4051196,
    "attack": 41.865717599999996,
    "defense": 148.627059,
    "specialized": 0
  },
  "17": {
    "level": 17,
    "ascension": 0,
    "hp": 2264.4056644,
    "attack": 43.398986400000005,
    "defense": 154.070301,
    "specialized": 0
  },
  "18": {
    "level": 18,
    "ascension": 0,
    "hp": 2345.3818256,
    "attack": 44.9509536,
    "defense": 159.579924,
    "specialized": 0
  },
  "19": {
    "level": 19,
    "ascension": 0,
    "hp": 2425.3823704,
    "attack": 46.4842224,
    "defense": 165.023166,
    "specialized": 0
  },
  "20": {
    "level": 20,
    "ascension": 0,
    "hp": 2506.3585316,
    "attack": 48.0361896,
    "defense": 170.532789,
    "specialized": 0
  },
  "21": {
    "level": 21,
    "ascension": 1,
    "hp": 3315.1944763999995,
    "attack": 63.53844839999999,
    "defense": 225.56603099999998,
    "specialized": 0
  },
  "22": {
    "level": 22,
    "ascension": 1,
    "hp": 3396.1706375999997,
    "attack": 65.0904156,
    "defense": 231.07565400000001,
    "specialized": 0
  },
  "23": {
    "level": 23,
    "ascension": 1,
    "hp": 3477.1467988,
    "attack": 66.64238280000001,
    "defense": 236.58527700000002,
    "specialized": 0
  },
  "24": {
    "level": 24,
    "ascension": 1,
    "hp": 3557.1473436,
    "attack": 68.1756516,
    "defense": 242.02851900000002,
    "specialized": 0
  },
  "25": {
    "level": 25,
    "ascension": 1,
    "hp": 3638.1235048000003,
    "attack": 69.7276188,
    "defense": 247.53814200000002,
    "specialized": 0
  },
  "26": {
    "level": 26,
    "ascension": 1,
    "hp": 3718.1240496,
    "attack": 71.2608876,
    "defense": 252.98138400000002,
    "specialized": 0
  },
  "27": {
    "level": 27,
    "ascension": 1,
    "hp": 3799.1002108,
    "attack": 72.8128548,
    "defense": 258.49100699999997,
    "specialized": 0
  },
  "28": {
    "level": 28,
    "ascension": 1,
    "hp": 3879.1007556,
    "attack": 74.3461236,
    "defense": 263.934249,
    "specialized": 0
  },
  "29": {
    "level": 29,
    "ascension": 1,
    "hp": 3960.0769167999997,
    "attack": 75.89809079999999,
    "defense": 269.443872,
    "specialized": 0
  },
  "30": {
    "level": 30,
    "ascension": 1,
    "hp": 4040.0774616,
    "attack": 77.43135960000001,
    "defense": 274.887114,
    "specialized": 0
  },
  "31": {
    "level": 31,
    "ascension": 1,
    "hp": 4121.0536228,
    "attack": 78.9833268,
    "defense": 280.39673700000003,
    "specialized": 0
  },
  "32": {
    "level": 32,
    "ascension": 1,
    "hp": 4202.029784,
    "attack": 80.53529400000001,
    "defense": 285.90636,
    "specialized": 0
  },
  "33": {
    "level": 33,
    "ascension": 1,
    "hp": 4282.0303288000005,
    "attack": 82.0685628,
    "defense": 291.349602,
    "specialized": 0
  },
  "34": {
    "level": 34,
    "ascension": 1,
    "hp": 4363.006490000001,
    "attack": 83.62053,
    "defense": 296.85922500000004,
    "specialized": 0
  },
  "35": {
    "level": 35,
    "ascension": 1,
    "hp": 4443.0070348,
    "attack": 85.1537988,
    "defense": 302.302467,
    "specialized": 0
  },
  "36": {
    "level": 36,
    "ascension": 1,
    "hp": 4523.983196,
    "attack": 86.70576600000001,
    "defense": 307.81209,
    "specialized": 0
  },
  "37": {
    "level": 37,
    "ascension": 1,
    "hp": 4603.9837408,
    "attack": 88.2390348,
    "defense": 313.25533199999995,
    "specialized": 0
  },
  "38": {
    "level": 38,
    "ascension": 1,
    "hp": 4684.959902,
    "attack": 89.79100199999999,
    "defense": 318.764955,
    "specialized": 0
  },
  "39": {
    "level": 39,
    "ascension": 1,
    "hp": 4765.9360632,
    "attack": 91.3429692,
    "defense": 324.274578,
    "specialized": 0
  },
  "40": {
    "level": 40,
    "ascension": 1,
    "hp": 4845.936608,
    "attack": 92.876238,
    "defense": 329.71781999999996,
    "specialized": 0
  },
  "41": {
    "level": 41,
    "ascension": 2,
    "hp": 5444.7694692000005,
    "attack": 104.3535402,
    "defense": 370.462443,
    "specialized": 0.0667
  },
  "42": {
    "level": 42,
    "ascension": 2,
    "hp": 5524.770014,
    "attack": 105.88680899999999,
    "defense": 375.90568499999995,
    "specialized": 0.0667
  },
  "43": {
    "level": 43,
    "ascension": 2,
    "hp": 5605.7461752,
    "attack": 107.43877619999999,
    "defense": 381.415308,
    "specialized": 0.0667
  },
  "44": {
    "level": 44,
    "ascension": 2,
    "hp": 5685.74672,
    "attack": 108.972045,
    "defense": 386.85855,
    "specialized": 0.0667
  },
  "45": {
    "level": 45,
    "ascension": 2,
    "hp": 5766.7228812,
    "attack": 110.52401219999999,
    "defense": 392.368173,
    "specialized": 0.0667
  },
  "46": {
    "level": 46,
    "ascension": 2,
    "hp": 5847.6990424000005,
    "attack": 112.0759794,
    "defense": 397.877796,
    "specialized": 0.0667
  },
  "47": {
    "level": 47,
    "ascension": 2,
    "hp": 5927.699587200001,
    "attack": 113.6092482,
    "defense": 403.321038,
    "specialized": 0.0667
  },
  "48": {
    "level": 48,
    "ascension": 2,
    "hp": 6008.6757484,
    "attack": 115.1612154,
    "defense": 408.830661,
    "specialized": 0.0667
  },
  "49": {
    "level": 49,
    "ascension": 2,
    "hp": 6088.6762932,
    "attack": 116.69448419999999,
    "defense": 414.273903,
    "specialized": 0.0667
  },
  "50": {
    "level": 50,
    "ascension": 2,
    "hp": 6169.6524544,
    "attack": 118.2464514,
    "defense": 419.783526,
    "specialized": 0.0667
  },
  "51": {
    "level": 51,
    "ascension": 3,
    "hp": 6940.1285992,
    "attack": 133.0135002,
    "defense": 472.206768,
    "specialized": 0.1333
  },