{
  "1": {
    "level": 1,
    "ascension": 0,
    "hp": 1067.7184,
    "attack": 23.275,
    "defense": 59.83,
    "specialized": 0.5
  },
  "2": {
    "level": 2,
    "ascension": 0,
    "hp": 1156.3390272,
    "attack": 25.206825,
    "defense": 64.79589,
    "specialized": 0.5
  },
  "3": {
    "level": 3,
    "ascension": 0,
    "hp": 1244.9596543999999,
    "attack": 27.138649999999995,
    "defense": 69.76177999999999,
    "specialized": 0.5
  },
  "4": {
    "level": 4,
    "ascension": 0,
    "hp": 1334.648,
    "attack": 29.09375,
    "defense": 74.7875,
    "specialized": 0.5
  },
  "5": {
    "level": 5,
    "ascension": 0,
    "hp": 1423.2686271999999,
    "attack": 31.025574999999996,
    "defense": 79.75339,
    "specialized": 0.5
  },
  "6": {
    "level": 6,
    "ascension": 0,
    "hp": 1512.9569728,
    "attack": 32.980675,
    "defense": 84.77911,
    "specialized": 0.5
  },
  "7": {
    "level": 7,
    "ascension": 0,
    "hp": 1601.5776,
    "attack": 34.912499999999994,
    "defense": 89.745,
    "specialized": 0.5
  },
  "8": {
    "level": 8,
    "ascension": 0,
    "hp": 1691.2659456000001,
    "attack": 36.8676,
    "defense": 94.77072,
    "specialized": 0.5
  },
  "9": {
    "level": 9,
    "ascension": 0,
    "hp": 1780.9542912,
    "attack": 38.8227,
    "defense": 99.79643999999999,
    "specialized": 0.5
  },
  "10": {
    "level": 10,
    "ascension": 0,
    "hp": 1869.5749184,
    "attack": 40.754524999999994,
    "defense": 104.76232999999999,
    "specialized": 0.5
  },
  "11": {
    "level": 11,
    "ascension": 0,
    "hp": 1959.263264,
    "attack": 42.709624999999996,
    "defense": 109.78805,
    "specialized": 0.5
  },
  "12": {
    "level": 12,
    "ascension": 0,
    "hp": 2048.9516096,
    "attack": 44.664725,
    "defense": 114.81377,
    "specialized": 0.5
  },
  "13": {
    "level": 13,
    "ascension": 0,
    "hp": 2138.6399552000003,
    "attack": 46.619825,
    "defense": 119.83949,
    "specialized": 0.5
  },
  "14": {
    "level": 14,
    "ascension": 0,
    "hp": 2229.3960192,
    "attack": 48.5982,
    "defense": 124.92504,
    "specialized": 0.5
  },
  "15": {
    "level": 15,
    "ascension": 0,
    "hp": 2319.0843648,
    "attack": 50.5533,
    "defense": 129.95076,
    "specialized": 0.5
  },
  "16": {
    "level": 16,
    "ascension": 0,
    "hp": 2408.7727103999996,
    "attack": 52.508399999999995,
    "defense": 134.97647999999998,
    "specialized": 0.5
  },
  "17": {
    "level": 17,
    "ascension": 0,
    "hp": 2499.5287744,
    "attack": 54.486775,
    "defense": 140.06203000000002,
    "specialized": 0.5
  },
  "18": {
    "level": 18,
    "ascension": 0,
    "hp": 2589.21712,
    "attack": 56.44187499999999,
    "defense": 145.08774999999997,
    "specialized": 0.5
  },
  "19": {
    "level": 19,
    "ascension": 0,
    "hp": 2679.9731839999995,
    "attack": 58.42024999999999,
    "defense": 150.17329999999998,
    "specialized": 0.5
  },
  "20": {
    "level": 20,
    "ascension": 0,
    "hp": 2769.6615296,
    "attack": 60.37534999999999,
    "defense": 155.19902,
    "specialized": 0.5
  },
  "21": {
    "level": 21,
    "ascension": 1,
    "hp": 3775.8895936,
    "attack": 82.30847499999999,
    "defense": 211.58456999999999,
    "specialized": 0.5
  },
  "22": {
    "level": 22,
    "ascension": 1,
    "hp": 3866.6456576,
    "attack": 84.28685,
    "defense": 216.67012,
    "specialized": 0.5
  },
  "23": {
    "level": 23,
    "ascension": 1,
    "hp": 3957.4017216,
    "attack": 86.265225,
    "defense": 221.75567,
    "specialized": 0.5
  },
  "24": {
    "level": 24,
    "ascension": 1,
    "hp": 4048.1577856000004,
    "attack": 88.2436,
    "defense": 226.84122000000002,
    "specialized": 0.5
  },
  "25": {
    "level": 25,
    "ascension": 1,
    "hp": 4138.9138496,
    "attack": 90.221975,
    "defense": 231.92676999999998,
    "specialized": 0.5
  },
  "26": {
    "level": 26,
    "ascension": 1,
    "hp": 4230.737632,
    "attack": 92.223625,
    "defense": 237.07214999999997,
    "specialized": 0.5
  },
  "27": {
    "level": 27,
    "ascension": 1,
    "hp": 4321.4936959999995,
    "attack": 94.202,
    "defense": 242.15769999999998,
    "specialized": 0.5
  },
  "28": {
    "level": 28,
    "ascension": 1,
    "hp": 4412.24976,
    "attack": 96.180375,
    "defense": 247.24325,
    "specialized": 0.5
  },
  "29": {
    "level": 29,
    "ascension": 1,
    "hp": 4504.0735424,
    "attack": 98.18202500000001,
    "defense": 252.38862999999998,
    "specialized": 0.5
  },
  "30": {
    "level": 30,
    "ascension": 1,
    "hp": 4594.8296064,
    "attack": 100.16040000000001,
    "defense": 257.47418,
    "specialized": 0.5
  },
  "31": {
    "level": 31,
    "ascension": 1,
    "hp": 4686.6533888,
    "attack": 102.16205,
    "defense": 262.61956,
    "specialized": 0.5
  },
  "32": {
    "level": 32,
    "ascension": 1,
    "hp": 4778.4771712,
    "attack": 104.16369999999999,
    "defense": 267.76493999999997,
    "specialized": 0.5
  },
  "33": {
    "level": 33,
    "ascension": 1,
    "hp": 4870.3009536,
    "attack": 106.16535,
    "defense": 272.91032,
    "specialized": 0.5
  },
  "34": {
    "level": 34,
    "ascension": 1,
    "hp": 4961.0570176,
    "attack": 108.143725,
    "defense": 277.99587,
    "specialized": 0.5
  },
  "35": {
    "level": 35,
    "ascension": 1,
    "hp": 5052.8808,
    "attack": 110.145375,
    "defense": 283.14125,
    "specialized": 0.5
  },
  "36": {
    "level": 36,
    "ascension": 1,
    "hp": 5145.7723008,
    "attack": 112.1703,
    "defense": 288.34646,
    "specialized": 0.5
  },
  "37": {
    "level": 37,
    "ascension": 1,
    "hp": 5237.5960832,
    "attack": 114.17195,
    "defense": 293.49183999999997,
    "specialized": 0.5
  },
  "38": {
    "level": 38,
    "ascension": 1,
    "hp": 5329.4198656,
    "attack": 116.17360000000001,
    "defense": 298.63722,
    "specialized": 0.5
  },
  "39": {
    "level": 39,
    "ascension": 1,
    "hp": 5421.243648,
    "attack": 118.17524999999999,
    "defense": 303.7826,
    "specialized": 0.5
  },
  "40": {
    "level": 40,
    "ascension": 1,
    "hp": 5514.1351488,
    "attack": 120.200175,
    "defense": 308.98781,
    "specialized": 0.5
  },
  "41": {
    "level": 41,
    "ascension": 2,
    "hp": 6256.4259312,
    "attack": 136.3802,
    "defense": 350.58319,
    "specialized": 0.596
  },
  "42": {
    "level": 42,
    "ascension": 2,
    "hp": 6349.317432000001,
    "attack": 138.405125,
    "defense": 355.7884,
    "specialized": 0.596
  },
  "43": {
    "level": 43,
    "ascension": 2,
    "hp": 6442.2089328,
    "attack": 140.43005,
    "defense": 360.99361,
    "specialized": 0.596
  },
  "44": {
    "level": 44,
    "ascension": 2,
    "hp": 6534.0327152,
    "attack": 142.43169999999998,
    "defense": 366.13899,
    "specialized": 0.596
  },
  "45": {
    "level": 45,
    "ascension": 2,
    "hp": 6626.924216,
    "attack": 144.456625,
    "defense": 371.3442,
    "specialized": 0.596
  },
  "46": {
    "level": 46,
    "ascension": 2,
    "hp": 6719.8157168,
    "attack": 146.48155,
    "defense": 376.54940999999997,
    "specialized": 0.596
  },
  "47": {
    "level": 47,
    "ascension": 2,
    "hp": 6812.7072176,
    "attack": 148.506475,
    "defense": 381.75462,
    "specialized": 0.596
  },
  "48": {
    "level": 48,
    "ascension": 2,
    "hp": 6905.5987184000005,
    "attack": 150.5314,
    "defense": 386.95983,
    "specialized": 0.596
  },
  "49": {
    "level": 49,
    "ascension": 2,
    "hp": 6999.5579376000005,
    "attack": 152.5796,
    "defense": 392.22487,
    "specialized": 0.596
  },
  "50": {
    "level": 50,
    "ascension": 2,
    "hp": 7092.4494384,
    "attack": 154.604525,
    "defense": 397.43008,
    "specialized": 0.596
  },
  "51": {
    "level": 51,
    "ascension": 3,
    "hp": 8052.6302392,
    "attack": 175.53394899999998,
    "defense": 451.23528999999996,
    "specialized": 0.692
  },
  "52": {
    "level": 52,