{
  "1": {
    "level": 1,
    "ascension": 0,
    "hp": 1000.986,
    "attack": 25.8818,
    "defense": 62.40269,
    "specialized": 0.5
  },
  "2": {
    "level": 2,
    "ascension": 0,
    "hp": 1084.067838,
    "attack": 28.029989399999998,
    "defense": 67.58211327,
    "specialized": 0.5
  },
  "3": {
    "level": 3,
    "ascension": 0,
    "hp": 1167.149676,
    "attack": 30.178178799999998,
    "defense": 72.76153654,
    "specialized": 0.5
  },
  "4": {
    "level": 4,
    "ascension": 0,
    "hp": 1251.2325,
    "attack": 32.35225,
    "defense": 78.0033625,
    "specialized": 0.5
  },
  "5": {
    "level": 5,
    "ascension": 0,
    "hp": 1334.314338,
    "attack": 34.5004394,
    "defense": 83.18278577,
    "specialized": 0.5
  },
  "6": {
    "level": 6,
    "ascension": 0,
    "hp": 1418.397162,
    "attack": 36.6745106,
    "defense": 88.42461173,
    "specialized": 0.5
  },
  "7": {
    "level": 7,
    "ascension": 0,
    "hp": 1501.479,
    "attack": 38.8227,
    "defense": 93.604035,
    "specialized": 0.5
  },
  "8": {
    "level": 8,
    "ascension": 0,
    "hp": 1585.5618240000001,
    "attack": 40.9967712,
    "defense": 98.84586096000001,
    "specialized": 0.5
  },
  "9": {
    "level": 9,
    "ascension": 0,
    "hp": 1669.644648,
    "attack": 43.1708424,
    "defense": 104.08768692,
    "specialized": 0.5
  },
  "10": {
    "level": 10,
    "ascension": 0,
    "hp": 1752.7264859999998,
    "attack": 45.3190318,
    "defense": 109.26711019,
    "specialized": 0.5
  },
  "11": {
    "level": 11,
    "ascension": 0,
    "hp": 1836.8093099999999,
    "attack": 47.493103,
    "defense": 114.50893615,
    "specialized": 0.5
  },
  "12": {
    "level": 12,
    "ascension": 0,
    "hp": 1920.892134,
    "attack": 49.6671742,
    "defense": 119.75076211,
    "specialized": 0.5
  },
  "13": {
    "level": 13,
    "ascension": 0,
    "hp": 2004.974958,
    "attack": 51.8412454,
    "defense": 124.99258807000001,
    "specialized": 0.5
  },
  "14": {
    "level": 14,
    "ascension": 0,
    "hp": 2090.058768,
    "attack": 54.0411984,
    "defense": 130.29681672,
    "specialized": 0.5
  },
  "15": {
    "level": 15,
    "ascension": 0,
    "hp": 2174.141592,
    "attack": 56.2152696,
    "defense": 135.53864268,
    "specialized": 0.5
  },
  "16": {
    "level": 16,
    "ascension": 0,
    "hp": 2258.2244159999996,
    "attack": 58.38934079999999,
    "defense": 140.78046863999998,
    "specialized": 0.5
  },
  "17": {
    "level": 17,
    "ascension": 0,
    "hp": 2343.308226,
    "attack": 60.5892938,
    "defense": 146.08469729,
    "specialized": 0.5
  },
  "18": {
    "level": 18,
    "ascension": 0,
    "hp": 2427.3910499999997,
    "attack": 62.76336499999999,
    "defense": 151.32652324999998,
    "specialized": 0.5
  },
  "19": {
    "level": 19,
    "ascension": 0,
    "hp": 2512.47486,
    "attack": 64.96331799999999,
    "defense": 156.63075189999998,
    "specialized": 0.5
  },
  "20": {
    "level": 20,
    "ascension": 0,
    "hp": 2596.557684,
    "attack": 67.13738919999999,
    "defense": 161.87257785999998,
    "specialized": 0.5
  },
  "21": {
    "level": 21,
    "ascension": 1,
    "hp": 3539.896494,
    "attack": 91.5270242,
    "defense": 220.68270650999997,
    "specialized": 0.5
  },
  "22": {
    "level": 22,
    "ascension": 1,
    "hp": 3624.9803039999997,
    "attack": 93.7269772,
    "defense": 225.98693515999997,
    "specialized": 0.5
  },
  "23": {
    "level": 23,
    "ascension": 1,
    "hp": 3710.0641140000002,
    "attack": 95.9269302,
    "defense": 231.29116381,
    "specialized": 0.5
  },
  "24": {
    "level": 24,
    "ascension": 1,
    "hp": 3795.1479240000003,
    "attack": 98.12688320000001,
    "defense": 236.59539246,
    "specialized": 0.5
  },
  "25": {
    "level": 25,
    "ascension": 1,
    "hp": 3880.2317340000004,
    "attack": 100.3268362,
    "defense": 241.89962111,
    "specialized": 0.5
  },
  "26": {
    "level": 26,
    "ascension": 1,
    "hp": 3966.31653,
    "attack": 102.552671,
    "defense": 247.26625245,
    "specialized": 0.5
  },
  "27": {
    "level": 27,
    "ascension": 1,
    "hp": 4051.40034,
    "attack": 104.752624,
    "defense": 252.5704811,
    "specialized": 0.5
  },
  "28": {
    "level": 28,
    "ascension": 1,
    "hp": 4136.484149999999,
    "attack": 106.95257699999999,
    "defense": 257.87470974999997,
    "specialized": 0.5
  },
  "29": {
    "level": 29,
    "ascension": 1,
    "hp": 4222.568946,
    "attack": 109.1784118,
    "defense": 263.24134109,
    "specialized": 0.5
  },
  "30": {
    "level": 30,
    "ascension": 1,
    "hp": 4307.652756,
    "attack": 111.3783648,
    "defense": 268.54556974,
    "specialized": 0.5
  },
  "31": {
    "level": 31,
    "ascension": 1,
    "hp": 4393.737552,
    "attack": 113.6041996,
    "defense": 273.91220108,
    "specialized": 0.5
  },
  "32": {
    "level": 32,
    "ascension": 1,
    "hp": 4479.822348,
    "attack": 115.8300344,
    "defense": 279.27883241999996,
    "specialized": 0.5
  },
  "33": {
    "level": 33,
    "ascension": 1,
    "hp": 4565.907144,
    "attack": 118.0558692,
    "defense": 284.64546376,
    "specialized": 0.5
  },
  "34": {
    "level": 34,
    "ascension": 1,
    "hp": 4650.990954,
    "attack": 120.2558222,
    "defense": 289.94969241,
    "specialized": 0.5
  },
  "35": {
    "level": 35,
    "ascension": 1,
    "hp": 4737.07575,
    "attack": 122.481657,
    "defense": 295.31632375000004,
    "specialized": 0.5
  },
  "36": {
    "level": 36,
    "ascension": 1,
    "hp": 4824.161532,
    "attack": 124.73337360000001,
    "defense": 300.74535778,
    "specialized": 0.5
  },
  "37": {
    "level": 37,
    "ascension": 1,
    "hp": 4910.246328,
    "attack": 126.9592084,
    "defense": 306.11198912,
    "specialized": 0.5
  },
  "38": {
    "level": 38,
    "ascension": 1,
    "hp": 4996.331124,
    "attack": 129.1850432,
    "defense": 311.47862046,
    "specialized": 0.5
  },
  "39": {
    "level": 39,
    "ascension": 1,
    "hp": 5082.4159199999995,
    "attack": 131.410878,
    "defense": 316.84525179999997,
    "specialized": 0.5
  },
  "40": {
    "level": 40,
    "ascension": 1,
    "hp": 5169.5017020000005,
    "attack": 133.6625946,
    "defense": 322.27428583,
    "specialized": 0.5
  },
  "41": {
    "level": 41,
    "ascension": 2,
    "hp": 5865.399197999999,
    "attack": 151.65478339999999,
    "defense": 365.65826717,
    "specialized": 0.596
  },
  "42": {
    "level": 42,
    "ascension": 2,
    "hp": 5952.484980000001,
    "attack": 153.9065,
    "defense": 371.08730120000007,
    "specialized": 0.596
  },
  "43": {
    "level": 43,
    "ascension": 2,
    "hp": 6039.570761999999,
    "attack": 156.1582166,
    "defense": 376.51633523000004,
    "specialized": 0.596
  },
  "44": {
    "level": 44,
    "ascension": 2,
    "hp": 6125.655558,
    "attack": 158.38405139999998,
    "defense": 381.88296657,
    "specialized": 0.596
  },
  "45": {
    "level": 45,
    "ascension": 2,
    "hp": 6212.7413400000005,
    "attack": 160.63576799999998,
    "defense": 387.31200060000003,
    "specialized": 0.596
  },
  "46": {
    "level": 46,
    "ascension": 2,
    "hp": 6299.827122000001,
    "attack": 162.8874846,
    "defense": 392.74103463,
    "specialized": 0.596
  },
  "47": {
    "level": 47,
    "ascension": 2,
    "hp": 6386.912903999999,
    "attack": 165.1392012,
    "defense": 398.17006866,
    "specialized": 0.596
  },
  "48": {
    "level": 48,
    "ascension": 2,
    "hp": 6473.998686000001,
    "attack": 167.3909178,
    "defense": 403.59910269000005,
    "specialized": 0.596
  },
  "49": {
    "level": 49,
    "ascension": 2,
    "hp": 6562.085454,
    "attack": 169.6685162,
    "defense": 409.09053941,
    "specialized": 0.596
  },
  "50": {
    "level": 50,
    "ascension": 2,
    "hp": 6649.171236,
    "attack": 171.9202328,
    "defense": 414.51957344000004,
    "specialized": 0.596
  },
  "51": {
    "level": 51,
    "ascension": 3,