{
  "1": {
    "level": 1,
    "ascension": 0,
    "hp": 1021.20593,
    "attack": 18.6984,
    "defense": 45.78,
    "specialized": 0
  },
  "2": {
    "level": 2,
    "ascension": 0,
    "hp": 1105.9660221899999,
    "attack": 20.2503672,
    "defense": 49.57974,
    "specialized": 0
  },
  "3": {
    "level": 3,
    "ascension": 0,
    "hp": 1189.70490845,
    "attack": 21.783636,
    "defense": 53.3337,
    "specialized": 0
  },
  "4": {
    "level": 4,
    "ascension": 0,
    "hp": 1274.46500064,
    "attack": 23.335603199999998,
    "defense": 57.13344,
    "specialized": 0
  },
  "5": {
    "level": 5,
    "ascension": 0,
    "hp": 1358.2038869,
    "attack": 24.868872,
    "defense": 60.88740000000001,
    "specialized": 0
  },
  "6": {
    "level": 6,
    "ascension": 0,
    "hp": 1442.96397909,
    "attack": 26.4208392,
    "defense": 64.68714,
    "specialized": 0
  },
  "7": {
    "level": 7,
    "ascension": 0,
    "hp": 1526.7028653500001,
    "attack": 27.954108,
    "defense": 68.4411,
    "specialized": 0
  },
  "8": {
    "level": 8,
    "ascension": 0,
    "hp": 1611.46295754,
    "attack": 29.5060752,
    "defense": 72.24084,
    "specialized": 0
  },
  "9": {
    "level": 9,
    "ascension": 0,
    "hp": 1696.22304973,
    "attack": 31.058042399999998,
    "defense": 76.04058,
    "specialized": 0
  },
  "10": {
    "level": 10,
    "ascension": 0,
    "hp": 1779.96193599,
    "attack": 32.5913112,
    "defense": 79.79454000000001,
    "specialized": 0
  },
  "11": {
    "level": 11,
    "ascension": 0,
    "hp": 1864.72202818,
    "attack": 34.1432784,
    "defense": 83.59428000000001,
    "specialized": 0
  },
  "12": {
    "level": 12,
    "ascension": 0,
    "hp": 1948.46091444,
    "attack": 35.676547199999995,
    "defense": 87.34824,
    "specialized": 0
  },
  "13": {
    "level": 13,
    "ascension": 0,
    "hp": 2033.2210066300001,
    "attack": 37.2285144,
    "defense": 91.14798,
    "specialized": 0
  },
  "14": {
    "level": 14,
    "ascension": 0,
    "hp": 2116.95989289,
    "attack": 38.761783199999996,
    "defense": 94.90194,
    "specialized": 0
  },
  "15": {
    "level": 15,
    "ascension": 0,
    "hp": 2201.7199850800002,
    "attack": 40.3137504,
    "defense": 98.70168000000001,
    "specialized": 0
  },
  "16": {
    "level": 16,
    "ascension": 0,
    "hp": 2286.4800772699996,
    "attack": 41.865717599999996,
    "defense": 102.50142,
    "specialized": 0
  },
  "17": {
    "level": 17,
    "ascension": 0,
    "hp": 2370.21896353,
    "attack": 43.398986400000005,
    "defense": 106.25538000000002,
    "specialized": 0
  },
  "18": {
    "level": 18,
    "ascension": 0,
    "hp": 2454.97905572,
    "attack": 44.9509536,
    "defense": 110.05512,
    "specialized": 0
  },
  "19": {
    "level": 19,
    "ascension": 0,
    "hp": 2538.71794198,
    "attack": 46.4842224,
    "defense": 113.80908000000001,
    "specialized": 0
  },
  "20": {
    "level": 20,
    "ascension": 0,
    "hp": 2623.47803417,
    "attack": 48.0361896,
    "defense": 117.60882,
    "specialized": 0
  },
  "21": {
    "level": 21,
    "ascension": 1,
    "hp": 3470.11002043,
    "attack": 63.53844839999999,
    "defense": 155.56278,
    "specialized": 0
  },
  "22": {
    "level": 22,
    "ascension": 1,
    "hp": 3554.8701126200003,
    "attack": 65.0904156,
    "defense": 159.36252000000002,
    "specialized": 0
  },
  "23": {
    "level": 23,
    "ascension": 1,
    "hp": 3639.6302048099997,
    "attack": 66.64238280000001,
    "defense": 163.16226,
    "specialized": 0
  },
  "24": {
    "level": 24,
    "ascension": 1,
    "hp": 3723.3690910699997,
    "attack": 68.1756516,
    "defense": 166.91622,
    "specialized": 0
  },
  "25": {
    "level": 25,
    "ascension": 1,
    "hp": 3808.12918326,
    "attack": 69.7276188,
    "defense": 170.71596,
    "specialized": 0
  },
  "26": {
    "level": 26,
    "ascension": 1,
    "hp": 3891.86806952,
    "attack": 71.2608876,
    "defense": 174.46992,
    "specialized": 0
  },
  "27": {
    "level": 27,
    "ascension": 1,
    "hp": 3976.6281617099994,
    "attack": 72.8128548,
    "defense": 178.26966,
    "specialized": 0
  },
  "28": {
    "level": 28,
    "ascension": 1,
    "hp": 4060.3670479700004,
    "attack": 74.3461236,
    "defense": 182.02362,
    "specialized": 0
  },
  "29": {
    "level": 29,
    "ascension": 1,
    "hp": 4145.12714016,
    "attack": 75.89809079999999,
    "defense": 185.82335999999998,
    "specialized": 0
  },
  "30": {
    "level": 30,
    "ascension": 1,
    "hp": 4228.86602642,
    "attack": 77.43135960000001,
    "defense": 189.57732,
    "specialized": 0
  },
  "31": {
    "level": 31,
    "ascension": 1,
    "hp": 4313.62611861,
    "attack": 78.9833268,
    "defense": 193.37706000000003,
    "specialized": 0
  },
  "32": {
    "level": 32,
    "ascension": 1,
    "hp": 4398.3862108,
    "attack": 80.53529400000001,
    "defense": 197.17680000000001,
    "specialized": 0
  },
  "33": {
    "level": 33,
    "ascension": 1,
    "hp": 4482.1250970599995,
    "attack": 82.0685628,
    "defense": 200.93076000000002,
    "specialized": 0
  },
  "34": {
    "level": 34,
    "ascension": 1,
    "hp": 4566.88518925,
    "attack": 83.62053,
    "defense": 204.7305,
    "specialized": 0
  },
  "35": {
    "level": 35,
    "ascension": 1,
    "hp": 4650.62407551,
    "attack": 85.1537988,
    "defense": 208.48446,
    "specialized": 0
  },
  "36": {
    "level": 36,
    "ascension": 1,
    "hp": 4735.3841677,
    "attack": 86.70576600000001,
    "defense": 212.2842,
    "specialized": 0
  },
  "37": {
    "level": 37,
    "ascension": 1,
    "hp": 4819.12305396,
    "attack": 88.2390348,
    "defense": 216.03816,
    "specialized": 0
  },
  "38": {
    "level": 38,
    "ascension": 1,
    "hp": 4903.883146149999,
    "attack": 89.79100199999999,
    "defense": 219.8379,
    "specialized": 0
  },
  "39": {
    "level": 39,
    "ascension": 1,
    "hp": 4988.64323834,
    "attack": 91.3429692,
    "defense": 223.63763999999998,
    "specialized": 0
  },
  "40": {
    "level": 40,
    "ascension": 1,
    "hp": 5072.3821246,
    "attack": 92.876238,
    "defense": 227.39159999999998,
    "specialized": 0
  },
  "41": {
    "level": 41,
    "ascension": 2,
    "hp": 5699.19781679,
    "attack": 104.3535402,
    "defense": 255.49134,
    "specialized": 0.06
  },
  "42": {
    "level": 42,
    "ascension": 2,
    "hp": 5782.93670305,
    "attack": 105.88680899999999,
    "defense": 259.2453,
    "specialized": 0.06
  },
  "43": {
    "level": 43,
    "ascension": 2,
    "hp": 5867.69679524,
    "attack": 107.43877619999999,
    "defense": 263.04504,
    "specialized": 0.06
  },
  "44": {
    "level": 44,
    "ascension": 2,
    "hp": 5951.435681499999,
    "attack": 108.972045,
    "defense": 266.799,
    "specialized": 0.06
  },
  "45": {
    "level": 45,
    "ascension": 2,
    "hp": 6036.195773689999,
    "attack": 110.52401219999999,
    "defense": 270.59874,
    "specialized": 0.06
  },
  "46": {
    "level": 46,
    "ascension": 2,
    "hp": 6120.95586588,
    "attack": 112.0759794,
    "defense": 274.39848,
    "specialized": 0.06
  },
  "47": {
    "level": 47,
    "ascension": 2,
    "hp": 6204.69475214,
    "attack": 113.6092482,
    "defense": 278.15244,
    "specialized": 0.06
  },
  "48": {
    "level": 48,
    "ascension": 2,
    "hp": 6289.45484433,
    "attack": 115.1612154,
    "defense": 281.95218,
    "specialized": 0.06
  },
  "49": {
    "level": 49,
    "ascension": 2,
    "hp": 6373.19373059,
    "attack": 116.69448419999999,
    "defense": 285.70614,
    "specialized": 0.06
  },
  "50": {
    "level": 50,
    "ascension": 2,
    "hp": 6457.95382278,
    "attack": 118.2464514,
    "defense": 289.50588000000005,
    "specialized": 0.06
  },
  "51": {
    "level": 51,
    "ascension": 3,
    "hp": 7264.433609039999,
    "attack": 133.0135002,
    "defense": 325.65984000000003,
    "specialized": 0.12
  },
  "52": {
    "level": 52,