{
  "1": {
    "level": 1,
    "ascension": 0,
    "hp": 800.7888,
    "attack": 24.206,
    "defense": 47.864,
    "specialized": 0
  },
  "2": {
    "level": 2,
    "ascension": 0,
    "hp": 867.2542704,
    "attack": 26.215097999999998,
    "defense": 51.836712,
    "specialized": 0
  },
  "3": {
    "level": 3,
    "ascension": 0,
    "hp": 933.7197408,
    "attack": 28.224196,
    "defense": 55.80942399999999,
    "specialized": 0
  },
  "4": {
    "level": 4,
    "ascension": 0,
    "hp": 1000.9860000000001,
    "attack": 30.2575,
    "defense": 59.83,
    "specialized": 0
  },
  "5": {
    "level": 5,
    "ascension": 0,
    "hp": 1067.4514704,
    "attack": 32.266598,
    "defense": 63.80271199999999,
    "specialized": 0
  },
  "6": {
    "level": 6,
    "ascension": 0,
    "hp": 1134.7177296,
    "attack": 34.299902,
    "defense": 67.82328799999999,
    "specialized": 0
  },
  "7": {
    "level": 7,
    "ascension": 0,
    "hp": 1201.1832,
    "attack": 36.309,
    "defense": 71.79599999999999,
    "specialized": 0
  },
  "8": {
    "level": 8,
    "ascension": 0,
    "hp": 1268.4494592,
    "attack": 38.342304,
    "defense": 75.816576,
    "specialized": 0
  },
  "9": {
    "level": 9,
    "ascension": 0,
    "hp": 1335.7157184,
    "attack": 40.375608,
    "defense": 79.83715199999999,
    "specialized": 0
  },
  "10": {
    "level": 10,
    "ascension": 0,
    "hp": 1402.1811888,
    "attack": 42.384705999999994,
    "defense": 83.80986399999999,
    "specialized": 0
  },
  "11": {
    "level": 11,
    "ascension": 0,
    "hp": 1469.4474480000001,
    "attack": 44.418009999999995,
    "defense": 87.83044,
    "specialized": 0
  },
  "12": {
    "level": 12,
    "ascension": 0,
    "hp": 1536.7137072,
    "attack": 46.451314,
    "defense": 91.851016,
    "specialized": 0
  },
  "13": {
    "level": 13,
    "ascension": 0,
    "hp": 1603.9799664000002,
    "attack": 48.484618000000005,
    "defense": 95.871592,
    "specialized": 0
  },
  "14": {
    "level": 14,
    "ascension": 0,
    "hp": 1672.0470144,
    "attack": 50.542128,
    "defense": 99.940032,
    "specialized": 0
  },
  "15": {
    "level": 15,
    "ascension": 0,
    "hp": 1739.3132736000002,
    "attack": 52.575432,
    "defense": 103.96060800000001,
    "specialized": 0
  },
  "16": {
    "level": 16,
    "ascension": 0,
    "hp": 1806.5795328,
    "attack": 54.60873599999999,
    "defense": 107.98118399999998,
    "specialized": 0
  },
  "17": {
    "level": 17,
    "ascension": 0,
    "hp": 1874.6465808000003,
    "attack": 56.666246,
    "defense": 112.04962400000001,
    "specialized": 0
  },
  "18": {
    "level": 18,
    "ascension": 0,
    "hp": 1941.91284,
    "attack": 58.699549999999995,
    "defense": 116.07019999999999,
    "specialized": 0
  },
  "19": {
    "level": 19,
    "ascension": 0,
    "hp": 2009.9798879999998,
    "attack": 60.757059999999996,
    "defense": 120.13863999999998,
    "specialized": 0
  },
  "20": {
    "level": 20,
    "ascension": 0,
    "hp": 2077.2461472,
    "attack": 62.790364,
    "defense": 124.15921599999999,
    "specialized": 0
  },
  "21": {
    "level": 21,
    "ascension": 1,
    "hp": 2831.9171951999997,
    "attack": 85.60081399999999,
    "defense": 169.267656,
    "specialized": 0
  },
  "22": {
    "level": 22,
    "ascension": 1,
    "hp": 2899.9842431999996,
    "attack": 87.658324,
    "defense": 173.33609599999997,
    "specialized": 0
  },
  "23": {
    "level": 23,
    "ascension": 1,
    "hp": 2968.0512912000004,
    "attack": 89.715834,
    "defense": 177.404536,
    "specialized": 0
  },
  "24": {
    "level": 24,
    "ascension": 1,
    "hp": 3036.1183392000003,
    "attack": 91.773344,
    "defense": 181.472976,
    "specialized": 0
  },
  "25": {
    "level": 25,
    "ascension": 1,
    "hp": 3104.1853872,
    "attack": 93.830854,
    "defense": 185.541416,
    "specialized": 0
  },
  "26": {
    "level": 26,
    "ascension": 1,
    "hp": 3173.0532240000002,
    "attack": 95.91256999999999,
    "defense": 189.65771999999998,
    "specialized": 0
  },
  "27": {
    "level": 27,
    "ascension": 1,
    "hp": 3241.120272,
    "attack": 97.97008,
    "defense": 193.72616,
    "specialized": 0
  },
  "28": {
    "level": 28,
    "ascension": 1,
    "hp": 3309.18732,
    "attack": 100.02758999999999,
    "defense": 197.79459999999997,
    "specialized": 0
  },
  "29": {
    "level": 29,
    "ascension": 1,
    "hp": 3378.0551568,
    "attack": 102.109306,
    "defense": 201.910904,
    "specialized": 0
  },
  "30": {
    "level": 30,
    "ascension": 1,
    "hp": 3446.1222048,
    "attack": 104.166816,
    "defense": 205.979344,
    "specialized": 0
  },
  "31": {
    "level": 31,
    "ascension": 1,
    "hp": 3514.9900416,
    "attack": 106.248532,
    "defense": 210.09564799999998,
    "specialized": 0
  },
  "32": {
    "level": 32,
    "ascension": 1,
    "hp": 3583.8578784,
    "attack": 108.330248,
    "defense": 214.21195199999997,
    "specialized": 0
  },
  "33": {
    "level": 33,
    "ascension": 1,
    "hp": 3652.7257152,
    "attack": 110.411964,
    "defense": 218.32825599999998,
    "specialized": 0
  },
  "34": {
    "level": 34,
    "ascension": 1,
    "hp": 3720.7927632,
    "attack": 112.46947399999999,
    "defense": 222.396696,
    "specialized": 0
  },
  "35": {
    "level": 35,
    "ascension": 1,
    "hp": 3789.6606,
    "attack": 114.55118999999999,
    "defense": 226.51299999999998,
    "specialized": 0
  },
  "36": {
    "level": 36,
    "ascension": 1,
    "hp": 3859.3292256000004,
    "attack": 116.657112,
    "defense": 230.677168,
    "specialized": 0
  },
  "37": {
    "level": 37,
    "ascension": 1,
    "hp": 3928.1970624000005,
    "attack": 118.738828,
    "defense": 234.79347199999998,
    "specialized": 0
  },
  "38": {
    "level": 38,
    "ascension": 1,
    "hp": 3997.0648992000006,
    "attack": 120.820544,
    "defense": 238.909776,
    "specialized": 0
  },
  "39": {
    "level": 39,
    "ascension": 1,
    "hp": 4065.9327359999997,
    "attack": 122.90225999999998,
    "defense": 243.02607999999998,
    "specialized": 0
  },
  "40": {
    "level": 40,
    "ascension": 1,
    "hp": 4135.601361600001,
    "attack": 125.008182,
    "defense": 247.190248,
    "specialized": 0
  },
  "41": {
    "level": 41,
    "ascension": 2,
    "hp": 4692.3193984,
    "attack": 141.835408,
    "defense": 280.466552,
    "specialized": 0.072
  },
  "42": {
    "level": 42,
    "ascension": 2,
    "hp": 4761.988024,
    "attack": 143.94133,
    "defense": 284.63072,
    "specialized": 0.072
  },
  "43": {
    "level": 43,
    "ascension": 2,
    "hp": 4831.6566496000005,
    "attack": 146.047252,
    "defense": 288.794888,
    "specialized": 0.072
  },
  "44": {
    "level": 44,
    "ascension": 2,
    "hp": 4900.5244864,
    "attack": 148.128968,
    "defense": 292.91119199999997,
    "specialized": 0.072
  },
  "45": {
    "level": 45,
    "ascension": 2,
    "hp": 4970.193112,
    "attack": 150.23489,
    "defense": 297.07536,
    "specialized": 0.072
  },
  "46": {
    "level": 46,
    "ascension": 2,
    "hp": 5039.8617376,
    "attack": 152.340812,
    "defense": 301.239528,
    "specialized": 0.072
  },
  "47": {
    "level": 47,
    "ascension": 2,
    "hp": 5109.5303632,
    "attack": 154.446734,
    "defense": 305.40369599999997,
    "specialized": 0.072
  },
  "48": {
    "level": 48,
    "ascension": 2,
    "hp": 5179.198988800001,
    "attack": 156.552656,
    "defense": 309.567864,
    "specialized": 0.072
  },
  "49": {
    "level": 49,
    "ascension": 2,
    "hp": 5249.6684032,
    "attack": 158.682784,
    "defense": 313.779896,
    "specialized": 0.072
  },
  "50": {
    "level": 50,
    "ascension": 2,
    "hp": 5319.337028800001,
    "attack": 160.788706,
    "defense": 317.94406399999997,
    "specialized": 0.072
  },
  "51": {
    "level": 51,
    "ascension": 3,
    "hp": 6039.472554399999,
    "attack": 182.555308,
    "defense": 360.988232,