{
  "1": {
    "level": 1,
    "ascension": 0,
    "hp": 775.02234,
    "attack": 21.01344,
    "defense": 48.64125,
    "specialized": 0
  },
  "2": {
    "level": 2,
    "ascension": 0,
    "hp": 839.34919422,
    "attack": 22.757555519999997,
    "defense": 52.678473749999995,
    "specialized": 0
  },
  "3": {
    "level": 3,
    "ascension": 0,
    "hp": 902.9010261,
    "attack": 24.4806576,
    "defense": 56.66705625,
    "specialized": 0
  },
  "4": {
    "level": 4,
    "ascension": 0,
    "hp": 967.2278803199999,
    "attack": 26.22477312,
    "defense": 60.70428,
    "specialized": 0
  },
  "5": {
    "level": 5,
    "ascension": 0,
    "hp": 1030.7797122,
    "attack": 27.947875200000002,
    "defense": 64.6928625,
    "specialized": 0
  },
  "6": {
    "level": 6,
    "ascension": 0,
    "hp": 1095.10656642,
    "attack": 29.69199072,
    "defense": 68.73008625,
    "specialized": 0
  },
  "7": {
    "level": 7,
    "ascension": 0,
    "hp": 1158.6583983,
    "attack": 31.4150928,
    "defense": 72.71866875,
    "specialized": 0
  },
  "8": {
    "level": 8,
    "ascension": 0,
    "hp": 1222.9852525200001,
    "attack": 33.15920832,
    "defense": 76.7558925,
    "specialized": 0
  },
  "9": {
    "level": 9,
    "ascension": 0,
    "hp": 1287.31210674,
    "attack": 34.90332384,
    "defense": 80.79311625,
    "specialized": 0
  },
  "10": {
    "level": 10,
    "ascension": 0,
    "hp": 1350.86393862,
    "attack": 36.62642592,
    "defense": 84.78169875,
    "specialized": 0
  },
  "11": {
    "level": 11,
    "ascension": 0,
    "hp": 1415.19079284,
    "attack": 38.37054144,
    "defense": 88.8189225,
    "specialized": 0
  },
  "12": {
    "level": 12,
    "ascension": 0,
    "hp": 1478.7426247199999,
    "attack": 40.09364351999999,
    "defense": 92.80750499999999,
    "specialized": 0
  },
  "13": {
    "level": 13,
    "ascension": 0,
    "hp": 1543.06947894,
    "attack": 41.83775904,
    "defense": 96.84472875,
    "specialized": 0
  },
  "14": {
    "level": 14,
    "ascension": 0,
    "hp": 1606.62131082,
    "attack": 43.56086112,
    "defense": 100.83331125,
    "specialized": 0
  },
  "15": {
    "level": 15,
    "ascension": 0,
    "hp": 1670.94816504,
    "attack": 45.30497664,
    "defense": 104.870535,
    "specialized": 0
  },
  "16": {
    "level": 16,
    "ascension": 0,
    "hp": 1735.27501926,
    "attack": 47.049092159999994,
    "defense": 108.90775875,
    "specialized": 0
  },
  "17": {
    "level": 17,
    "ascension": 0,
    "hp": 1798.8268511400001,
    "attack": 48.772194240000005,
    "defense": 112.89634125,
    "specialized": 0
  },
  "18": {
    "level": 18,
    "ascension": 0,
    "hp": 1863.15370536,
    "attack": 50.51630976,
    "defense": 116.933565,
    "specialized": 0
  },
  "19": {
    "level": 19,
    "ascension": 0,
    "hp": 1926.7055372400002,
    "attack": 52.23941184,
    "defense": 120.92214750000001,
    "specialized": 0
  },
  "20": {
    "level": 20,
    "ascension": 0,
    "hp": 1991.0323914599999,
    "attack": 53.98352736,
    "defense": 124.95937124999999,
    "specialized": 0
  },
  "21": {
    "level": 21,
    "ascension": 1,
    "hp": 2633.56562334,
    "attack": 71.40511344,
    "defense": 165.28545375,
    "specialized": 0
  },
  "22": {
    "level": 22,
    "ascension": 1,
    "hp": 2697.89247756,
    "attack": 73.14922895999999,
    "defense": 169.3226775,
    "specialized": 0
  },
  "23": {
    "level": 23,
    "ascension": 1,
    "hp": 2762.21933178,
    "attack": 74.89334448,
    "defense": 173.35990125,
    "specialized": 0
  },
  "24": {
    "level": 24,
    "ascension": 1,
    "hp": 2825.77116366,
    "attack": 76.61644656,
    "defense": 177.34848375,
    "specialized": 0
  },
  "25": {
    "level": 25,
    "ascension": 1,
    "hp": 2890.09801788,
    "attack": 78.36056208,
    "defense": 181.38570750000002,
    "specialized": 0
  },
  "26": {
    "level": 26,
    "ascension": 1,
    "hp": 2953.64984976,
    "attack": 80.08366416000001,
    "defense": 185.37429,
    "specialized": 0
  },
  "27": {
    "level": 27,
    "ascension": 1,
    "hp": 3017.97670398,
    "attack": 81.82777967999999,
    "defense": 189.41151374999998,
    "specialized": 0
  },
  "28": {
    "level": 28,
    "ascension": 1,
    "hp": 3081.52853586,
    "attack": 83.55088176000001,
    "defense": 193.40009625000002,
    "specialized": 0
  },
  "29": {
    "level": 29,
    "ascension": 1,
    "hp": 3145.85539008,
    "attack": 85.29499727999999,
    "defense": 197.43732,
    "specialized": 0
  },
  "30": {
    "level": 30,
    "ascension": 1,
    "hp": 3209.4072219600002,
    "attack": 87.01809936000001,
    "defense": 201.4259025,
    "specialized": 0
  },
  "31": {
    "level": 31,
    "ascension": 1,
    "hp": 3273.73407618,
    "attack": 88.76221487999999,
    "defense": 205.46312625,
    "specialized": 0
  },
  "32": {
    "level": 32,
    "ascension": 1,
    "hp": 3338.0609304,
    "attack": 90.5063304,
    "defense": 209.50035,
    "specialized": 0
  },
  "33": {
    "level": 33,
    "ascension": 1,
    "hp": 3401.61276228,
    "attack": 92.22943247999999,
    "defense": 213.4889325,
    "specialized": 0
  },
  "34": {
    "level": 34,
    "ascension": 1,
    "hp": 3465.9396165000003,
    "attack": 93.973548,
    "defense": 217.52615625,
    "specialized": 0
  },
  "35": {
    "level": 35,
    "ascension": 1,
    "hp": 3529.49144838,
    "attack": 95.69665007999998,
    "defense": 221.51473875,
    "specialized": 0
  },
  "36": {
    "level": 36,
    "ascension": 1,
    "hp": 3593.8183026,
    "attack": 97.44076559999999,
    "defense": 225.5519625,
    "specialized": 0
  },
  "37": {
    "level": 37,
    "ascension": 1,
    "hp": 3657.37013448,
    "attack": 99.16386768000001,
    "defense": 229.540545,
    "specialized": 0
  },
  "38": {
    "level": 38,
    "ascension": 1,
    "hp": 3721.6969887,
    "attack": 100.90798319999999,
    "defense": 233.57776875,
    "specialized": 0
  },
  "39": {
    "level": 39,
    "ascension": 1,
    "hp": 3786.02384292,
    "attack": 102.65209872,
    "defense": 237.6149925,
    "specialized": 0
  },
  "40": {
    "level": 40,
    "ascension": 1,
    "hp": 3849.5756748,
    "attack": 104.37520079999999,
    "defense": 241.60357499999998,
    "specialized": 0
  },
  "41": {
    "level": 41,
    "ascension": 2,
    "hp": 4325.28397902,
    "attack": 117.27350232,
    "defense": 271.45954874999995,
    "specialized": 0.06
  },
  "42": {
    "level": 42,
    "ascension": 2,
    "hp": 4388.8358109,
    "attack": 118.9966044,
    "defense": 275.44813124999996,
    "specialized": 0.06
  },
  "43": {
    "level": 43,
    "ascension": 2,
    "hp": 4453.16266512,
    "attack": 120.74071992,
    "defense": 279.485355,
    "specialized": 0.06
  },
  "44": {
    "level": 44,
    "ascension": 2,
    "hp": 4516.714497,
    "attack": 122.463822,
    "defense": 283.4739375,
    "specialized": 0.06
  },
  "45": {
    "level": 45,
    "ascension": 2,
    "hp": 4581.041351219999,
    "attack": 124.20793752,
    "defense": 287.51116125,
    "specialized": 0.06
  },
  "46": {
    "level": 46,
    "ascension": 2,
    "hp": 4645.36820544,
    "attack": 125.95205304000001,
    "defense": 291.548385,
    "specialized": 0.06
  },
  "47": {
    "level": 47,
    "ascension": 2,
    "hp": 4708.92003732,
    "attack": 127.67515512,
    "defense": 295.5369675,
    "specialized": 0.06
  },
  "48": {
    "level": 48,
    "ascension": 2,
    "hp": 4773.24689154,
    "attack": 129.41927064,
    "defense": 299.57419125,
    "specialized": 0.06
  },
  "49": {
    "level": 49,
    "ascension": 2,
    "hp": 4836.79872342,
    "attack": 131.14237272,
    "defense": 303.56277375,
    "specialized": 0.06
  },
  "50": {
    "level": 50,
    "ascension": 2,
    "hp": 4901.12557764,
    "attack": 132.88648824,
    "defense": 307.5999975,
    "specialized": 0.06
  },
  "51": {
    "level": 51,
    "ascension": 3,
    "hp": 5513.18615952,
    "attack": 149.48184032,
    "defense": 346.01358,