{
  "1": {
    "level": 1,
    "ascension": 0,
    "hp": 930.0268,
    "attack": 18.16416,
    "defense": 54.936,
    "specialized": 0
  },
  "2": {
    "level": 2,
    "ascension": 0,
    "hp": 1007.2190244,
    "attack": 19.671785279999998,
    "defense": 59.495688,
    "specialized": 0
  },
  "3": {
    "level": 3,
    "ascension": 0,
    "hp": 1083.4812220000001,
    "attack": 21.1612464,
    "defense": 64.00044,
    "specialized": 0
  },
  "4": {
    "level": 4,
    "ascension": 0,
    "hp": 1160.6734463999999,
    "attack": 22.66887168,
    "defense": 68.560128,
    "specialized": 0
  },
  "5": {
    "level": 5,
    "ascension": 0,
    "hp": 1236.9356440000001,
    "attack": 24.1583328,
    "defense": 73.06488,
    "specialized": 0
  },
  "6": {
    "level": 6,
    "ascension": 0,
    "hp": 1314.1278684,
    "attack": 25.66595808,
    "defense": 77.624568,
    "specialized": 0
  },
  "7": {
    "level": 7,
    "ascension": 0,
    "hp": 1390.3900660000002,
    "attack": 27.1554192,
    "defense": 82.12932,
    "specialized": 0
  },
  "8": {
    "level": 8,
    "ascension": 0,
    "hp": 1467.5822904,
    "attack": 28.66304448,
    "defense": 86.689008,
    "specialized": 0
  },
  "9": {
    "level": 9,
    "ascension": 0,
    "hp": 1544.7745148,
    "attack": 30.17066976,
    "defense": 91.248696,
    "specialized": 0
  },
  "10": {
    "level": 10,
    "ascension": 0,
    "hp": 1621.0367124000002,
    "attack": 31.66013088,
    "defense": 95.753448,
    "specialized": 0
  },
  "11": {
    "level": 11,
    "ascension": 0,
    "hp": 1698.2289368,
    "attack": 33.167756159999996,
    "defense": 100.313136,
    "specialized": 0
  },
  "12": {
    "level": 12,
    "ascension": 0,
    "hp": 1774.4911344,
    "attack": 34.65721728,
    "defense": 104.817888,
    "specialized": 0
  },
  "13": {
    "level": 13,
    "ascension": 0,
    "hp": 1851.6833588,
    "attack": 36.16484256,
    "defense": 109.377576,
    "specialized": 0
  },
  "14": {
    "level": 14,
    "ascension": 0,
    "hp": 1927.9455564,
    "attack": 37.65430368,
    "defense": 113.882328,
    "specialized": 0
  },
  "15": {
    "level": 15,
    "ascension": 0,
    "hp": 2005.1377808,
    "attack": 39.16192896,
    "defense": 118.44201600000001,
    "specialized": 0
  },
  "16": {
    "level": 16,
    "ascension": 0,
    "hp": 2082.3300052,
    "attack": 40.66955424,
    "defense": 123.00170399999999,
    "specialized": 0
  },
  "17": {
    "level": 17,
    "ascension": 0,
    "hp": 2158.5922028,
    "attack": 42.15901536,
    "defense": 127.50645600000001,
    "specialized": 0
  },
  "18": {
    "level": 18,
    "ascension": 0,
    "hp": 2235.7844271999998,
    "attack": 43.66664064,
    "defense": 132.066144,
    "specialized": 0
  },
  "19": {
    "level": 19,
    "ascension": 0,
    "hp": 2312.0466248000002,
    "attack": 45.15610176,
    "defense": 136.570896,
    "specialized": 0
  },
  "20": {
    "level": 20,
    "ascension": 0,
    "hp": 2389.2388492,
    "attack": 46.66372704,
    "defense": 141.130584,
    "specialized": 0
  },
  "21": {
    "level": 21,
    "ascension": 1,
    "hp": 3160.2786967999996,
    "attack": 61.72306415999999,
    "defense": 186.675336,
    "specialized": 0
  },
  "22": {
    "level": 22,
    "ascension": 1,
    "hp": 3237.4709212,
    "attack": 63.23068944,
    "defense": 191.23502399999998,
    "specialized": 0
  },
  "23": {
    "level": 23,
    "ascension": 1,
    "hp": 3314.6631456,
    "attack": 64.73831472,
    "defense": 195.794712,
    "specialized": 0
  },
  "24": {
    "level": 24,
    "ascension": 1,
    "hp": 3390.9253432,
    "attack": 66.22777583999999,
    "defense": 200.299464,
    "specialized": 0
  },
  "25": {
    "level": 25,
    "ascension": 1,
    "hp": 3468.1175676000003,
    "attack": 67.73540112,
    "defense": 204.859152,
    "specialized": 0
  },
  "26": {
    "level": 26,
    "ascension": 1,
    "hp": 3544.3797652,
    "attack": 69.22486224,
    "defense": 209.363904,
    "specialized": 0
  },
  "27": {
    "level": 27,
    "ascension": 1,
    "hp": 3621.5719895999996,
    "attack": 70.73248751999999,
    "defense": 213.92359199999999,
    "specialized": 0
  },
  "28": {
    "level": 28,
    "ascension": 1,
    "hp": 3697.8341872,
    "attack": 72.22194864,
    "defense": 218.428344,
    "specialized": 0
  },
  "29": {
    "level": 29,
    "ascension": 1,
    "hp": 3775.0264116,
    "attack": 73.72957391999999,
    "defense": 222.98803199999998,
    "specialized": 0
  },
  "30": {
    "level": 30,
    "ascension": 1,
    "hp": 3851.2886092,
    "attack": 75.21903504,
    "defense": 227.492784,
    "specialized": 0
  },
  "31": {
    "level": 31,
    "ascension": 1,
    "hp": 3928.4808335999996,
    "attack": 76.72666032,
    "defense": 232.052472,
    "specialized": 0
  },
  "32": {
    "level": 32,
    "ascension": 1,
    "hp": 4005.673058,
    "attack": 78.23428559999999,
    "defense": 236.61216,
    "specialized": 0
  },
  "33": {
    "level": 33,
    "ascension": 1,
    "hp": 4081.9352556,
    "attack": 79.72374672000001,
    "defense": 241.11691199999999,
    "specialized": 0
  },
  "34": {
    "level": 34,
    "ascension": 1,
    "hp": 4159.12748,
    "attack": 81.231372,
    "defense": 245.6766,
    "specialized": 0
  },
  "35": {
    "level": 35,
    "ascension": 1,
    "hp": 4235.3896776,
    "attack": 82.72083312000001,
    "defense": 250.18135199999998,
    "specialized": 0
  },
  "36": {
    "level": 36,
    "ascension": 1,
    "hp": 4312.581902,
    "attack": 84.2284584,
    "defense": 254.74104,
    "specialized": 0
  },
  "37": {
    "level": 37,
    "ascension": 1,
    "hp": 4388.8440996,
    "attack": 85.71791952000001,
    "defense": 259.245792,
    "specialized": 0
  },
  "38": {
    "level": 38,
    "ascension": 1,
    "hp": 4466.036324,
    "attack": 87.2255448,
    "defense": 263.80548,
    "specialized": 0
  },
  "39": {
    "level": 39,
    "ascension": 1,
    "hp": 4543.2285484,
    "attack": 88.73317008000001,
    "defense": 268.365168,
    "specialized": 0
  },
  "40": {
    "level": 40,
    "ascension": 1,
    "hp": 4619.4907459999995,
    "attack": 90.2226312,
    "defense": 272.86992,
    "specialized": 0
  },
  "41": {
    "level": 41,
    "ascension": 2,
    "hp": 5190.3407204,
    "attack": 101.37201048,
    "defense": 306.589608,
    "specialized": 0.06
  },
  "42": {
    "level": 42,
    "ascension": 2,
    "hp": 5266.602918,
    "attack": 102.86147159999999,
    "defense": 311.09436,
    "specialized": 0.06
  },
  "43": {
    "level": 43,
    "ascension": 2,
    "hp": 5343.7951424,
    "attack": 104.36909688,
    "defense": 315.654048,
    "specialized": 0.06
  },
  "44": {
    "level": 44,
    "ascension": 2,
    "hp": 5420.05734,
    "attack": 105.85855799999999,
    "defense": 320.1588,
    "specialized": 0.06
  },
  "45": {
    "level": 45,
    "ascension": 2,
    "hp": 5497.2495644,
    "attack": 107.36618328,
    "defense": 324.718488,
    "specialized": 0.06
  },
  "46": {
    "level": 46,
    "ascension": 2,
    "hp": 5574.441788800001,
    "attack": 108.87380856,
    "defense": 329.278176,
    "specialized": 0.06
  },
  "47": {
    "level": 47,
    "ascension": 2,
    "hp": 5650.7039864,
    "attack": 110.36326968,
    "defense": 333.78292799999997,
    "specialized": 0.06
  },
  "48": {
    "level": 48,
    "ascension": 2,
    "hp": 5727.8962108000005,
    "attack": 111.87089496,
    "defense": 338.342616,
    "specialized": 0.06
  },
  "49": {
    "level": 49,
    "ascension": 2,
    "hp": 5804.158408400001,
    "attack": 113.36035608,
    "defense": 342.847368,
    "specialized": 0.06
  },
  "50": {
    "level": 50,
    "ascension": 2,
    "hp": 5881.3506328,
    "attack": 114.86798136,
    "defense": 347.407056,
    "specialized": 0.06
  },
  "51": {
    "level": 51,
    "ascension": 3,
    "hp": 6615.8233304000005,
    "attack": 129.21311548,
    "defense": 390.791808,
    "specialized": 0.12
  },
  "52": {
    "level": 52,
    "ascension": 3,
    "hp": 6693.0155548,