{
  "1": {
    "level": 1,
    "ascension": 0,
    "hp": 802.3761,
    "attack": 19.41072,
    "defense": 48.069,
    "specialized": 0
  },
  "2": {
    "level": 2,
    "ascension": 0,
    "hp": 868.9733163,
    "attack": 21.02180976,
    "defense": 52.058727,
    "specialized": 0
  },
  "3": {
    "level": 3,
    "ascension": 0,
    "hp": 934.7681564999999,
    "attack": 22.613488800000002,
    "defense": 56.000385,
    "specialized": 0
  },
  "4": {
    "level": 4,
    "ascension": 0,
    "hp": 1001.3653727999999,
    "attack": 24.22457856,
    "defense": 59.990112,
    "specialized": 0
  },
  "5": {
    "level": 5,
    "ascension": 0,
    "hp": 1067.1602129999999,
    "attack": 25.816257600000004,
    "defense": 63.93177000000001,
    "specialized": 0
  },
  "6": {
    "level": 6,
    "ascension": 0,
    "hp": 1133.7574293,
    "attack": 27.427347360000002,
    "defense": 67.921497,
    "specialized": 0
  },
  "7": {
    "level": 7,
    "ascension": 0,
    "hp": 1199.5522695,
    "attack": 29.019026400000005,
    "defense": 71.863155,
    "specialized": 0
  },
  "8": {
    "level": 8,
    "ascension": 0,
    "hp": 1266.1494857999999,
    "attack": 30.630116160000004,
    "defense": 75.85288200000001,
    "specialized": 0
  },
  "9": {
    "level": 9,
    "ascension": 0,
    "hp": 1332.7467021,
    "attack": 32.241205920000006,
    "defense": 79.84260900000001,
    "specialized": 0
  },
  "10": {
    "level": 10,
    "ascension": 0,
    "hp": 1398.5415423,
    "attack": 33.83288496,
    "defense": 83.78426700000001,
    "specialized": 0
  },
  "11": {
    "level": 11,
    "ascension": 0,
    "hp": 1465.1387586,
    "attack": 35.44397472000001,
    "defense": 87.773994,
    "specialized": 0
  },
  "12": {
    "level": 12,
    "ascension": 0,
    "hp": 1530.9335987999998,
    "attack": 37.03565376,
    "defense": 91.715652,
    "specialized": 0
  },
  "13": {
    "level": 13,
    "ascension": 0,
    "hp": 1597.5308151,
    "attack": 38.64674352,
    "defense": 95.70537900000001,
    "specialized": 0
  },
  "14": {
    "level": 14,
    "ascension": 0,
    "hp": 1663.3256552999999,
    "attack": 40.238422560000004,
    "defense": 99.647037,
    "specialized": 0
  },
  "15": {
    "level": 15,
    "ascension": 0,
    "hp": 1729.9228716,
    "attack": 41.84951232,
    "defense": 103.63676400000001,
    "specialized": 0
  },
  "16": {
    "level": 16,
    "ascension": 0,
    "hp": 1796.5200878999997,
    "attack": 43.46060208,
    "defense": 107.626491,
    "specialized": 0
  },
  "17": {
    "level": 17,
    "ascension": 0,
    "hp": 1862.3149281,
    "attack": 45.05228112,
    "defense": 111.56814900000002,
    "specialized": 0
  },
  "18": {
    "level": 18,
    "ascension": 0,
    "hp": 1928.9121443999998,
    "attack": 46.66337088,
    "defense": 115.55787600000001,
    "specialized": 0
  },
  "19": {
    "level": 19,
    "ascension": 0,
    "hp": 1994.7069846,
    "attack": 48.255049920000005,
    "defense": 119.49953400000001,
    "specialized": 0
  },
  "20": {
    "level": 20,
    "ascension": 0,
    "hp": 2061.3042008999996,
    "attack": 49.86613968,
    "defense": 123.489261,
    "specialized": 0
  },
  "21": {
    "level": 21,
    "ascension": 1,
    "hp": 2726.5150411,
    "attack": 65.95896072,
    "defense": 163.34091899999999,
    "specialized": 0
  },
  "22": {
    "level": 22,
    "ascension": 1,
    "hp": 2793.1122574,
    "attack": 67.57005048,
    "defense": 167.330646,
    "specialized": 0
  },
  "23": {
    "level": 23,
    "ascension": 1,
    "hp": 2859.7094737,
    "attack": 69.18114024,
    "defense": 171.32037300000002,
    "specialized": 0
  },
  "24": {
    "level": 24,
    "ascension": 1,
    "hp": 2925.5043139,
    "attack": 70.77281928000001,
    "defense": 175.262031,
    "specialized": 0
  },
  "25": {
    "level": 25,
    "ascension": 1,
    "hp": 2992.1015302,
    "attack": 72.38390904,
    "defense": 179.25175800000002,
    "specialized": 0
  },
  "26": {
    "level": 26,
    "ascension": 1,
    "hp": 3057.8963704000003,
    "attack": 73.97558808000001,
    "defense": 183.193416,
    "specialized": 0
  },
  "27": {
    "level": 27,
    "ascension": 1,
    "hp": 3124.4935867,
    "attack": 75.58667784,
    "defense": 187.183143,
    "specialized": 0
  },
  "28": {
    "level": 28,
    "ascension": 1,
    "hp": 3190.2884269,
    "attack": 77.17835688000001,
    "defense": 191.12480100000002,
    "specialized": 0
  },
  "29": {
    "level": 29,
    "ascension": 1,
    "hp": 3256.8856432,
    "attack": 78.78944664000001,
    "defense": 195.114528,
    "specialized": 0
  },
  "30": {
    "level": 30,
    "ascension": 1,
    "hp": 3322.6804834,
    "attack": 80.38112568000001,
    "defense": 199.05618600000003,
    "specialized": 0
  },
  "31": {
    "level": 31,
    "ascension": 1,
    "hp": 3389.2776997,
    "attack": 81.99221544000001,
    "defense": 203.045913,
    "specialized": 0
  },
  "32": {
    "level": 32,
    "ascension": 1,
    "hp": 3455.874916,
    "attack": 83.60330520000001,
    "defense": 207.03564,
    "specialized": 0
  },
  "33": {
    "level": 33,
    "ascension": 1,
    "hp": 3521.6697562,
    "attack": 85.19498424000001,
    "defense": 210.977298,
    "specialized": 0
  },
  "34": {
    "level": 34,
    "ascension": 1,
    "hp": 3588.2669725,
    "attack": 86.80607400000001,
    "defense": 214.967025,
    "specialized": 0
  },
  "35": {
    "level": 35,
    "ascension": 1,
    "hp": 3654.0618127,
    "attack": 88.39775304000001,
    "defense": 218.908683,
    "specialized": 0
  },
  "36": {
    "level": 36,
    "ascension": 1,
    "hp": 3720.659029,
    "attack": 90.00884280000001,
    "defense": 222.89841,
    "specialized": 0
  },
  "37": {
    "level": 37,
    "ascension": 1,
    "hp": 3786.4538692,
    "attack": 91.60052184000001,
    "defense": 226.840068,
    "specialized": 0
  },
  "38": {
    "level": 38,
    "ascension": 1,
    "hp": 3853.0510854999998,
    "attack": 93.2116116,
    "defense": 230.829795,
    "specialized": 0
  },
  "39": {
    "level": 39,
    "ascension": 1,
    "hp": 3919.6483018,
    "attack": 94.82270136000001,
    "defense": 234.819522,
    "specialized": 0
  },
  "40": {
    "level": 40,
    "ascension": 1,
    "hp": 3985.4431419999996,
    "attack": 96.4143804,
    "defense": 238.76118,
    "specialized": 0
  },
  "41": {
    "level": 41,
    "ascension": 2,
    "hp": 4477.941258299999,
    "attack": 108.32891316000001,
    "defense": 268.265907,
    "specialized": 24
  },
  "42": {
    "level": 42,
    "ascension": 2,
    "hp": 4543.7360985,
    "attack": 109.9205922,
    "defense": 272.207565,
    "specialized": 24
  },
  "43": {
    "level": 43,
    "ascension": 2,
    "hp": 4610.3333148,
    "attack": 111.53168196000001,
    "defense": 276.197292,
    "specialized": 24
  },
  "44": {
    "level": 44,
    "ascension": 2,
    "hp": 4676.128154999999,
    "attack": 113.123361,
    "defense": 280.13895,
    "specialized": 24
  },
  "45": {
    "level": 45,
    "ascension": 2,
    "hp": 4742.7253713,
    "attack": 114.73445076000002,
    "defense": 284.128677,
    "specialized": 24
  },
  "46": {
    "level": 46,
    "ascension": 2,
    "hp": 4809.3225876,
    "attack": 116.34554052000001,
    "defense": 288.118404,
    "specialized": 24
  },
  "47": {
    "level": 47,
    "ascension": 2,
    "hp": 4875.1174278,
    "attack": 117.93721956000002,
    "defense": 292.060062,
    "specialized": 24
  },
  "48": {
    "level": 48,
    "ascension": 2,
    "hp": 4941.7146440999995,
    "attack": 119.54830932000002,
    "defense": 296.04978900000003,
    "specialized": 24
  },
  "49": {
    "level": 49,
    "ascension": 2,
    "hp": 5007.5094843,
    "attack": 121.13998836000002,
    "defense": 299.991447,
    "specialized": 24
  },
  "50": {
    "level": 50,
    "ascension": 2,
    "hp": 5074.1067006,
    "attack": 122.75107812000002,
    "defense": 303.981174,
    "specialized": 24
  },
  "51": {
    "level": 51,
    "ascension": 3,
    "hp": 5707.7693408,