{
  "1": {
    "level": 1,
    "ascension": 0,
    "hp": 1039.4418,
    "attack": 19.41072,
    "defense": 59.685677,
    "specialized": 0
  },
  "2": {
    "level": 2,
    "ascension": 0,
    "hp": 1125.7154694,
    "attack": 21.02180976,
    "defense": 64.639588191,
    "specialized": 0
  },
  "3": {
    "level": 3,
    "ascension": 0,
    "hp": 1210.949697,
    "attack": 22.613488800000002,
    "defense": 69.533813705,
    "specialized": 0
  },
  "4": {
    "level": 4,
    "ascension": 0,
    "hp": 1297.2233664,
    "attack": 24.22457856,
    "defense": 74.487724896,
    "specialized": 0
  },
  "5": {
    "level": 5,
    "ascension": 0,
    "hp": 1382.4575940000002,
    "attack": 25.816257600000004,
    "defense": 79.38195041,
    "specialized": 0
  },
  "6": {
    "level": 6,
    "ascension": 0,
    "hp": 1468.7312634000002,
    "attack": 27.427347360000002,
    "defense": 84.335861601,
    "specialized": 0
  },
  "7": {
    "level": 7,
    "ascension": 0,
    "hp": 1553.9654910000002,
    "attack": 29.019026400000005,
    "defense": 89.230087115,
    "specialized": 0
  },
  "8": {
    "level": 8,
    "ascension": 0,
    "hp": 1640.2391604000002,
    "attack": 30.630116160000004,
    "defense": 94.183998306,
    "specialized": 0
  },
  "9": {
    "level": 9,
    "ascension": 0,
    "hp": 1726.5128298000002,
    "attack": 32.241205920000006,
    "defense": 99.137909497,
    "specialized": 0
  },
  "10": {
    "level": 10,
    "ascension": 0,
    "hp": 1811.7470574000001,
    "attack": 33.83288496,
    "defense": 104.03213501100001,
    "specialized": 0
  },
  "11": {
    "level": 11,
    "ascension": 0,
    "hp": 1898.0207268000001,
    "attack": 35.44397472000001,
    "defense": 108.986046202,
    "specialized": 0
  },
  "12": {
    "level": 12,
    "ascension": 0,
    "hp": 1983.2549544,
    "attack": 37.03565376,
    "defense": 113.880271716,
    "specialized": 0
  },
  "13": {
    "level": 13,
    "ascension": 0,
    "hp": 2069.5286238000003,
    "attack": 38.64674352,
    "defense": 118.834182907,
    "specialized": 0
  },
  "14": {
    "level": 14,
    "ascension": 0,
    "hp": 2154.7628514000003,
    "attack": 40.238422560000004,
    "defense": 123.728408421,
    "specialized": 0
  },
  "15": {
    "level": 15,
    "ascension": 0,
    "hp": 2241.0365208000003,
    "attack": 41.84951232,
    "defense": 128.68231961200001,
    "specialized": 0
  },
  "16": {
    "level": 16,
    "ascension": 0,
    "hp": 2327.3101902,
    "attack": 43.46060208,
    "defense": 133.636230803,
    "specialized": 0
  },
  "17": {
    "level": 17,
    "ascension": 0,
    "hp": 2412.5444178000002,
    "attack": 45.05228112,
    "defense": 138.53045631700002,
    "specialized": 0
  },
  "18": {
    "level": 18,
    "ascension": 0,
    "hp": 2498.8180872000003,
    "attack": 46.66337088,
    "defense": 143.484367508,
    "specialized": 0
  },
  "19": {
    "level": 19,
    "ascension": 0,
    "hp": 2584.0523148,
    "attack": 48.255049920000005,
    "defense": 148.37859302200002,
    "specialized": 0
  },
  "20": {
    "level": 20,
    "ascension": 0,
    "hp": 2670.3259842,
    "attack": 49.86613968,
    "defense": 153.332504213,
    "specialized": 0
  },
  "21": {
    "level": 21,
    "ascension": 1,
    "hp": 3532.0764118,
    "attack": 65.95896072,
    "defense": 202.81497972699998,
    "specialized": 0
  },
  "22": {
    "level": 22,
    "ascension": 1,
    "hp": 3618.3500812,
    "attack": 67.57005048,
    "defense": 207.768890918,
    "specialized": 0
  },
  "23": {
    "level": 23,
    "ascension": 1,
    "hp": 3704.6237506,
    "attack": 69.18114024,
    "defense": 212.72280210899999,
    "specialized": 0
  },
  "24": {
    "level": 24,
    "ascension": 1,
    "hp": 3789.8579782,
    "attack": 70.77281928000001,
    "defense": 217.617027623,
    "specialized": 0
  },
  "25": {
    "level": 25,
    "ascension": 1,
    "hp": 3876.1316476000006,
    "attack": 72.38390904,
    "defense": 222.570938814,
    "specialized": 0
  },
  "26": {
    "level": 26,
    "ascension": 1,
    "hp": 3961.3658752,
    "attack": 73.97558808000001,
    "defense": 227.46516432800001,
    "specialized": 0
  },
  "27": {
    "level": 27,
    "ascension": 1,
    "hp": 4047.6395446,
    "attack": 75.58667784,
    "defense": 232.419075519,
    "specialized": 0
  },
  "28": {
    "level": 28,
    "ascension": 1,
    "hp": 4132.8737722000005,
    "attack": 77.17835688000001,
    "defense": 237.31330103300002,
    "specialized": 0
  },
  "29": {
    "level": 29,
    "ascension": 1,
    "hp": 4219.1474416,
    "attack": 78.78944664000001,
    "defense": 242.267212224,
    "specialized": 0
  },
  "30": {
    "level": 30,
    "ascension": 1,
    "hp": 4304.3816692,
    "attack": 80.38112568000001,
    "defense": 247.16143773800002,
    "specialized": 0
  },
  "31": {
    "level": 31,
    "ascension": 1,
    "hp": 4390.6553386,
    "attack": 81.99221544000001,
    "defense": 252.115348929,
    "specialized": 0
  },
  "32": {
    "level": 32,
    "ascension": 1,
    "hp": 4476.929008,
    "attack": 83.60330520000001,
    "defense": 257.06926012,
    "specialized": 0
  },
  "33": {
    "level": 33,
    "ascension": 1,
    "hp": 4562.1632356,
    "attack": 85.19498424000001,
    "defense": 261.963485634,
    "specialized": 0
  },
  "34": {
    "level": 34,
    "ascension": 1,
    "hp": 4648.4369050000005,
    "attack": 86.80607400000001,
    "defense": 266.917396825,
    "specialized": 0
  },
  "35": {
    "level": 35,
    "ascension": 1,
    "hp": 4733.6711326,
    "attack": 88.39775304000001,
    "defense": 271.811622339,
    "specialized": 0
  },
  "36": {
    "level": 36,
    "ascension": 1,
    "hp": 4819.944802,
    "attack": 90.00884280000001,
    "defense": 276.76553353,
    "specialized": 0
  },
  "37": {
    "level": 37,
    "ascension": 1,
    "hp": 4905.1790296,
    "attack": 91.60052184000001,
    "defense": 281.659759044,
    "specialized": 0
  },
  "38": {
    "level": 38,
    "ascension": 1,
    "hp": 4991.452699,
    "attack": 93.2116116,
    "defense": 286.613670235,
    "specialized": 0
  },
  "39": {
    "level": 39,
    "ascension": 1,
    "hp": 5077.7263684,
    "attack": 94.82270136000001,
    "defense": 291.567581426,
    "specialized": 0
  },
  "40": {
    "level": 40,
    "ascension": 1,
    "hp": 5162.960596,
    "attack": 96.4143804,
    "defense": 296.46180694,
    "specialized": 0
  },
  "41": {
    "level": 41,
    "ascension": 2,
    "hp": 5800.9693654,
    "attack": 108.32891316000001,
    "defense": 333.096848131,
    "specialized": 0.06
  },
  "42": {
    "level": 42,
    "ascension": 2,
    "hp": 5886.203593,
    "attack": 109.9205922,
    "defense": 337.991073645,
    "specialized": 0.06
  },
  "43": {
    "level": 43,
    "ascension": 2,
    "hp": 5972.4772624,
    "attack": 111.53168196000001,
    "defense": 342.944984836,
    "specialized": 0.06
  },
  "44": {
    "level": 44,
    "ascension": 2,
    "hp": 6057.71149,
    "attack": 113.123361,
    "defense": 347.83921035,
    "specialized": 0.06
  },
  "45": {
    "level": 45,
    "ascension": 2,
    "hp": 6143.9851594,
    "attack": 114.73445076000002,
    "defense": 352.793121541,
    "specialized": 0.06
  },
  "46": {
    "level": 46,
    "ascension": 2,
    "hp": 6230.258828800001,
    "attack": 116.34554052000001,
    "defense": 357.74703273200004,
    "specialized": 0.06
  },
  "47": {
    "level": 47,
    "ascension": 2,
    "hp": 6315.493056400001,
    "attack": 117.93721956000002,
    "defense": 362.641258246,
    "specialized": 0.06
  },
  "48": {
    "level": 48,
    "ascension": 2,
    "hp": 6401.7667258,
    "attack": 119.54830932000002,
    "defense": 367.59516943700004,
    "specialized": 0.06
  },
  "49": {
    "level": 49,
    "ascension": 2,
    "hp": 6487.0009534,
    "attack": 121.13998836000002,
    "defense": 372.489394951,
    "specialized": 0.06
  },
  "50": {
    "level": 50,
    "ascension": 2,
    "hp": 6573.2746228000005,
    "attack": 122.75107812000002,