{
  "1": {
    "level": 1,
    "ascension": 0,
    "hp": 857.988,
    "attack": 24.7646,
    "defense": 41.881,
    "specialized": 0.05
  },
  "2": {
    "level": 2,
    "ascension": 0,
    "hp": 929.201004,
    "attack": 26.8200618,
    "defense": 45.357123,
    "specialized": 0.05
  },
  "3": {
    "level": 3,
    "ascension": 0,
    "hp": 1000.414008,
    "attack": 28.8755236,
    "defense": 48.833245999999995,
    "specialized": 0.05
  },
  "4": {
    "level": 4,
    "ascension": 0,
    "hp": 1072.4850000000001,
    "attack": 30.955750000000002,
    "defense": 52.35125,
    "specialized": 0.05
  },
  "5": {
    "level": 5,
    "ascension": 0,
    "hp": 1143.698004,
    "attack": 33.0112118,
    "defense": 55.827373,
    "specialized": 0.05
  },
  "6": {
    "level": 6,
    "ascension": 0,
    "hp": 1215.768996,
    "attack": 35.091438200000006,
    "defense": 59.345377,
    "specialized": 0.05
  },
  "7": {
    "level": 7,
    "ascension": 0,
    "hp": 1286.982,
    "attack": 37.1469,
    "defense": 62.8215,
    "specialized": 0.05
  },
  "8": {
    "level": 8,
    "ascension": 0,
    "hp": 1359.0529920000001,
    "attack": 39.2271264,
    "defense": 66.339504,
    "specialized": 0.05
  },
  "9": {
    "level": 9,
    "ascension": 0,
    "hp": 1431.123984,
    "attack": 41.307352800000004,
    "defense": 69.857508,
    "specialized": 0.05
  },
  "10": {
    "level": 10,
    "ascension": 0,
    "hp": 1502.336988,
    "attack": 43.3628146,
    "defense": 73.333631,
    "specialized": 0.05
  },
  "11": {
    "level": 11,
    "ascension": 0,
    "hp": 1574.4079800000002,
    "attack": 45.443041,
    "defense": 76.851635,
    "specialized": 0.05
  },
  "12": {
    "level": 12,
    "ascension": 0,
    "hp": 1646.478972,
    "attack": 47.5232674,
    "defense": 80.369639,
    "specialized": 0.05
  },
  "13": {
    "level": 13,
    "ascension": 0,
    "hp": 1718.5499640000003,
    "attack": 49.6034938,
    "defense": 83.88764300000001,
    "specialized": 0.05
  },
  "14": {
    "level": 14,
    "ascension": 0,
    "hp": 1791.4789440000002,
    "attack": 51.70848480000001,
    "defense": 87.447528,
    "specialized": 0.05
  },
  "15": {
    "level": 15,
    "ascension": 0,
    "hp": 1863.5499360000003,
    "attack": 53.78871120000001,
    "defense": 90.96553200000001,
    "specialized": 0.05
  },
  "16": {
    "level": 16,
    "ascension": 0,
    "hp": 1935.620928,
    "attack": 55.868937599999995,
    "defense": 94.48353599999999,
    "specialized": 0.05
  },
  "17": {
    "level": 17,
    "ascension": 0,
    "hp": 2008.5499080000002,
    "attack": 57.97392860000001,
    "defense": 98.04342100000001,
    "specialized": 0.05
  },
  "18": {
    "level": 18,
    "ascension": 0,
    "hp": 2080.6209,
    "attack": 60.054155,
    "defense": 101.561425,
    "specialized": 0.05
  },
  "19": {
    "level": 19,
    "ascension": 0,
    "hp": 2153.54988,
    "attack": 62.159146,
    "defense": 105.12131,
    "specialized": 0.05
  },
  "20": {
    "level": 20,
    "ascension": 0,
    "hp": 2225.620872,
    "attack": 64.2393724,
    "defense": 108.639314,
    "specialized": 0.05
  },
  "21": {
    "level": 21,
    "ascension": 1,
    "hp": 3034.197012,
    "attack": 87.5762164,
    "defense": 148.109199,
    "specialized": 0.05
  },
  "22": {
    "level": 22,
    "ascension": 1,
    "hp": 3107.1259919999998,
    "attack": 89.6812074,
    "defense": 151.669084,
    "specialized": 0.05
  },
  "23": {
    "level": 23,
    "ascension": 1,
    "hp": 3180.0549720000004,
    "attack": 91.7861984,
    "defense": 155.228969,
    "specialized": 0.05
  },
  "24": {
    "level": 24,
    "ascension": 1,
    "hp": 3252.9839520000005,
    "attack": 93.89118940000002,
    "defense": 158.78885400000001,
    "specialized": 0.05
  },
  "25": {
    "level": 25,
    "ascension": 1,
    "hp": 3325.912932,
    "attack": 95.99618040000001,
    "defense": 162.34873900000002,
    "specialized": 0.05
  },
  "26": {
    "level": 26,
    "ascension": 1,
    "hp": 3399.6999,
    "attack": 98.12593600000001,
    "defense": 165.950505,
    "specialized": 0.05
  },
  "27": {
    "level": 27,
    "ascension": 1,
    "hp": 3472.62888,
    "attack": 100.23092700000001,
    "defense": 169.51039,
    "specialized": 0.05
  },
  "28": {
    "level": 28,
    "ascension": 1,
    "hp": 3545.55786,
    "attack": 102.335918,
    "defense": 173.07027499999998,
    "specialized": 0.05
  },
  "29": {
    "level": 29,
    "ascension": 1,
    "hp": 3619.3448280000002,
    "attack": 104.46567360000002,
    "defense": 176.672041,
    "specialized": 0.05
  },
  "30": {
    "level": 30,
    "ascension": 1,
    "hp": 3692.2738080000004,
    "attack": 106.57066460000001,
    "defense": 180.23192600000002,
    "specialized": 0.05
  },
  "31": {
    "level": 31,
    "ascension": 1,
    "hp": 3766.0607760000003,
    "attack": 108.70042020000001,
    "defense": 183.83369199999999,
    "specialized": 0.05
  },
  "32": {
    "level": 32,
    "ascension": 1,
    "hp": 3839.847744,
    "attack": 110.8301758,
    "defense": 187.43545799999998,
    "specialized": 0.05
  },
  "33": {
    "level": 33,
    "ascension": 1,
    "hp": 3913.6347120000005,
    "attack": 112.95993140000002,
    "defense": 191.037224,
    "specialized": 0.05
  },
  "34": {
    "level": 34,
    "ascension": 1,
    "hp": 3986.563692,
    "attack": 115.06492240000001,
    "defense": 194.59710900000002,
    "specialized": 0.05
  },
  "35": {
    "level": 35,
    "ascension": 1,
    "hp": 4060.35066,
    "attack": 117.19467800000001,
    "defense": 198.198875,
    "specialized": 0.05
  },
  "36": {
    "level": 36,
    "ascension": 1,
    "hp": 4134.995616,
    "attack": 119.34919820000002,
    "defense": 201.842522,
    "specialized": 0.05
  },
  "37": {
    "level": 37,
    "ascension": 1,
    "hp": 4208.7825840000005,
    "attack": 121.47895380000001,
    "defense": 205.444288,
    "specialized": 0.05
  },
  "38": {
    "level": 38,
    "ascension": 1,
    "hp": 4282.569552000001,
    "attack": 123.60870940000001,
    "defense": 209.046054,
    "specialized": 0.05
  },
  "39": {
    "level": 39,
    "ascension": 1,
    "hp": 4356.356519999999,
    "attack": 125.738465,
    "defense": 212.64782,
    "specialized": 0.05
  },
  "40": {
    "level": 40,
    "ascension": 1,
    "hp": 4431.001476,
    "attack": 127.89298520000001,
    "defense": 216.291467,
    "specialized": 0.05
  },
  "41": {
    "level": 41,
    "ascension": 2,
    "hp": 5027.485084,
    "attack": 145.1085338,
    "defense": 245.408233,
    "specialized": 0.098
  },
  "42": {
    "level": 42,
    "ascension": 2,
    "hp": 5102.130040000001,
    "attack": 147.263054,
    "defense": 249.05188000000004,
    "specialized": 0.098
  },
  "43": {
    "level": 43,
    "ascension": 2,
    "hp": 5176.774996,
    "attack": 149.41757420000002,
    "defense": 252.69552700000003,
    "specialized": 0.098
  },
  "44": {
    "level": 44,
    "ascension": 2,
    "hp": 5250.561964,
    "attack": 151.5473298,
    "defense": 256.29729299999997,
    "specialized": 0.098
  },
  "45": {
    "level": 45,
    "ascension": 2,
    "hp": 5325.2069200000005,
    "attack": 153.70185,
    "defense": 259.94094,
    "specialized": 0.098
  },
  "46": {
    "level": 46,
    "ascension": 2,
    "hp": 5399.851876000001,
    "attack": 155.85637020000001,
    "defense": 263.584587,
    "specialized": 0.098
  },
  "47": {
    "level": 47,
    "ascension": 2,
    "hp": 5474.496832000001,
    "attack": 158.0108904,
    "defense": 267.228234,
    "specialized": 0.098
  },
  "48": {
    "level": 48,
    "ascension": 2,
    "hp": 5549.141788000001,
    "attack": 160.16541060000003,
    "defense": 270.87188100000003,
    "specialized": 0.098
  },
  "49": {
    "level": 49,
    "ascension": 2,
    "hp": 5624.644732000001,
    "attack": 162.34469540000003,
    "defense": 274.557409,
    "specialized": 0.098
  },
  "50": {
    "level": 50,
    "ascension": 2,
    "hp": 5699.289688000001,
    "attack": 164.4992156,
    "defense": 278.201056,