{
  "1": {
    "level": 1,
    "ascension": 0,
    "hp": 977.153,
    "attack": 27.93,
    "defense": 61.6249,
    "specialized": 0.5
  },
  "2": {
    "level": 2,
    "ascension": 0,
    "hp": 1058.256699,
    "attack": 30.248189999999997,
    "defense": 66.73976669999999,
    "specialized": 0.5
  },
  "3": {
    "level": 3,
    "ascension": 0,
    "hp": 1139.360398,
    "attack": 32.566379999999995,
    "defense": 71.8546334,
    "specialized": 0.5
  },
  "4": {
    "level": 4,
    "ascension": 0,
    "hp": 1221.44125,
    "attack": 34.9125,
    "defense": 77.031125,
    "specialized": 0.5
  },
  "5": {
    "level": 5,
    "ascension": 0,
    "hp": 1302.544949,
    "attack": 37.230689999999996,
    "defense": 82.1459917,
    "specialized": 0.5
  },
  "6": {
    "level": 6,
    "ascension": 0,
    "hp": 1384.6258010000001,
    "attack": 39.57681,
    "defense": 87.3224833,
    "specialized": 0.5
  },
  "7": {
    "level": 7,
    "ascension": 0,
    "hp": 1465.7295,
    "attack": 41.894999999999996,
    "defense": 92.43735,
    "specialized": 0.5
  },
  "8": {
    "level": 8,
    "ascension": 0,
    "hp": 1547.8103520000002,
    "attack": 44.24112,
    "defense": 97.6138416,
    "specialized": 0.5
  },
  "9": {
    "level": 9,
    "ascension": 0,
    "hp": 1629.891204,
    "attack": 46.587239999999994,
    "defense": 102.79033319999999,
    "specialized": 0.5
  },
  "10": {
    "level": 10,
    "ascension": 0,
    "hp": 1710.994903,
    "attack": 48.905429999999996,
    "defense": 107.90519989999999,
    "specialized": 0.5
  },
  "11": {
    "level": 11,
    "ascension": 0,
    "hp": 1793.075755,
    "attack": 51.25155,
    "defense": 113.08169149999999,
    "specialized": 0.5
  },
  "12": {
    "level": 12,
    "ascension": 0,
    "hp": 1875.1566070000001,
    "attack": 53.59767,
    "defense": 118.2581831,
    "specialized": 0.5
  },
  "13": {
    "level": 13,
    "ascension": 0,
    "hp": 1957.2374590000002,
    "attack": 55.94379,
    "defense": 123.4346747,
    "specialized": 0.5
  },
  "14": {
    "level": 14,
    "ascension": 0,
    "hp": 2040.295464,
    "attack": 58.317840000000004,
    "defense": 128.6727912,
    "specialized": 0.5
  },
  "15": {
    "level": 15,
    "ascension": 0,
    "hp": 2122.3763160000003,
    "attack": 60.66396,
    "defense": 133.8492828,
    "specialized": 0.5
  },
  "16": {
    "level": 16,
    "ascension": 0,
    "hp": 2204.457168,
    "attack": 63.010079999999995,
    "defense": 139.0257744,
    "specialized": 0.5
  },
  "17": {
    "level": 17,
    "ascension": 0,
    "hp": 2287.5151730000002,
    "attack": 65.38413,
    "defense": 144.2638909,
    "specialized": 0.5
  },
  "18": {
    "level": 18,
    "ascension": 0,
    "hp": 2369.596025,
    "attack": 67.73025,
    "defense": 149.44038249999997,
    "specialized": 0.5
  },
  "19": {
    "level": 19,
    "ascension": 0,
    "hp": 2452.6540299999997,
    "attack": 70.1043,
    "defense": 154.678499,
    "specialized": 0.5
  },
  "20": {
    "level": 20,
    "ascension": 0,
    "hp": 2534.7348819999997,
    "attack": 72.45042,
    "defense": 159.85499059999998,
    "specialized": 0.5
  },
  "21": {
    "level": 21,
    "ascension": 1,
    "hp": 3455.613187,
    "attack": 98.77017,
    "defense": 217.93210709999997,
    "specialized": 0.5
  },
  "22": {
    "level": 22,
    "ascension": 1,
    "hp": 3538.671192,
    "attack": 101.14421999999999,
    "defense": 223.17022359999999,
    "specialized": 0.5
  },
  "23": {
    "level": 23,
    "ascension": 1,
    "hp": 3621.729197,
    "attack": 103.51827,
    "defense": 228.4083401,
    "specialized": 0.5
  },
  "24": {
    "level": 24,
    "ascension": 1,
    "hp": 3704.787202,
    "attack": 105.89232000000001,
    "defense": 233.6464566,
    "specialized": 0.5
  },
  "25": {
    "level": 25,
    "ascension": 1,
    "hp": 3787.845207,
    "attack": 108.26637000000001,
    "defense": 238.88457309999998,
    "specialized": 0.5
  },
  "26": {
    "level": 26,
    "ascension": 1,
    "hp": 3871.880365,
    "attack": 110.66835,
    "defense": 244.1843145,
    "specialized": 0.5
  },
  "27": {
    "level": 27,
    "ascension": 1,
    "hp": 3954.93837,
    "attack": 113.0424,
    "defense": 249.422431,
    "specialized": 0.5
  },
  "28": {
    "level": 28,
    "ascension": 1,
    "hp": 4037.9963749999997,
    "attack": 115.41645,
    "defense": 254.66054749999998,
    "specialized": 0.5
  },
  "29": {
    "level": 29,
    "ascension": 1,
    "hp": 4122.031533,
    "attack": 117.81843,
    "defense": 259.9602889,
    "specialized": 0.5
  },
  "30": {
    "level": 30,
    "ascension": 1,
    "hp": 4205.089538,
    "attack": 120.19248,
    "defense": 265.19840539999996,
    "specialized": 0.5
  },
  "31": {
    "level": 31,
    "ascension": 1,
    "hp": 4289.124696,
    "attack": 122.59446,
    "defense": 270.4981468,
    "specialized": 0.5
  },
  "32": {
    "level": 32,
    "ascension": 1,
    "hp": 4373.159854,
    "attack": 124.99643999999999,
    "defense": 275.7978882,
    "specialized": 0.5
  },
  "33": {
    "level": 33,
    "ascension": 1,
    "hp": 4457.195012,
    "attack": 127.39842,
    "defense": 281.0976296,
    "specialized": 0.5
  },
  "34": {
    "level": 34,
    "ascension": 1,
    "hp": 4540.253017,
    "attack": 129.77247,
    "defense": 286.3357461,
    "specialized": 0.5
  },
  "35": {
    "level": 35,
    "ascension": 1,
    "hp": 4624.288175000001,
    "attack": 132.17445,
    "defense": 291.63548749999995,
    "specialized": 0.5
  },
  "36": {
    "level": 36,
    "ascension": 1,
    "hp": 4709.300486,
    "attack": 134.60435999999999,
    "defense": 296.9968538,
    "specialized": 0.5
  },
  "37": {
    "level": 37,
    "ascension": 1,
    "hp": 4793.335644,
    "attack": 137.00634,
    "defense": 302.29659519999996,
    "specialized": 0.5
  },
  "38": {
    "level": 38,
    "ascension": 1,
    "hp": 4877.370802,
    "attack": 139.40832,
    "defense": 307.5963366,
    "specialized": 0.5
  },
  "39": {
    "level": 39,
    "ascension": 1,
    "hp": 4961.40596,
    "attack": 141.81029999999998,
    "defense": 312.896078,
    "specialized": 0.5
  },
  "40": {
    "level": 40,
    "ascension": 1,
    "hp": 5046.4182710000005,
    "attack": 144.24021,
    "defense": 318.25744430000003,
    "specialized": 0.5
  },
  "41": {
    "level": 41,
    "ascension": 2,
    "hp": 5725.746929,
    "attack": 163.65624,
    "defense": 361.1006857,
    "specialized": 0.596
  },
  "42": {
    "level": 42,
    "ascension": 2,
    "hp": 5810.75924,
    "attack": 166.08615,
    "defense": 366.462052,
    "specialized": 0.596
  },
  "43": {
    "level": 43,
    "ascension": 2,
    "hp": 5895.771551000001,
    "attack": 168.51606,
    "defense": 371.8234183,
    "specialized": 0.596
  },
  "44": {
    "level": 44,
    "ascension": 2,
    "hp": 5979.8067089999995,
    "attack": 170.91803999999996,
    "defense": 377.1231597,
    "specialized": 0.596
  },
  "45": {
    "level": 45,
    "ascension": 2,
    "hp": 6064.819020000001,
    "attack": 173.34795000000003,
    "defense": 382.484526,
    "specialized": 0.596
  },
  "46": {
    "level": 46,
    "ascension": 2,
    "hp": 6149.831331,
    "attack": 175.77785999999998,
    "defense": 387.8458923,
    "specialized": 0.596
  },
  "47": {
    "level": 47,
    "ascension": 2,
    "hp": 6234.843642,
    "attack": 178.20776999999998,
    "defense": 393.20725859999993,
    "specialized": 0.596
  },
  "48": {
    "level": 48,
    "ascension": 2,
    "hp": 6319.855953,
    "attack": 180.63768,
    "defense": 398.5686249,
    "specialized": 0.596
  },
  "49": {
    "level": 49,
    "ascension": 2,
    "hp": 6405.845417,
    "attack": 183.09552000000002,
    "defense": 403.9916161,
    "specialized": 0.596
  },
  "50": {
    "level": 50,
    "ascension": 2,
    "hp": 6490.857728,
    "attack": 185.52543000000003,
    "defense": 409.3529824,
    "specialized": 0.596
  },
  "51": {
    "level": 51,
    "ascension": 3,
    "hp": 7369.594639000001,
    "attack": 210.64074,