{
  "1": {
    "level": 1,
    "ascension": 0,
    "hp": 810.322,
    "attack": 22.344,
    "defense": 50.8555,
    "specialized": 0
  },
  "2": {
    "level": 2,
    "ascension": 0,
    "hp": 877.578726,
    "attack": 24.198552,
    "defense": 55.0765065,
    "specialized": 0
  },
  "3": {
    "level": 3,
    "ascension": 0,
    "hp": 944.8354519999999,
    "attack": 26.053104,
    "defense": 59.297512999999995,
    "specialized": 0
  },
  "4": {
    "level": 4,
    "ascension": 0,
    "hp": 1012.9025,
    "attack": 27.93,
    "defense": 63.569375,
    "specialized": 0
  },
  "5": {
    "level": 5,
    "ascension": 0,
    "hp": 1080.159226,
    "attack": 29.784552,
    "defense": 67.7903815,
    "specialized": 0
  },
  "6": {
    "level": 6,
    "ascension": 0,
    "hp": 1148.226274,
    "attack": 31.661448000000004,
    "defense": 72.0622435,
    "specialized": 0
  },
  "7": {
    "level": 7,
    "ascension": 0,
    "hp": 1215.483,
    "attack": 33.516000000000005,
    "defense": 76.28325,
    "specialized": 0
  },
  "8": {
    "level": 8,
    "ascension": 0,
    "hp": 1283.550048,
    "attack": 35.392896,
    "defense": 80.55511200000001,
    "specialized": 0
  },
  "9": {
    "level": 9,
    "ascension": 0,
    "hp": 1351.617096,
    "attack": 37.269792,
    "defense": 84.82697399999999,
    "specialized": 0
  },
  "10": {
    "level": 10,
    "ascension": 0,
    "hp": 1418.873822,
    "attack": 39.124344,
    "defense": 89.0479805,
    "specialized": 0
  },
  "11": {
    "level": 11,
    "ascension": 0,
    "hp": 1486.94087,
    "attack": 41.00124,
    "defense": 93.3198425,
    "specialized": 0
  },
  "12": {
    "level": 12,
    "ascension": 0,
    "hp": 1555.007918,
    "attack": 42.878136000000005,
    "defense": 97.5917045,
    "specialized": 0
  },
  "13": {
    "level": 13,
    "ascension": 0,
    "hp": 1623.0749660000001,
    "attack": 44.75503200000001,
    "defense": 101.8635665,
    "specialized": 0
  },
  "14": {
    "level": 14,
    "ascension": 0,
    "hp": 1691.952336,
    "attack": 46.654272000000006,
    "defense": 106.186284,
    "specialized": 0
  },
  "15": {
    "level": 15,
    "ascension": 0,
    "hp": 1760.0193840000002,
    "attack": 48.53116800000001,
    "defense": 110.458146,
    "specialized": 0
  },
  "16": {
    "level": 16,
    "ascension": 0,
    "hp": 1828.0864319999998,
    "attack": 50.408063999999996,
    "defense": 114.73000799999998,
    "specialized": 0
  },
  "17": {
    "level": 17,
    "ascension": 0,
    "hp": 1896.9638020000002,
    "attack": 52.30730400000001,
    "defense": 119.05272550000001,
    "specialized": 0
  },
  "18": {
    "level": 18,
    "ascension": 0,
    "hp": 1965.0308499999999,
    "attack": 54.1842,
    "defense": 123.32458749999999,
    "specialized": 0
  },
  "19": {
    "level": 19,
    "ascension": 0,
    "hp": 2033.9082199999998,
    "attack": 56.083439999999996,
    "defense": 127.64730499999999,
    "specialized": 0
  },
  "20": {
    "level": 20,
    "ascension": 0,
    "hp": 2101.9752679999997,
    "attack": 57.960336,
    "defense": 131.919167,
    "specialized": 0
  },
  "21": {
    "level": 21,
    "ascension": 1,
    "hp": 2865.630468,
    "attack": 79.01613599999999,
    "defense": 179.8468845,
    "specialized": 0
  },
  "22": {
    "level": 22,
    "ascension": 1,
    "hp": 2934.507838,
    "attack": 80.915376,
    "defense": 184.16960199999997,
    "specialized": 0
  },
  "23": {
    "level": 23,
    "ascension": 1,
    "hp": 3003.385208,
    "attack": 82.814616,
    "defense": 188.4923195,
    "specialized": 0
  },
  "24": {
    "level": 24,
    "ascension": 1,
    "hp": 3072.2625780000003,
    "attack": 84.713856,
    "defense": 192.815037,
    "specialized": 0
  },
  "25": {
    "level": 25,
    "ascension": 1,
    "hp": 3141.139948,
    "attack": 86.613096,
    "defense": 197.1377545,
    "specialized": 0
  },
  "26": {
    "level": 26,
    "ascension": 1,
    "hp": 3210.82764,
    "attack": 88.53468000000001,
    "defense": 201.5113275,
    "specialized": 0
  },
  "27": {
    "level": 27,
    "ascension": 1,
    "hp": 3279.70501,
    "attack": 90.43392,
    "defense": 205.83404499999997,
    "specialized": 0
  },
  "28": {
    "level": 28,
    "ascension": 1,
    "hp": 3348.58238,
    "attack": 92.33316,
    "defense": 210.15676249999999,
    "specialized": 0
  },
  "29": {
    "level": 29,
    "ascension": 1,
    "hp": 3418.2700720000003,
    "attack": 94.254744,
    "defense": 214.5303355,
    "specialized": 0
  },
  "30": {
    "level": 30,
    "ascension": 1,
    "hp": 3487.147442,
    "attack": 96.15398400000001,
    "defense": 218.853053,
    "specialized": 0
  },
  "31": {
    "level": 31,
    "ascension": 1,
    "hp": 3556.835134,
    "attack": 98.075568,
    "defense": 223.22662599999998,
    "specialized": 0
  },
  "32": {
    "level": 32,
    "ascension": 1,
    "hp": 3626.522826,
    "attack": 99.997152,
    "defense": 227.60019899999998,
    "specialized": 0
  },
  "33": {
    "level": 33,
    "ascension": 1,
    "hp": 3696.2105180000003,
    "attack": 101.91873600000001,
    "defense": 231.973772,
    "specialized": 0
  },
  "34": {
    "level": 34,
    "ascension": 1,
    "hp": 3765.087888,
    "attack": 103.817976,
    "defense": 236.2964895,
    "specialized": 0
  },
  "35": {
    "level": 35,
    "ascension": 1,
    "hp": 3834.77558,
    "attack": 105.73956,
    "defense": 240.6700625,
    "specialized": 0
  },
  "36": {
    "level": 36,
    "ascension": 1,
    "hp": 3905.2735940000002,
    "attack": 107.68348800000001,
    "defense": 245.094491,
    "specialized": 0
  },
  "37": {
    "level": 37,
    "ascension": 1,
    "hp": 3974.961286,
    "attack": 109.605072,
    "defense": 249.468064,
    "specialized": 0
  },
  "38": {
    "level": 38,
    "ascension": 1,
    "hp": 4044.648978,
    "attack": 111.52665600000002,
    "defense": 253.841637,
    "specialized": 0
  },
  "39": {
    "level": 39,
    "ascension": 1,
    "hp": 4114.33667,
    "attack": 113.44824,
    "defense": 258.21521,
    "specialized": 0
  },
  "40": {
    "level": 40,
    "ascension": 1,
    "hp": 4184.834684,
    "attack": 115.39216800000001,
    "defense": 262.63963850000005,
    "specialized": 0
  },
  "41": {
    "level": 41,
    "ascension": 2,
    "hp": 4748.180346,
    "attack": 130.924992,
    "defense": 297.99571149999997,
    "specialized": 0.08
  },
  "42": {
    "level": 42,
    "ascension": 2,
    "hp": 4818.67836,
    "attack": 132.86892,
    "defense": 302.42014000000006,
    "specialized": 0.08
  },
  "43": {
    "level": 43,
    "ascension": 2,
    "hp": 4889.176374,
    "attack": 134.812848,
    "defense": 306.84456850000004,
    "specialized": 0.08
  },
  "44": {
    "level": 44,
    "ascension": 2,
    "hp": 4958.864066,
    "attack": 136.734432,
    "defense": 311.2181415,
    "specialized": 0.08
  },
  "45": {
    "level": 45,
    "ascension": 2,
    "hp": 5029.36208,
    "attack": 138.67836,
    "defense": 315.64257,
    "specialized": 0.08
  },
  "46": {
    "level": 46,
    "ascension": 2,
    "hp": 5099.860094,
    "attack": 140.622288,
    "defense": 320.0669985,
    "specialized": 0.08
  },
  "47": {
    "level": 47,
    "ascension": 2,
    "hp": 5170.358107999999,
    "attack": 142.566216,
    "defense": 324.491427,
    "specialized": 0.08
  },
  "48": {
    "level": 48,
    "ascension": 2,
    "hp": 5240.856122,
    "attack": 144.51014400000003,
    "defense": 328.9158555,
    "specialized": 0.08
  },
  "49": {
    "level": 49,
    "ascension": 2,
    "hp": 5312.164458,
    "attack": 146.47641600000003,
    "defense": 333.3911395,
    "specialized": 0.08
  },
  "50": {
    "level": 50,
    "ascension": 2,
    "hp": 5382.662472,
    "attack": 148.420344,
    "defense": 337.815568,
    "specialized": 0.08
  },
  "51": {
    "level": 51,
    "ascension": 3,
    "hp": 6111.371085999999,
    "attack": 168.512592,
    "defense": 383.54999649999996,
    "specialized": 0.16
  },
  "52": {
    "level": 52,
    "ascension": 3,