{
  "1": {
    "level": 1,
    "ascension": 0,
    "hp": 1182.1168,
    "attack": 14.1512,
    "defense": 44.39386,
    "specialized": 0.05
  },
  "2": {
    "level": 2,
    "ascension": 0,
    "hp": 1280.2324944,
    "attack": 15.325749599999998,
    "defense": 48.078550379999996,
    "specialized": 0.05
  },
  "3": {
    "level": 3,
    "ascension": 0,
    "hp": 1378.3481888,
    "attack": 16.500299199999997,
    "defense": 51.763240759999995,
    "specialized": 0.05
  },
  "4": {
    "level": 4,
    "ascension": 0,
    "hp": 1477.646,
    "attack": 17.689,
    "defense": 55.492324999999994,
    "specialized": 0.05
  },
  "5": {
    "level": 5,
    "ascension": 0,
    "hp": 1575.7616944,
    "attack": 18.8635496,
    "defense": 59.17701537999999,
    "specialized": 0.05
  },
  "6": {
    "level": 6,
    "ascension": 0,
    "hp": 1675.0595056,
    "attack": 20.0522504,
    "defense": 62.90609962,
    "specialized": 0.05
  },
  "7": {
    "level": 7,
    "ascension": 0,
    "hp": 1773.1752000000001,
    "attack": 21.226799999999997,
    "defense": 66.59079,
    "specialized": 0.05
  },
  "8": {
    "level": 8,
    "ascension": 0,
    "hp": 1872.4730112000002,
    "attack": 22.4155008,
    "defense": 70.31987424,
    "specialized": 0.05
  },
  "9": {
    "level": 9,
    "ascension": 0,
    "hp": 1971.7708224,
    "attack": 23.604201599999996,
    "defense": 74.04895848,
    "specialized": 0.05
  },
  "10": {
    "level": 10,
    "ascension": 0,
    "hp": 2069.8865167999998,
    "attack": 24.7787512,
    "defense": 77.73364885999999,
    "specialized": 0.05
  },
  "11": {
    "level": 11,
    "ascension": 0,
    "hp": 2169.184328,
    "attack": 25.967451999999998,
    "defense": 81.4627331,
    "specialized": 0.05
  },
  "12": {
    "level": 12,
    "ascension": 0,
    "hp": 2268.4821392,
    "attack": 27.1561528,
    "defense": 85.19181734,
    "specialized": 0.05
  },
  "13": {
    "level": 13,
    "ascension": 0,
    "hp": 2367.7799504,
    "attack": 28.3448536,
    "defense": 88.92090157999999,
    "specialized": 0.05
  },
  "14": {
    "level": 14,
    "ascension": 0,
    "hp": 2468.2598784,
    "attack": 29.5477056,
    "defense": 92.69437968,
    "specialized": 0.05
  },
  "15": {
    "level": 15,
    "ascension": 0,
    "hp": 2567.5576896000002,
    "attack": 30.7364064,
    "defense": 96.42346392,
    "specialized": 0.05
  },
  "16": {
    "level": 16,
    "ascension": 0,
    "hp": 2666.8555008,
    "attack": 31.925107199999996,
    "defense": 100.15254815999998,
    "specialized": 0.05
  },
  "17": {
    "level": 17,
    "ascension": 0,
    "hp": 2767.3354288,
    "attack": 33.1279592,
    "defense": 103.92602626,
    "specialized": 0.05
  },
  "18": {
    "level": 18,
    "ascension": 0,
    "hp": 2866.6332399999997,
    "attack": 34.31666,
    "defense": 107.65511049999998,
    "specialized": 0.05
  },
  "19": {
    "level": 19,
    "ascension": 0,
    "hp": 2967.113168,
    "attack": 35.519512,
    "defense": 111.42858859999998,
    "specialized": 0.05
  },
  "20": {
    "level": 20,
    "ascension": 0,
    "hp": 3066.4109792,
    "attack": 36.7082128,
    "defense": 115.15767283999999,
    "specialized": 0.05
  },
  "21": {
    "level": 21,
    "ascension": 1,
    "hp": 4180.449207199999,
    "attack": 50.0435528,
    "defense": 156.99575094,
    "specialized": 0.05
  },
  "22": {
    "level": 22,
    "ascension": 1,
    "hp": 4280.9291352,
    "attack": 51.2464048,
    "defense": 160.76922903999997,
    "specialized": 0.05
  },
  "23": {
    "level": 23,
    "ascension": 1,
    "hp": 4381.4090632,
    "attack": 52.4492568,
    "defense": 164.54270714,
    "specialized": 0.05
  },
  "24": {
    "level": 24,
    "ascension": 1,
    "hp": 4481.8889912,
    "attack": 53.6521088,
    "defense": 168.31618523999998,
    "specialized": 0.05
  },
  "25": {
    "level": 25,
    "ascension": 1,
    "hp": 4582.3689192,
    "attack": 54.8549608,
    "defense": 172.08966334000002,
    "specialized": 0.05
  },
  "26": {
    "level": 26,
    "ascension": 1,
    "hp": 4684.030964,
    "attack": 56.071964,
    "defense": 175.9075353,
    "specialized": 0.05
  },
  "27": {
    "level": 27,
    "ascension": 1,
    "hp": 4784.510892,
    "attack": 57.274816,
    "defense": 179.68101339999998,
    "specialized": 0.05
  },
  "28": {
    "level": 28,
    "ascension": 1,
    "hp": 4884.99082,
    "attack": 58.477668,
    "defense": 183.45449149999996,
    "specialized": 0.05
  },
  "29": {
    "level": 29,
    "ascension": 1,
    "hp": 4986.6528648,
    "attack": 59.6946712,
    "defense": 187.27236346,
    "specialized": 0.05
  },
  "30": {
    "level": 30,
    "ascension": 1,
    "hp": 5087.1327928,
    "attack": 60.8975232,
    "defense": 191.04584155999999,
    "specialized": 0.05
  },
  "31": {
    "level": 31,
    "ascension": 1,
    "hp": 5188.7948375999995,
    "attack": 62.1145264,
    "defense": 194.86371351999998,
    "specialized": 0.05
  },
  "32": {
    "level": 32,
    "ascension": 1,
    "hp": 5290.4568824,
    "attack": 63.331529599999996,
    "defense": 198.68158547999997,
    "specialized": 0.05
  },
  "33": {
    "level": 33,
    "ascension": 1,
    "hp": 5392.1189272,
    "attack": 64.5485328,
    "defense": 202.49945744000001,
    "specialized": 0.05
  },
  "34": {
    "level": 34,
    "ascension": 1,
    "hp": 5492.5988552,
    "attack": 65.7513848,
    "defense": 206.27293554,
    "specialized": 0.05
  },
  "35": {
    "level": 35,
    "ascension": 1,
    "hp": 5594.260899999999,
    "attack": 66.96838799999999,
    "defense": 210.09080749999998,
    "specialized": 0.05
  },
  "36": {
    "level": 36,
    "ascension": 1,
    "hp": 5697.1050616,
    "attack": 68.1995424,
    "defense": 213.95307332,
    "specialized": 0.05
  },
  "37": {
    "level": 37,
    "ascension": 1,
    "hp": 5798.7671064,
    "attack": 69.41654559999999,
    "defense": 217.77094527999998,
    "specialized": 0.05
  },
  "38": {
    "level": 38,
    "ascension": 1,
    "hp": 5900.4291512,
    "attack": 70.6335488,
    "defense": 221.58881724000003,
    "specialized": 0.05
  },
  "39": {
    "level": 39,
    "ascension": 1,
    "hp": 6002.091195999999,
    "attack": 71.850552,
    "defense": 225.40668919999996,
    "specialized": 0.05
  },
  "40": {
    "level": 40,
    "ascension": 1,
    "hp": 6104.9353576,
    "attack": 73.0817064,
    "defense": 229.26895502000002,
    "specialized": 0.05
  },
  "41": {
    "level": 41,
    "ascension": 2,
    "hp": 6926.7572024,
    "attack": 82.9191616,
    "defense": 260.13272698,
    "specialized": 0.098
  },
  "42": {
    "level": 42,
    "ascension": 2,
    "hp": 7029.601364000001,
    "attack": 84.150316,
    "defense": 263.9949928,
    "specialized": 0.098
  },
  "43": {
    "level": 43,
    "ascension": 2,
    "hp": 7132.4455256,
    "attack": 85.3814704,
    "defense": 267.85725862,
    "specialized": 0.098
  },
  "44": {
    "level": 44,
    "ascension": 2,
    "hp": 7234.1075703999995,
    "attack": 86.59847359999999,
    "defense": 271.67513058,
    "specialized": 0.098
  },
  "45": {
    "level": 45,
    "ascension": 2,
    "hp": 7336.951732,
    "attack": 87.829628,
    "defense": 275.53739640000003,
    "specialized": 0.098
  },
  "46": {
    "level": 46,
    "ascension": 2,
    "hp": 7439.7958936,
    "attack": 89.0607824,
    "defense": 279.39966222,
    "specialized": 0.098
  },
  "47": {
    "level": 47,
    "ascension": 2,
    "hp": 7542.6400552,
    "attack": 90.29193679999999,
    "defense": 283.26192803999993,
    "specialized": 0.098
  },
  "48": {
    "level": 48,
    "ascension": 2,
    "hp": 7645.4842168000005,
    "attack": 91.5230912,
    "defense": 287.12419386,
    "specialized": 0.098
  },
  "49": {
    "level": 49,
    "ascension": 2,
    "hp": 7749.5104952,
    "attack": 92.76839679999999,
    "defense": 291.03085354,
    "specialized": 0.098
  },
  "50": {
    "level": 50,
    "ascension": 2,
    "hp": 7852.3546568,
    "attack": 93.9995512,
    "defense": 294.89311936,