{
  "1": {
    "level": 1,
    "ascension": 0,
    "hp": 984.77954,
    "attack": 27.3714,
    "defense": 61.74456,
    "specialized": 0.5
  },
  "2": {
    "level": 2,
    "ascension": 0,
    "hp": 1066.51624182,
    "attack": 29.6432262,
    "defense": 66.86935848,
    "specialized": 0.5
  },
  "3": {
    "level": 3,
    "ascension": 0,
    "hp": 1148.25294364,
    "attack": 31.9150524,
    "defense": 71.99415696,
    "specialized": 0.5
  },
  "4": {
    "level": 4,
    "ascension": 0,
    "hp": 1230.9744249999999,
    "attack": 34.21425,
    "defense": 77.1807,
    "specialized": 0.5
  },
  "5": {
    "level": 5,
    "ascension": 0,
    "hp": 1312.71112682,
    "attack": 36.4860762,
    "defense": 82.30549848,
    "specialized": 0.5
  },
  "6": {
    "level": 6,
    "ascension": 0,
    "hp": 1395.43260818,
    "attack": 38.785273800000006,
    "defense": 87.49204152,
    "specialized": 0.5
  },
  "7": {
    "level": 7,
    "ascension": 0,
    "hp": 1477.16931,
    "attack": 41.057100000000005,
    "defense": 92.61684,
    "specialized": 0.5
  },
  "8": {
    "level": 8,
    "ascension": 0,
    "hp": 1559.89079136,
    "attack": 43.356297600000005,
    "defense": 97.80338304,
    "specialized": 0.5
  },
  "9": {
    "level": 9,
    "ascension": 0,
    "hp": 1642.61227272,
    "attack": 45.6554952,
    "defense": 102.98992607999999,
    "specialized": 0.5
  },
  "10": {
    "level": 10,
    "ascension": 0,
    "hp": 1724.34897454,
    "attack": 47.9273214,
    "defense": 108.11472456,
    "specialized": 0.5
  },
  "11": {
    "level": 11,
    "ascension": 0,
    "hp": 1807.0704559,
    "attack": 50.226519,
    "defense": 113.3012676,
    "specialized": 0.5
  },
  "12": {
    "level": 12,
    "ascension": 0,
    "hp": 1889.79193726,
    "attack": 52.5257166,
    "defense": 118.48781064,
    "specialized": 0.5
  },
  "13": {
    "level": 13,
    "ascension": 0,
    "hp": 1972.51341862,
    "attack": 54.82491420000001,
    "defense": 123.67435368000001,
    "specialized": 0.5
  },
  "14": {
    "level": 14,
    "ascension": 0,
    "hp": 2056.21967952,
    "attack": 57.15148320000001,
    "defense": 128.92264128,
    "specialized": 0.5
  },
  "15": {
    "level": 15,
    "ascension": 0,
    "hp": 2138.94116088,
    "attack": 59.45068080000001,
    "defense": 134.10918432,
    "specialized": 0.5
  },
  "16": {
    "level": 16,
    "ascension": 0,
    "hp": 2221.66264224,
    "attack": 61.7498784,
    "defense": 139.29572735999997,
    "specialized": 0.5
  },
  "17": {
    "level": 17,
    "ascension": 0,
    "hp": 2305.3689031400004,
    "attack": 64.0764474,
    "defense": 144.54401496,
    "specialized": 0.5
  },
  "18": {
    "level": 18,
    "ascension": 0,
    "hp": 2388.0903845,
    "attack": 66.37564499999999,
    "defense": 149.730558,
    "specialized": 0.5
  },
  "19": {
    "level": 19,
    "ascension": 0,
    "hp": 2471.7966453999998,
    "attack": 68.702214,
    "defense": 154.9788456,
    "specialized": 0.5
  },
  "20": {
    "level": 20,
    "ascension": 0,
    "hp": 2554.5181267599996,
    "attack": 71.0014116,
    "defense": 160.16538864,
    "specialized": 0.5
  },
  "21": {
    "level": 21,
    "ascension": 1,
    "hp": 3482.5838276599998,
    "attack": 96.7947656,
    "defense": 218.35527624,
    "specialized": 0.5
  },
  "22": {
    "level": 22,
    "ascension": 1,
    "hp": 3566.29008856,
    "attack": 99.1213346,
    "defense": 223.60356384,
    "specialized": 0.5
  },
  "23": {
    "level": 23,
    "ascension": 1,
    "hp": 3649.9963494599997,
    "attack": 101.4479036,
    "defense": 228.85185144000002,
    "specialized": 0.5
  },
  "24": {
    "level": 24,
    "ascension": 1,
    "hp": 3733.70261036,
    "attack": 103.77447260000001,
    "defense": 234.10013904000002,
    "specialized": 0.5
  },
  "25": {
    "level": 25,
    "ascension": 1,
    "hp": 3817.4088712599996,
    "attack": 106.1010416,
    "defense": 239.34842664,
    "specialized": 0.5
  },
  "26": {
    "level": 26,
    "ascension": 1,
    "hp": 3902.0999117,
    "attack": 108.454982,
    "defense": 244.6584588,
    "specialized": 0.5
  },
  "27": {
    "level": 27,
    "ascension": 1,
    "hp": 3985.8061725999996,
    "attack": 110.78155100000001,
    "defense": 249.9067464,
    "specialized": 0.5
  },
  "28": {
    "level": 28,
    "ascension": 1,
    "hp": 4069.5124335,
    "attack": 113.10812,
    "defense": 255.155034,
    "specialized": 0.5
  },
  "29": {
    "level": 29,
    "ascension": 1,
    "hp": 4154.203473940001,
    "attack": 115.46206040000001,
    "defense": 260.46506616000005,
    "specialized": 0.5
  },
  "30": {
    "level": 30,
    "ascension": 1,
    "hp": 4237.90973484,
    "attack": 117.7886294,
    "defense": 265.71335376,
    "specialized": 0.5
  },
  "31": {
    "level": 31,
    "ascension": 1,
    "hp": 4322.60077528,
    "attack": 120.1425698,
    "defense": 271.02338592,
    "specialized": 0.5
  },
  "32": {
    "level": 32,
    "ascension": 1,
    "hp": 4407.29181572,
    "attack": 122.4965102,
    "defense": 276.33341808,
    "specialized": 0.5
  },
  "33": {
    "level": 33,
    "ascension": 1,
    "hp": 4491.98285616,
    "attack": 124.85045060000002,
    "defense": 281.64345024,
    "specialized": 0.5
  },
  "34": {
    "level": 34,
    "ascension": 1,
    "hp": 4575.68911706,
    "attack": 127.17701960000001,
    "defense": 286.89173784,
    "specialized": 0.5
  },
  "35": {
    "level": 35,
    "ascension": 1,
    "hp": 4660.3801575,
    "attack": 129.53096,
    "defense": 292.20177,
    "specialized": 0.5
  },
  "36": {
    "level": 36,
    "ascension": 1,
    "hp": 4746.05597748,
    "attack": 131.9122718,
    "defense": 297.57354672,
    "specialized": 0.5
  },
  "37": {
    "level": 37,
    "ascension": 1,
    "hp": 4830.74701792,
    "attack": 134.2662122,
    "defense": 302.88357888,
    "specialized": 0.5
  },
  "38": {
    "level": 38,
    "ascension": 1,
    "hp": 4915.4380583600005,
    "attack": 136.6201526,
    "defense": 308.19361104,
    "specialized": 0.5
  },
  "39": {
    "level": 39,
    "ascension": 1,
    "hp": 5000.1290988,
    "attack": 138.97409299999998,
    "defense": 313.5036432,
    "specialized": 0.5
  },
  "40": {
    "level": 40,
    "ascension": 1,
    "hp": 5085.804918780001,
    "attack": 141.35540480000003,
    "defense": 318.87541992,
    "specialized": 0.5
  },
  "41": {
    "level": 41,
    "ascension": 2,
    "hp": 5770.43561922,
    "attack": 160.3831162,
    "defense": 361.80185208,
    "specialized": 0.596
  },
  "42": {
    "level": 42,
    "ascension": 2,
    "hp": 5856.111439200001,
    "attack": 162.764428,
    "defense": 367.1736288,
    "specialized": 0.596
  },
  "43": {
    "level": 43,
    "ascension": 2,
    "hp": 5941.787259180001,
    "attack": 165.1457398,
    "defense": 372.54540552,
    "specialized": 0.596
  },
  "44": {
    "level": 44,
    "ascension": 2,
    "hp": 6026.47829962,
    "attack": 167.4996802,
    "defense": 377.85543767999997,
    "specialized": 0.596
  },
  "45": {
    "level": 45,
    "ascension": 2,
    "hp": 6112.154119600001,
    "attack": 169.88099200000002,
    "defense": 383.2272144,
    "specialized": 0.596
  },
  "46": {
    "level": 46,
    "ascension": 2,
    "hp": 6197.82993958,
    "attack": 172.2623038,
    "defense": 388.59899112,
    "specialized": 0.596
  },
  "47": {
    "level": 47,
    "ascension": 2,
    "hp": 6283.50575956,
    "attack": 174.6436156,
    "defense": 393.97076783999995,
    "specialized": 0.596
  },
  "48": {
    "level": 48,
    "ascension": 2,
    "hp": 6369.181579540001,
    "attack": 177.02492740000002,
    "defense": 399.34254456,
    "specialized": 0.596
  },
  "49": {
    "level": 49,
    "ascension": 2,
    "hp": 6455.8421790600005,
    "attack": 179.4336106,
    "defense": 404.77606584,
    "specialized": 0.596
  },
  "50": {
    "level": 50,
    "ascension": 2,
    "hp": 6541.51799904,
    "attack": 181.81492240000003,
    "defense": 410.14784256,
    "specialized": 0.596
  },
  "51": {
    "level": 51,