{
  "1": {
    "level": 1,
    "ascension": 0,
    "hp": 988.9742,
    "attack": 26.8128,
    "defense": 62.2232,
    "specialized": 0.5
  },
  "2": {
    "level": 2,
    "ascension": 0,
    "hp": 1071.0590586,
    "attack": 29.0382624,
    "defense": 67.3877256,
    "specialized": 0.5
  },
  "3": {
    "level": 3,
    "ascension": 0,
    "hp": 1153.1439172,
    "attack": 31.2637248,
    "defense": 72.5522512,
    "specialized": 0.5
  },
  "4": {
    "level": 4,
    "ascension": 0,
    "hp": 1236.21775,
    "attack": 33.516,
    "defense": 77.779,
    "specialized": 0.5
  },
  "5": {
    "level": 5,
    "ascension": 0,
    "hp": 1318.3026086,
    "attack": 35.7414624,
    "defense": 82.9435256,
    "specialized": 0.5
  },
  "6": {
    "level": 6,
    "ascension": 0,
    "hp": 1401.3764414,
    "attack": 37.9937376,
    "defense": 88.1702744,
    "specialized": 0.5
  },
  "7": {
    "level": 7,
    "ascension": 0,
    "hp": 1483.4613,
    "attack": 40.2192,
    "defense": 93.3348,
    "specialized": 0.5
  },
  "8": {
    "level": 8,
    "ascension": 0,
    "hp": 1566.5351328,
    "attack": 42.4714752,
    "defense": 98.5615488,
    "specialized": 0.5
  },
  "9": {
    "level": 9,
    "ascension": 0,
    "hp": 1649.6089656,
    "attack": 44.7237504,
    "defense": 103.7882976,
    "specialized": 0.5
  },
  "10": {
    "level": 10,
    "ascension": 0,
    "hp": 1731.6938242,
    "attack": 46.9492128,
    "defense": 108.9528232,
    "specialized": 0.5
  },
  "11": {
    "level": 11,
    "ascension": 0,
    "hp": 1814.767657,
    "attack": 49.201488,
    "defense": 114.179572,
    "specialized": 0.5
  },
  "12": {
    "level": 12,
    "ascension": 0,
    "hp": 1897.8414898,
    "attack": 51.4537632,
    "defense": 119.4063208,
    "specialized": 0.5
  },
  "13": {
    "level": 13,
    "ascension": 0,
    "hp": 1980.9153226,
    "attack": 53.7060384,
    "defense": 124.6330696,
    "specialized": 0.5
  },
  "14": {
    "level": 14,
    "ascension": 0,
    "hp": 2064.9781296,
    "attack": 55.9851264,
    "defense": 129.9220416,
    "specialized": 0.5
  },
  "15": {
    "level": 15,
    "ascension": 0,
    "hp": 2148.0519624,
    "attack": 58.2374016,
    "defense": 135.1487904,
    "specialized": 0.5
  },
  "16": {
    "level": 16,
    "ascension": 0,
    "hp": 2231.1257952,
    "attack": 60.4896768,
    "defense": 140.3755392,
    "specialized": 0.5
  },
  "17": {
    "level": 17,
    "ascension": 0,
    "hp": 2315.1886022,
    "attack": 62.7687648,
    "defense": 145.6645112,
    "specialized": 0.5
  },
  "18": {
    "level": 18,
    "ascension": 0,
    "hp": 2398.262435,
    "attack": 65.02104,
    "defense": 150.89126,
    "specialized": 0.5
  },
  "19": {
    "level": 19,
    "ascension": 0,
    "hp": 2482.325242,
    "attack": 67.300128,
    "defense": 156.180232,
    "specialized": 0.5
  },
  "20": {
    "level": 20,
    "ascension": 0,
    "hp": 2565.3990748,
    "attack": 69.5524032,
    "defense": 161.4069808,
    "specialized": 0.5
  },
  "21": {
    "level": 21,
    "ascension": 1,
    "hp": 3497.4178118,
    "attack": 94.8193622,
    "defense": 220.0479528,
    "specialized": 0.5
  },
  "22": {
    "level": 22,
    "ascension": 1,
    "hp": 3581.4806188,
    "attack": 97.0984502,
    "defense": 225.3369248,
    "specialized": 0.5
  },
  "23": {
    "level": 23,
    "ascension": 1,
    "hp": 3665.5434258,
    "attack": 99.3775382,
    "defense": 230.6258968,
    "specialized": 0.5
  },
  "24": {
    "level": 24,
    "ascension": 1,
    "hp": 3749.6062328,
    "attack": 101.6566262,
    "defense": 235.9148688,
    "specialized": 0.5
  },
  "25": {
    "level": 25,
    "ascension": 1,
    "hp": 3833.6690398,
    "attack": 103.9357142,
    "defense": 241.2038408,
    "specialized": 0.5
  },
  "26": {
    "level": 26,
    "ascension": 1,
    "hp": 3918.720821,
    "attack": 106.241615,
    "defense": 246.555036,
    "specialized": 0.5
  },
  "27": {
    "level": 27,
    "ascension": 1,
    "hp": 4002.783628,
    "attack": 108.520703,
    "defense": 251.844008,
    "specialized": 0.5
  },
  "28": {
    "level": 28,
    "ascension": 1,
    "hp": 4086.846435,
    "attack": 110.799791,
    "defense": 257.13298,
    "specialized": 0.5
  },
  "29": {
    "level": 29,
    "ascension": 1,
    "hp": 4171.8982162,
    "attack": 113.1056918,
    "defense": 262.4841752,
    "specialized": 0.5
  },
  "30": {
    "level": 30,
    "ascension": 1,
    "hp": 4255.9610232,
    "attack": 115.3847798,
    "defense": 267.7731472,
    "specialized": 0.5
  },
  "31": {
    "level": 31,
    "ascension": 1,
    "hp": 4341.0128044,
    "attack": 117.6906806,
    "defense": 273.1243424,
    "specialized": 0.5
  },
  "32": {
    "level": 32,
    "ascension": 1,
    "hp": 4426.0645856,
    "attack": 119.9965814,
    "defense": 278.4755376,
    "specialized": 0.5
  },
  "33": {
    "level": 33,
    "ascension": 1,
    "hp": 4511.1163668,
    "attack": 122.3024822,
    "defense": 283.8267328,
    "specialized": 0.5
  },
  "34": {
    "level": 34,
    "ascension": 1,
    "hp": 4595.1791738,
    "attack": 124.5815702,
    "defense": 289.1157048,
    "specialized": 0.5
  },
  "35": {
    "level": 35,
    "ascension": 1,
    "hp": 4680.230955,
    "attack": 126.887471,
    "defense": 294.4669,
    "specialized": 0.5
  },
  "36": {
    "level": 36,
    "ascension": 1,
    "hp": 4766.2717104,
    "attack": 129.2201846,
    "defense": 299.8803184,
    "specialized": 0.5
  },
  "37": {
    "level": 37,
    "ascension": 1,
    "hp": 4851.3234916,
    "attack": 131.5260854,
    "defense": 305.2315136,
    "specialized": 0.5
  },
  "38": {
    "level": 38,
    "ascension": 1,
    "hp": 4936.3752728,
    "attack": 133.8319862,
    "defense": 310.5827088,
    "specialized": 0.5
  },
  "39": {
    "level": 39,
    "ascension": 1,
    "hp": 5021.427054,
    "attack": 136.137887,
    "defense": 315.933904,
    "specialized": 0.5
  },
  "40": {
    "level": 40,
    "ascension": 1,
    "hp": 5107.4678094,
    "attack": 138.4706006,
    "defense": 321.3473224,
    "specialized": 0.5
  },
  "41": {
    "level": 41,
    "ascension": 2,
    "hp": 5795.0145606,
    "attack": 157.1099904,
    "defense": 364.6065176,
    "specialized": 0.596
  },
  "42": {
    "level": 42,
    "ascension": 2,
    "hp": 5881.055316,
    "attack": 159.442704,
    "defense": 370.019936,
    "specialized": 0.596
  },
  "43": {
    "level": 43,
    "ascension": 2,
    "hp": 5967.0960714,
    "attack": 161.7754176,
    "defense": 375.4333544,
    "specialized": 0.596
  },
  "44": {
    "level": 44,
    "ascension": 2,
    "hp": 6052.1478526,
    "attack": 164.0813184,
    "defense": 380.7845496,
    "specialized": 0.596
  },
  "45": {
    "level": 45,
    "ascension": 2,
    "hp": 6138.188608,
    "attack": 166.414032,
    "defense": 386.197968,
    "specialized": 0.596
  },
  "46": {
    "level": 46,
    "ascension": 2,
    "hp": 6224.2293634,
    "attack": 168.7467456,
    "defense": 391.6113864,
    "specialized": 0.596
  },
  "47": {
    "level": 47,
    "ascension": 2,
    "hp": 6310.2701188,
    "attack": 171.0794592,
    "defense": 397.0248048,
    "specialized": 0.596
  },
  "48": {
    "level": 48,
    "ascension": 2,
    "hp": 6396.3108742,
    "attack": 173.4121728,
    "defense": 402.4382232,
    "specialized": 0.596
  },
  "49": {
    "level": 49,
    "ascension": 2,
    "hp": 6483.3406038,
    "attack": 175.7716992,
    "defense": 407.9138648,
    "specialized": 0.596
  },
  "50": {
    "level": 50,
    "ascension": 2,
    "hp": 6569.3813592,
    "attack": 178.1044128,
    "defense": 413.3272832,
    "specialized": 0.596
  },
  "51": {
    "level": 51,
    "ascension": 3,
    "hp": 7458.7488146,
    "attack": 202.2151084,
    "defense": 469.2847016,
    "specialized": 0.692
  },
  "52": {
    "level": 52,
    "ascension": 3,
    "hp": 7545.7785442,
    "attack": 204.5746348,
    "defense": 474.7603432,
    "specialized": 0.692
  },
  "53": {
    "level": 53,
    "ascension": 3,
    "hp": 7631.8192996,