{
  "1": {
    "level": 1,
    "ascension": 0,
    "hp": 1143.984,
    "attack": 16.21802,
    "defense": 44.8725,
    "specialized": 0.5
  },
  "2": {
    "level": 2,
    "ascension": 0,
    "hp": 1238.9346719999999,
    "attack": 17.56411566,
    "defense": 48.5969175,
    "specialized": 0.5
  },
  "3": {
    "level": 3,
    "ascension": 0,
    "hp": 1333.8853439999998,
    "attack": 18.91021132,
    "defense": 52.321335,
    "specialized": 0.5
  },
  "4": {
    "level": 4,
    "ascension": 0,
    "hp": 1429.98,
    "attack": 20.272524999999998,
    "defense": 56.090625,
    "specialized": 0.5
  },
  "5": {
    "level": 5,
    "ascension": 0,
    "hp": 1524.930672,
    "attack": 21.618620659999998,
    "defense": 59.815042500000004,
    "specialized": 0.5
  },
  "6": {
    "level": 6,
    "ascension": 0,
    "hp": 1621.025328,
    "attack": 22.98093434,
    "defense": 63.5843325,
    "specialized": 0.5
  },
  "7": {
    "level": 7,
    "ascension": 0,
    "hp": 1715.9759999999999,
    "attack": 24.32703,
    "defense": 67.30875,
    "specialized": 0.5
  },
  "8": {
    "level": 8,
    "ascension": 0,
    "hp": 1812.0706559999999,
    "attack": 25.68934368,
    "defense": 71.07804,
    "specialized": 0.5
  },
  "9": {
    "level": 9,
    "ascension": 0,
    "hp": 1908.1653119999999,
    "attack": 27.051657359999997,
    "defense": 74.84733,
    "specialized": 0.5
  },
  "10": {
    "level": 10,
    "ascension": 0,
    "hp": 2003.1159839999998,
    "attack": 28.397753019999996,
    "defense": 78.5717475,
    "specialized": 0.5
  },
  "11": {
    "level": 11,
    "ascension": 0,
    "hp": 2099.21064,
    "attack": 29.7600667,
    "defense": 82.3410375,
    "specialized": 0.5
  },
  "12": {
    "level": 12,
    "ascension": 0,
    "hp": 2195.305296,
    "attack": 31.12238038,
    "defense": 86.11032750000001,
    "specialized": 0.5
  },
  "13": {
    "level": 13,
    "ascension": 0,
    "hp": 2291.3999519999998,
    "attack": 32.48469406,
    "defense": 89.87961750000001,
    "specialized": 0.5
  },
  "14": {
    "level": 14,
    "ascension": 0,
    "hp": 2388.638592,
    "attack": 33.86322576,
    "defense": 93.69378,
    "specialized": 0.5
  },
  "15": {
    "level": 15,
    "ascension": 0,
    "hp": 2484.733248,
    "attack": 35.22553944,
    "defense": 97.46307000000002,
    "specialized": 0.5
  },
  "16": {
    "level": 16,
    "ascension": 0,
    "hp": 2580.8279039999998,
    "attack": 36.58785311999999,
    "defense": 101.23236,
    "specialized": 0.5
  },
  "17": {
    "level": 17,
    "ascension": 0,
    "hp": 2678.0665440000002,
    "attack": 37.96638482,
    "defense": 105.04652250000001,
    "specialized": 0.5
  },
  "18": {
    "level": 18,
    "ascension": 0,
    "hp": 2774.1611999999996,
    "attack": 39.328698499999994,
    "defense": 108.81581249999999,
    "specialized": 0.5
  },
  "19": {
    "level": 19,
    "ascension": 0,
    "hp": 2871.3998399999996,
    "attack": 40.7072302,
    "defense": 112.629975,
    "specialized": 0.5
  },
  "20": {
    "level": 20,
    "ascension": 0,
    "hp": 2967.494496,
    "attack": 42.06954388,
    "defense": 116.399265,
    "specialized": 0.5
  },
  "21": {
    "level": 21,
    "ascension": 1,
    "hp": 4045.5959859999994,
    "attack": 57.35254558,
    "defense": 158.6884275,
    "specialized": 0.5
  },
  "22": {
    "level": 22,
    "ascension": 1,
    "hp": 4142.834626,
    "attack": 58.731077279999994,
    "defense": 162.50259,
    "specialized": 0.5
  },
  "23": {
    "level": 23,
    "ascension": 1,
    "hp": 4240.073265999999,
    "attack": 60.109608980000004,
    "defense": 166.3167525,
    "specialized": 0.5
  },
  "24": {
    "level": 24,
    "ascension": 1,
    "hp": 4337.311906,
    "attack": 61.48814068,
    "defense": 170.13091500000002,
    "specialized": 0.5
  },
  "25": {
    "level": 25,
    "ascension": 1,
    "hp": 4434.550546,
    "attack": 62.86667238,
    "defense": 173.9450775,
    "specialized": 0.5
  },
  "26": {
    "level": 26,
    "ascension": 1,
    "hp": 4532.93317,
    "attack": 64.26142209999999,
    "defense": 177.8041125,
    "specialized": 0.5
  },
  "27": {
    "level": 27,
    "ascension": 1,
    "hp": 4630.17181,
    "attack": 65.6399538,
    "defense": 181.618275,
    "specialized": 0.5
  },
  "28": {
    "level": 28,
    "ascension": 1,
    "hp": 4727.410449999999,
    "attack": 67.0184855,
    "defense": 185.4324375,
    "specialized": 0.5
  },
  "29": {
    "level": 29,
    "ascension": 1,
    "hp": 4825.793074,
    "attack": 68.41323522,
    "defense": 189.2914725,
    "specialized": 0.5
  },
  "30": {
    "level": 30,
    "ascension": 1,
    "hp": 4923.031714,
    "attack": 69.79176692,
    "defense": 193.105635,
    "specialized": 0.5
  },
  "31": {
    "level": 31,
    "ascension": 1,
    "hp": 5021.414338,
    "attack": 71.18651664,
    "defense": 196.96467,
    "specialized": 0.5
  },
  "32": {
    "level": 32,
    "ascension": 1,
    "hp": 5119.796962,
    "attack": 72.58126636,
    "defense": 200.823705,
    "specialized": 0.5
  },
  "33": {
    "level": 33,
    "ascension": 1,
    "hp": 5218.179586,
    "attack": 73.97601608,
    "defense": 204.68274000000002,
    "specialized": 0.5
  },
  "34": {
    "level": 34,
    "ascension": 1,
    "hp": 5315.418226,
    "attack": 75.35454778,
    "defense": 208.4969025,
    "specialized": 0.5
  },
  "35": {
    "level": 35,
    "ascension": 1,
    "hp": 5413.80085,
    "attack": 76.7492975,
    "defense": 212.3559375,
    "specialized": 0.5
  },
  "36": {
    "level": 36,
    "ascension": 1,
    "hp": 5513.327458,
    "attack": 78.16026524,
    "defense": 216.259845,
    "specialized": 0.5
  },
  "37": {
    "level": 37,
    "ascension": 1,
    "hp": 5611.710082,
    "attack": 79.55501496,
    "defense": 220.11888000000002,
    "specialized": 0.5
  },
  "38": {
    "level": 38,
    "ascension": 1,
    "hp": 5710.092705999999,
    "attack": 80.94976468,
    "defense": 223.97791500000002,
    "specialized": 0.5
  },
  "39": {
    "level": 39,
    "ascension": 1,
    "hp": 5808.475329999999,
    "attack": 82.3445144,
    "defense": 227.83695,
    "specialized": 0.5
  },
  "40": {
    "level": 40,
    "ascension": 1,
    "hp": 5908.001937999999,
    "attack": 83.75548214000001,
    "defense": 231.74085750000003,
    "specialized": 0.5
  },
  "41": {
    "level": 41,
    "ascension": 2,
    "hp": 6703.3134119999995,
    "attack": 95.02972385999999,
    "defense": 262.9373925,
    "specialized": 0.596
  },
  "42": {
    "level": 42,
    "ascension": 2,
    "hp": 6802.84002,
    "attack": 96.44069160000001,
    "defense": 266.84130000000005,
    "specialized": 0.596
  },
  "43": {
    "level": 43,
    "ascension": 2,
    "hp": 6902.366628,
    "attack": 97.85165934,
    "defense": 270.7452075,
    "specialized": 0.596
  },
  "44": {
    "level": 44,
    "ascension": 2,
    "hp": 7000.749251999999,
    "attack": 99.24640905999999,
    "defense": 274.6042425,
    "specialized": 0.596
  },
  "45": {
    "level": 45,
    "ascension": 2,
    "hp": 7100.27586,
    "attack": 100.65737680000001,
    "defense": 278.50815,
    "specialized": 0.596
  },
  "46": {
    "level": 46,
    "ascension": 2,
    "hp": 7199.802467999999,
    "attack": 102.06834454,
    "defense": 282.4120575,
    "specialized": 0.596
  },
  "47": {
    "level": 47,
    "ascension": 2,
    "hp": 7299.329075999999,
    "attack": 103.47931227999999,
    "defense": 286.315965,
    "specialized": 0.596
  },
  "48": {
    "level": 48,
    "ascension": 2,
    "hp": 7398.855684,
    "attack": 104.89028002,
    "defense": 290.21987250000006,
    "specialized": 0.596
  },
  "49": {
    "level": 49,
    "ascension": 2,
    "hp": 7499.526276,
    "attack": 106.31746578,
    "defense": 294.1686525,
    "specialized": 0.596
  },
  "50": {
    "level": 50,
    "ascension": 2,
    "hp": 7599.052884,
    "attack": 107.72843352,
    "defense": 298.07256,
    "specialized": 0.596
  },
  "51": {
    "level": 51,
    "ascension": 3,
    "hp": 8627.818092,