{
  "1": {
    "level": 1,
    "ascension": 0,
    "hp": 1182.1168,
    "attack": 17.8752,
    "defense": 56.71884,
    "specialized": 0
  },
  "2": {
    "level": 2,
    "ascension": 0,
    "hp": 1280.2324944,
    "attack": 19.358841599999998,
    "defense": 61.42650372,
    "specialized": 0
  },
  "3": {
    "level": 3,
    "ascension": 0,
    "hp": 1378.3481888,
    "attack": 20.842483199999997,
    "defense": 66.13416744,
    "specialized": 0
  },
  "4": {
    "level": 4,
    "ascension": 0,
    "hp": 1477.646,
    "attack": 22.344,
    "defense": 70.89855,
    "specialized": 0
  },
  "5": {
    "level": 5,
    "ascension": 0,
    "hp": 1575.7616944,
    "attack": 23.8276416,
    "defense": 75.60621372,
    "specialized": 0
  },
  "6": {
    "level": 6,
    "ascension": 0,
    "hp": 1675.0595056,
    "attack": 25.3291584,
    "defense": 80.37059628,
    "specialized": 0
  },
  "7": {
    "level": 7,
    "ascension": 0,
    "hp": 1773.1752000000001,
    "attack": 26.8128,
    "defense": 85.07826,
    "specialized": 0
  },
  "8": {
    "level": 8,
    "ascension": 0,
    "hp": 1872.4730112000002,
    "attack": 28.3143168,
    "defense": 89.84264256,
    "specialized": 0
  },
  "9": {
    "level": 9,
    "ascension": 0,
    "hp": 1971.7708224,
    "attack": 29.815833599999998,
    "defense": 94.60702512,
    "specialized": 0
  },
  "10": {
    "level": 10,
    "ascension": 0,
    "hp": 2069.8865167999998,
    "attack": 31.299475199999996,
    "defense": 99.31468883999999,
    "specialized": 0
  },
  "11": {
    "level": 11,
    "ascension": 0,
    "hp": 2169.184328,
    "attack": 32.800992,
    "defense": 104.0790714,
    "specialized": 0
  },
  "12": {
    "level": 12,
    "ascension": 0,
    "hp": 2268.4821392,
    "attack": 34.3025088,
    "defense": 108.84345396,
    "specialized": 0
  },
  "13": {
    "level": 13,
    "ascension": 0,
    "hp": 2367.7799504,
    "attack": 35.8040256,
    "defense": 113.60783652,
    "specialized": 0
  },
  "14": {
    "level": 14,
    "ascension": 0,
    "hp": 2468.2598784,
    "attack": 37.3234176,
    "defense": 118.42893792000001,
    "specialized": 0
  },
  "15": {
    "level": 15,
    "ascension": 0,
    "hp": 2567.5576896000002,
    "attack": 38.824934400000004,
    "defense": 123.19332048000001,
    "specialized": 0
  },
  "16": {
    "level": 16,
    "ascension": 0,
    "hp": 2666.8555008,
    "attack": 40.326451199999994,
    "defense": 127.95770303999998,
    "specialized": 0
  },
  "17": {
    "level": 17,
    "ascension": 0,
    "hp": 2767.3354288,
    "attack": 41.845843200000004,
    "defense": 132.77880444000002,
    "specialized": 0
  },
  "18": {
    "level": 18,
    "ascension": 0,
    "hp": 2866.6332399999997,
    "attack": 43.347359999999995,
    "defense": 137.543187,
    "specialized": 0
  },
  "19": {
    "level": 19,
    "ascension": 0,
    "hp": 2967.113168,
    "attack": 44.866752,
    "defense": 142.3642884,
    "specialized": 0
  },
  "20": {
    "level": 20,
    "ascension": 0,
    "hp": 3066.4109792,
    "attack": 46.368268799999996,
    "defense": 147.12867096,
    "specialized": 0
  },
  "21": {
    "level": 21,
    "ascension": 1,
    "hp": 4180.449207199999,
    "attack": 63.2129088,
    "defense": 200.58217236,
    "specialized": 0
  },
  "22": {
    "level": 22,
    "ascension": 1,
    "hp": 4280.9291352,
    "attack": 64.73230079999999,
    "defense": 205.40327376,
    "specialized": 0
  },
  "23": {
    "level": 23,
    "ascension": 1,
    "hp": 4381.4090632,
    "attack": 66.2516928,
    "defense": 210.22437516,
    "specialized": 0
  },
  "24": {
    "level": 24,
    "ascension": 1,
    "hp": 4481.8889912,
    "attack": 67.7710848,
    "defense": 215.04547656,
    "specialized": 0
  },
  "25": {
    "level": 25,
    "ascension": 1,
    "hp": 4582.3689192,
    "attack": 69.2904768,
    "defense": 219.86657796,
    "specialized": 0
  },
  "26": {
    "level": 26,
    "ascension": 1,
    "hp": 4684.030964,
    "attack": 70.827744,
    "defense": 224.74439819999998,
    "specialized": 0
  },
  "27": {
    "level": 27,
    "ascension": 1,
    "hp": 4784.510892,
    "attack": 72.34713599999999,
    "defense": 229.56549959999998,
    "specialized": 0
  },
  "28": {
    "level": 28,
    "ascension": 1,
    "hp": 4884.99082,
    "attack": 73.866528,
    "defense": 234.38660099999998,
    "specialized": 0
  },
  "29": {
    "level": 29,
    "ascension": 1,
    "hp": 4986.6528648,
    "attack": 75.4037952,
    "defense": 239.26442124,
    "specialized": 0
  },
  "30": {
    "level": 30,
    "ascension": 1,
    "hp": 5087.1327928,
    "attack": 76.9231872,
    "defense": 244.08552264,
    "specialized": 0
  },
  "31": {
    "level": 31,
    "ascension": 1,
    "hp": 5188.7948375999995,
    "attack": 78.4604544,
    "defense": 248.96334288,
    "specialized": 0
  },
  "32": {
    "level": 32,
    "ascension": 1,
    "hp": 5290.4568824,
    "attack": 79.99772159999999,
    "defense": 253.84116311999998,
    "specialized": 0
  },
  "33": {
    "level": 33,
    "ascension": 1,
    "hp": 5392.1189272,
    "attack": 81.53498880000001,
    "defense": 258.71898336000004,
    "specialized": 0
  },
  "34": {
    "level": 34,
    "ascension": 1,
    "hp": 5492.5988552,
    "attack": 83.0543808,
    "defense": 263.54008476,
    "specialized": 0
  },
  "35": {
    "level": 35,
    "ascension": 1,
    "hp": 5594.260899999999,
    "attack": 84.591648,
    "defense": 268.417905,
    "specialized": 0
  },
  "36": {
    "level": 36,
    "ascension": 1,
    "hp": 5697.1050616,
    "attack": 86.1467904,
    "defense": 273.35244408,
    "specialized": 0
  },
  "37": {
    "level": 37,
    "ascension": 1,
    "hp": 5798.7671064,
    "attack": 87.6840576,
    "defense": 278.23026432,
    "specialized": 0
  },
  "38": {
    "level": 38,
    "ascension": 1,
    "hp": 5900.4291512,
    "attack": 89.2213248,
    "defense": 283.10808456,
    "specialized": 0
  },
  "39": {
    "level": 39,
    "ascension": 1,
    "hp": 6002.091195999999,
    "attack": 90.758592,
    "defense": 287.9859048,
    "specialized": 0
  },
  "40": {
    "level": 40,
    "ascension": 1,
    "hp": 6104.9353576,
    "attack": 92.3137344,
    "defense": 292.92044388000005,
    "specialized": 0
  },
  "41": {
    "level": 41,
    "ascension": 2,
    "hp": 6926.7572024,
    "attack": 104.73999359999999,
    "defense": 332.35286412,
    "specialized": 0.072
  },
  "42": {
    "level": 42,
    "ascension": 2,
    "hp": 7029.601364000001,
    "attack": 106.29513600000001,
    "defense": 337.2874032,
    "specialized": 0.072
  },
  "43": {
    "level": 43,
    "ascension": 2,
    "hp": 7132.4455256,
    "attack": 107.85027840000001,
    "defense": 342.22194228,
    "specialized": 0.072
  },
  "44": {
    "level": 44,
    "ascension": 2,
    "hp": 7234.1075703999995,
    "attack": 109.3875456,
    "defense": 347.09976252,
    "specialized": 0.072
  },
  "45": {
    "level": 45,
    "ascension": 2,
    "hp": 7336.951732,
    "attack": 110.942688,
    "defense": 352.03430160000005,
    "specialized": 0.072
  },
  "46": {
    "level": 46,
    "ascension": 2,
    "hp": 7439.7958936,
    "attack": 112.4978304,
    "defense": 356.96884068,
    "specialized": 0.072
  },
  "47": {
    "level": 47,
    "ascension": 2,
    "hp": 7542.6400552,
    "attack": 114.05297279999999,
    "defense": 361.90337976,
    "specialized": 0.072
  },
  "48": {
    "level": 48,
    "ascension": 2,
    "hp": 7645.4842168000005,
    "attack": 115.6081152,
    "defense": 366.83791884000004,
    "specialized": 0.072
  },
  "49": {
    "level": 49,
    "ascension": 2,
    "hp": 7749.5104952,
    "attack": 117.18113280000001,
    "defense": 371.82917676000005,
    "specialized": 0.072
  },
  "50": {
    "level": 50,
    "ascension": 2,
    "hp": 7852.3546568,
    "attack": 118.73627520000001,
    "defense": 376.76371584000003,
    "specialized": 0.072
  },
  "51": {
    "level": 51,
    "ascension": 3,
    "hp": 8915.411918400001,
    "attack": 134.8100726,