{
  "1": {
    "level": 1,
    "ascension": 0,
    "hp": 820.6119,
    "attack": 17.808,
    "defense": 48.069,
    "specialized": 0
  },
  "2": {
    "level": 2,
    "ascension": 0,
    "hp": 888.7226876999999,
    "attack": 19.286064,
    "defense": 52.058727,
    "specialized": 0
  },
  "3": {
    "level": 3,
    "ascension": 0,
    "hp": 956.0128635,
    "attack": 20.74632,
    "defense": 56.000385,
    "specialized": 0
  },
  "4": {
    "level": 4,
    "ascension": 0,
    "hp": 1024.1236512,
    "attack": 22.224384,
    "defense": 59.990112,
    "specialized": 0
  },
  "5": {
    "level": 5,
    "ascension": 0,
    "hp": 1091.413827,
    "attack": 23.68464,
    "defense": 63.93177000000001,
    "specialized": 0
  },
  "6": {
    "level": 6,
    "ascension": 0,
    "hp": 1159.5246147,
    "attack": 25.162704,
    "defense": 67.921497,
    "specialized": 0
  },
  "7": {
    "level": 7,
    "ascension": 0,
    "hp": 1226.8147905,
    "attack": 26.622960000000003,
    "defense": 71.863155,
    "specialized": 0
  },
  "8": {
    "level": 8,
    "ascension": 0,
    "hp": 1294.9255782,
    "attack": 28.101024000000002,
    "defense": 75.85288200000001,
    "specialized": 0
  },
  "9": {
    "level": 9,
    "ascension": 0,
    "hp": 1363.0363659,
    "attack": 29.579088,
    "defense": 79.84260900000001,
    "specialized": 0
  },
  "10": {
    "level": 10,
    "ascension": 0,
    "hp": 1430.3265417,
    "attack": 31.039344,
    "defense": 83.78426700000001,
    "specialized": 0
  },
  "11": {
    "level": 11,
    "ascension": 0,
    "hp": 1498.4373294,
    "attack": 32.517408,
    "defense": 87.773994,
    "specialized": 0
  },
  "12": {
    "level": 12,
    "ascension": 0,
    "hp": 1565.7275052,
    "attack": 33.977664,
    "defense": 91.715652,
    "specialized": 0
  },
  "13": {
    "level": 13,
    "ascension": 0,
    "hp": 1633.8382929000002,
    "attack": 35.455728,
    "defense": 95.70537900000001,
    "specialized": 0
  },
  "14": {
    "level": 14,
    "ascension": 0,
    "hp": 1701.1284687,
    "attack": 36.915984,
    "defense": 99.647037,
    "specialized": 0
  },
  "15": {
    "level": 15,
    "ascension": 0,
    "hp": 1769.2392564000002,
    "attack": 38.394048000000005,
    "defense": 103.63676400000001,
    "specialized": 0
  },
  "16": {
    "level": 16,
    "ascension": 0,
    "hp": 1837.3500440999999,
    "attack": 39.872111999999994,
    "defense": 107.626491,
    "specialized": 0
  },
  "17": {
    "level": 17,
    "ascension": 0,
    "hp": 1904.6402199000001,
    "attack": 41.332368,
    "defense": 111.56814900000002,
    "specialized": 0
  },
  "18": {
    "level": 18,
    "ascension": 0,
    "hp": 1972.7510075999999,
    "attack": 42.810432,
    "defense": 115.55787600000001,
    "specialized": 0
  },
  "19": {
    "level": 19,
    "ascension": 0,
    "hp": 2040.0411834000001,
    "attack": 44.270688,
    "defense": 119.49953400000001,
    "specialized": 0
  },
  "20": {
    "level": 20,
    "ascension": 0,
    "hp": 2108.1519711,
    "attack": 45.748751999999996,
    "defense": 123.489261,
    "specialized": 0
  },
  "21": {
    "level": 21,
    "ascension": 1,
    "hp": 2788.4812469,
    "attack": 60.512808,
    "defense": 163.34091899999999,
    "specialized": 0
  },
  "22": {
    "level": 22,
    "ascension": 1,
    "hp": 2856.5920346,
    "attack": 61.990872,
    "defense": 167.330646,
    "specialized": 0
  },
  "23": {
    "level": 23,
    "ascension": 1,
    "hp": 2924.7028223,
    "attack": 63.46893600000001,
    "defense": 171.32037300000002,
    "specialized": 0
  },
  "24": {
    "level": 24,
    "ascension": 1,
    "hp": 2991.9929981,
    "attack": 64.929192,
    "defense": 175.262031,
    "specialized": 0
  },
  "25": {
    "level": 25,
    "ascension": 1,
    "hp": 3060.1037858,
    "attack": 66.407256,
    "defense": 179.25175800000002,
    "specialized": 0
  },
  "26": {
    "level": 26,
    "ascension": 1,
    "hp": 3127.3939616,
    "attack": 67.867512,
    "defense": 183.193416,
    "specialized": 0
  },
  "27": {
    "level": 27,
    "ascension": 1,
    "hp": 3195.5047492999997,
    "attack": 69.345576,
    "defense": 187.183143,
    "specialized": 0
  },
  "28": {
    "level": 28,
    "ascension": 1,
    "hp": 3262.7949251,
    "attack": 70.805832,
    "defense": 191.12480100000002,
    "specialized": 0
  },
  "29": {
    "level": 29,
    "ascension": 1,
    "hp": 3330.9057128,
    "attack": 72.283896,
    "defense": 195.114528,
    "specialized": 0
  },
  "30": {
    "level": 30,
    "ascension": 1,
    "hp": 3398.1958886,
    "attack": 73.744152,
    "defense": 199.05618600000003,
    "specialized": 0
  },
  "31": {
    "level": 31,
    "ascension": 1,
    "hp": 3466.3066762999997,
    "attack": 75.222216,
    "defense": 203.045913,
    "specialized": 0
  },
  "32": {
    "level": 32,
    "ascension": 1,
    "hp": 3534.417464,
    "attack": 76.70027999999999,
    "defense": 207.03564,
    "specialized": 0
  },
  "33": {
    "level": 33,
    "ascension": 1,
    "hp": 3601.7076398,
    "attack": 78.160536,
    "defense": 210.977298,
    "specialized": 0
  },
  "34": {
    "level": 34,
    "ascension": 1,
    "hp": 3669.8184275,
    "attack": 79.6386,
    "defense": 214.967025,
    "specialized": 0
  },
  "35": {
    "level": 35,
    "ascension": 1,
    "hp": 3737.1086032999997,
    "attack": 81.098856,
    "defense": 218.908683,
    "specialized": 0
  },
  "36": {
    "level": 36,
    "ascension": 1,
    "hp": 3805.219391,
    "attack": 82.57692,
    "defense": 222.89841,
    "specialized": 0
  },
  "37": {
    "level": 37,
    "ascension": 1,
    "hp": 3872.5095668,
    "attack": 84.03717599999999,
    "defense": 226.840068,
    "specialized": 0
  },
  "38": {
    "level": 38,
    "ascension": 1,
    "hp": 3940.6203545,
    "attack": 85.51523999999999,
    "defense": 230.829795,
    "specialized": 0
  },
  "39": {
    "level": 39,
    "ascension": 1,
    "hp": 4008.7311422,
    "attack": 86.993304,
    "defense": 234.819522,
    "specialized": 0
  },
  "40": {
    "level": 40,
    "ascension": 1,
    "hp": 4076.0213179999996,
    "attack": 88.45356,
    "defense": 238.76118,
    "specialized": 0
  },
  "41": {
    "level": 41,
    "ascension": 2,
    "hp": 4579.7125057,
    "attack": 99.384324,
    "defense": 268.265907,
    "specialized": 0.06
  },
  "42": {
    "level": 42,
    "ascension": 2,
    "hp": 4647.0026815,
    "attack": 100.84458,
    "defense": 272.207565,
    "specialized": 0.06
  },
  "43": {
    "level": 43,
    "ascension": 2,
    "hp": 4715.1134692,
    "attack": 102.322644,
    "defense": 276.197292,
    "specialized": 0.06
  },
  "44": {
    "level": 44,
    "ascension": 2,
    "hp": 4782.403644999999,
    "attack": 103.7829,
    "defense": 280.13895,
    "specialized": 0.06
  },
  "45": {
    "level": 45,
    "ascension": 2,
    "hp": 4850.5144327,
    "attack": 105.260964,
    "defense": 284.128677,
    "specialized": 0.06
  },
  "46": {
    "level": 46,
    "ascension": 2,
    "hp": 4918.6252204,
    "attack": 106.739028,
    "defense": 288.118404,
    "specialized": 0.06
  },
  "47": {
    "level": 47,
    "ascension": 2,
    "hp": 4985.9153962,
    "attack": 108.199284,
    "defense": 292.060062,
    "specialized": 0.06
  },
  "48": {
    "level": 48,
    "ascension": 2,
    "hp": 5054.0261839,
    "attack": 109.67734800000001,
    "defense": 296.04978900000003,
    "specialized": 0.06
  },
  "49": {
    "level": 49,
    "ascension": 2,
    "hp": 5121.3163597,
    "attack": 111.137604,
    "defense": 299.991447,
    "specialized": 0.06
  },
  "50": {
    "level": 50,
    "ascension": 2,
    "hp": 5189.4271474,
    "attack": 112.615668,
    "defense": 303.981174,
    "specialized": 0.06
  },
  "51": {
    "level": 51,
    "ascension": 3,
    "hp": 5837.4912232,
    "attack": 126.679524,
    "defense": 341.942832,
    "specialized": 0.12
  },
  "52": {
    "level": 52,
    "ascension": 3,
    "hp": 5905.6020109,
    "attack": 128.157588,
    "defense": 345.932559,