{
  "1": {
    "level": 1,
    "ascension": 0,
    "hp": 1012.088,
    "attack": 16.0272,
    "defense": 66.95325,
    "specialized": 0
  },
  "2": {
    "level": 2,
    "ascension": 0,
    "hp": 1096.091304,
    "attack": 17.3574576,
    "defense": 72.51036975,
    "specialized": 0
  },
  "3": {
    "level": 3,
    "ascension": 0,
    "hp": 1179.08252,
    "attack": 18.671688,
    "defense": 78.00053625,
    "specialized": 0
  },
  "4": {
    "level": 4,
    "ascension": 0,
    "hp": 1263.085824,
    "attack": 20.0019456,
    "defense": 83.557656,
    "specialized": 0
  },
  "5": {
    "level": 5,
    "ascension": 0,
    "hp": 1346.0770400000001,
    "attack": 21.316176000000002,
    "defense": 89.0478225,
    "specialized": 0
  },
  "6": {
    "level": 6,
    "ascension": 0,
    "hp": 1430.080344,
    "attack": 22.6464336,
    "defense": 94.60494225,
    "specialized": 0
  },
  "7": {
    "level": 7,
    "ascension": 0,
    "hp": 1513.07156,
    "attack": 23.960664,
    "defense": 100.09510875000001,
    "specialized": 0
  },
  "8": {
    "level": 8,
    "ascension": 0,
    "hp": 1597.074864,
    "attack": 25.2909216,
    "defense": 105.6522285,
    "specialized": 0
  },
  "9": {
    "level": 9,
    "ascension": 0,
    "hp": 1681.078168,
    "attack": 26.6211792,
    "defense": 111.20934824999999,
    "specialized": 0
  },
  "10": {
    "level": 10,
    "ascension": 0,
    "hp": 1764.0693840000001,
    "attack": 27.935409600000003,
    "defense": 116.69951475,
    "specialized": 0
  },
  "11": {
    "level": 11,
    "ascension": 0,
    "hp": 1848.072688,
    "attack": 29.265667200000003,
    "defense": 122.2566345,
    "specialized": 0
  },
  "12": {
    "level": 12,
    "ascension": 0,
    "hp": 1931.0639039999999,
    "attack": 30.5798976,
    "defense": 127.74680099999999,
    "specialized": 0
  },
  "13": {
    "level": 13,
    "ascension": 0,
    "hp": 2015.067208,
    "attack": 31.910155200000002,
    "defense": 133.30392075,
    "specialized": 0
  },
  "14": {
    "level": 14,
    "ascension": 0,
    "hp": 2098.058424,
    "attack": 33.2243856,
    "defense": 138.79408725,
    "specialized": 0
  },
  "15": {
    "level": 15,
    "ascension": 0,
    "hp": 2182.061728,
    "attack": 34.5546432,
    "defense": 144.35120700000002,
    "specialized": 0
  },
  "16": {
    "level": 16,
    "ascension": 0,
    "hp": 2266.065032,
    "attack": 35.8849008,
    "defense": 149.90832675,
    "specialized": 0
  },
  "17": {
    "level": 17,
    "ascension": 0,
    "hp": 2349.056248,
    "attack": 37.199131200000004,
    "defense": 155.39849325,
    "specialized": 0
  },
  "18": {
    "level": 18,
    "ascension": 0,
    "hp": 2433.0595519999997,
    "attack": 38.5293888,
    "defense": 160.955613,
    "specialized": 0
  },
  "19": {
    "level": 19,
    "ascension": 0,
    "hp": 2516.050768,
    "attack": 39.843619200000006,
    "defense": 166.44577950000001,
    "specialized": 0
  },
  "20": {
    "level": 20,
    "ascension": 0,
    "hp": 2600.054072,
    "attack": 41.1738768,
    "defense": 172.00289924999998,
    "specialized": 0
  },
  "21": {
    "level": 21,
    "ascension": 1,
    "hp": 3439.126828,
    "attack": 54.461527200000006,
    "defense": 227.51056574999996,
    "specialized": 0
  },
  "22": {
    "level": 22,
    "ascension": 1,
    "hp": 3523.1301320000002,
    "attack": 55.7917848,
    "defense": 233.06768549999998,
    "specialized": 0
  },
  "23": {
    "level": 23,
    "ascension": 1,
    "hp": 3607.133436,
    "attack": 57.12204240000001,
    "defense": 238.62480525,
    "specialized": 0
  },
  "24": {
    "level": 24,
    "ascension": 1,
    "hp": 3690.124652,
    "attack": 58.4362728,
    "defense": 244.11497175,
    "specialized": 0
  },
  "25": {
    "level": 25,
    "ascension": 1,
    "hp": 3774.1279560000003,
    "attack": 59.76653040000001,
    "defense": 249.67209150000002,
    "specialized": 0
  },
  "26": {
    "level": 26,
    "ascension": 1,
    "hp": 3857.119172,
    "attack": 61.08076080000001,
    "defense": 255.162258,
    "specialized": 0
  },
  "27": {
    "level": 27,
    "ascension": 1,
    "hp": 3941.122476,
    "attack": 62.4110184,
    "defense": 260.71937775,
    "specialized": 0
  },
  "28": {
    "level": 28,
    "ascension": 1,
    "hp": 4024.113692,
    "attack": 63.7252488,
    "defense": 266.20954425,
    "specialized": 0
  },
  "29": {
    "level": 29,
    "ascension": 1,
    "hp": 4108.116996,
    "attack": 65.0555064,
    "defense": 271.766664,
    "specialized": 0
  },
  "30": {
    "level": 30,
    "ascension": 1,
    "hp": 4191.108212,
    "attack": 66.3697368,
    "defense": 277.2568305,
    "specialized": 0
  },
  "31": {
    "level": 31,
    "ascension": 1,
    "hp": 4275.111516,
    "attack": 67.6999944,
    "defense": 282.81395025,
    "specialized": 0
  },
  "32": {
    "level": 32,
    "ascension": 1,
    "hp": 4359.11482,
    "attack": 69.030252,
    "defense": 288.37107,
    "specialized": 0
  },
  "33": {
    "level": 33,
    "ascension": 1,
    "hp": 4442.106036,
    "attack": 70.3444824,
    "defense": 293.86123649999996,
    "specialized": 0
  },
  "34": {
    "level": 34,
    "ascension": 1,
    "hp": 4526.10934,
    "attack": 71.67474,
    "defense": 299.41835625,
    "specialized": 0
  },
  "35": {
    "level": 35,
    "ascension": 1,
    "hp": 4609.100555999999,
    "attack": 72.9889704,
    "defense": 304.90852275,
    "specialized": 0
  },
  "36": {
    "level": 36,
    "ascension": 1,
    "hp": 4693.10386,
    "attack": 74.31922800000001,
    "defense": 310.4656425,
    "specialized": 0
  },
  "37": {
    "level": 37,
    "ascension": 1,
    "hp": 4776.095076,
    "attack": 75.63345840000001,
    "defense": 315.955809,
    "specialized": 0
  },
  "38": {
    "level": 38,
    "ascension": 1,
    "hp": 4860.098379999999,
    "attack": 76.963716,
    "defense": 321.51292874999996,
    "specialized": 0
  },
  "39": {
    "level": 39,
    "ascension": 1,
    "hp": 4944.101684,
    "attack": 78.2939736,
    "defense": 327.0700485,
    "specialized": 0
  },
  "40": {
    "level": 40,
    "ascension": 1,
    "hp": 5027.0929,
    "attack": 79.608204,
    "defense": 332.56021499999997,
    "specialized": 0
  },
  "41": {
    "level": 41,
    "ascension": 2,
    "hp": 5648.312064,
    "attack": 89.44589160000001,
    "defense": 373.65608475,
    "specialized": 0.075
  },
  "42": {
    "level": 42,
    "ascension": 2,
    "hp": 5731.30328,
    "attack": 90.76012200000001,
    "defense": 379.14625125,
    "specialized": 0.075
  },
  "43": {
    "level": 43,
    "ascension": 2,
    "hp": 5815.306584,
    "attack": 92.0903796,
    "defense": 384.70337099999995,
    "specialized": 0.075
  },
  "44": {
    "level": 44,
    "ascension": 2,
    "hp": 5898.2978,
    "attack": 93.40461,
    "defense": 390.19353749999993,
    "specialized": 0.075
  },
  "45": {
    "level": 45,
    "ascension": 2,
    "hp": 5982.301104,
    "attack": 94.7348676,
    "defense": 395.75065725,
    "specialized": 0.075
  },
  "46": {
    "level": 46,
    "ascension": 2,
    "hp": 6066.304408,
    "attack": 96.06512520000001,
    "defense": 401.307777,
    "specialized": 0.075
  },
  "47": {
    "level": 47,
    "ascension": 2,
    "hp": 6149.295624,
    "attack": 97.37935560000001,
    "defense": 406.7979435,
    "specialized": 0.075
  },
  "48": {
    "level": 48,
    "ascension": 2,
    "hp": 6233.298928,
    "attack": 98.7096132,
    "defense": 412.35506325000006,
    "specialized": 0.075
  },
  "49": {
    "level": 49,
    "ascension": 2,
    "hp": 6316.2901440000005,
    "attack": 100.0238436,
    "defense": 417.84522975000004,
    "specialized": 0.075
  },
  "50": {
    "level": 50,
    "ascension": 2,
    "hp": 6400.293448,
    "attack": 101.35410120000002,
    "defense": 423.4023495,
    "specialized": 0.075
  },
  "51": {
    "level": 51,
    "ascension": 3,
    "hp": 7199.572464000001,
    "attack": 114.0115716,
    "defense": 476.277516,
    "specialized": 0.15
  },
  "52": {
    "level": 52,