{
  "1": {
    "level": 1,
    "ascension": 0,
    "hp": 775.02234,
    "attack": 20.4792,
    "defense": 49.2135,
    "specialized": 0
  },
  "2": {
    "level": 2,
    "ascension": 0,
    "hp": 839.34919422,
    "attack": 22.1789736,
    "defense": 53.2982205,
    "specialized": 0
  },
  "3": {
    "level": 3,
    "ascension": 0,
    "hp": 902.9010261,
    "attack": 23.858268,
    "defense": 57.33372750000001,
    "specialized": 0
  },
  "4": {
    "level": 4,
    "ascension": 0,
    "hp": 967.2278803199999,
    "attack": 25.5580416,
    "defense": 61.418448000000005,
    "specialized": 0
  },
  "5": {
    "level": 5,
    "ascension": 0,
    "hp": 1030.7797122,
    "attack": 27.237336,
    "defense": 65.45395500000001,
    "specialized": 0
  },
  "6": {
    "level": 6,
    "ascension": 0,
    "hp": 1095.10656642,
    "attack": 28.9371096,
    "defense": 69.53867550000001,
    "specialized": 0
  },
  "7": {
    "level": 7,
    "ascension": 0,
    "hp": 1158.6583983,
    "attack": 30.616404,
    "defense": 73.5741825,
    "specialized": 0
  },
  "8": {
    "level": 8,
    "ascension": 0,
    "hp": 1222.9852525200001,
    "attack": 32.316177599999996,
    "defense": 77.65890300000001,
    "specialized": 0
  },
  "9": {
    "level": 9,
    "ascension": 0,
    "hp": 1287.31210674,
    "attack": 34.015951199999996,
    "defense": 81.74362350000001,
    "specialized": 0
  },
  "10": {
    "level": 10,
    "ascension": 0,
    "hp": 1350.86393862,
    "attack": 35.6952456,
    "defense": 85.77913050000001,
    "specialized": 0
  },
  "11": {
    "level": 11,
    "ascension": 0,
    "hp": 1415.19079284,
    "attack": 37.3950192,
    "defense": 89.86385100000001,
    "specialized": 0
  },
  "12": {
    "level": 12,
    "ascension": 0,
    "hp": 1478.7426247199999,
    "attack": 39.074313599999996,
    "defense": 93.899358,
    "specialized": 0
  },
  "13": {
    "level": 13,
    "ascension": 0,
    "hp": 1543.06947894,
    "attack": 40.7740872,
    "defense": 97.98407850000001,
    "specialized": 0
  },
  "14": {
    "level": 14,
    "ascension": 0,
    "hp": 1606.62131082,
    "attack": 42.45338159999999,
    "defense": 102.0195855,
    "specialized": 0
  },
  "15": {
    "level": 15,
    "ascension": 0,
    "hp": 1670.94816504,
    "attack": 44.1531552,
    "defense": 106.10430600000001,
    "specialized": 0
  },
  "16": {
    "level": 16,
    "ascension": 0,
    "hp": 1735.27501926,
    "attack": 45.852928799999994,
    "defense": 110.1890265,
    "specialized": 0
  },
  "17": {
    "level": 17,
    "ascension": 0,
    "hp": 1798.8268511400001,
    "attack": 47.5322232,
    "defense": 114.22453350000002,
    "specialized": 0
  },
  "18": {
    "level": 18,
    "ascension": 0,
    "hp": 1863.15370536,
    "attack": 49.2319968,
    "defense": 118.30925400000001,
    "specialized": 0
  },
  "19": {
    "level": 19,
    "ascension": 0,
    "hp": 1926.7055372400002,
    "attack": 50.9112912,
    "defense": 122.34476100000002,
    "specialized": 0
  },
  "20": {
    "level": 20,
    "ascension": 0,
    "hp": 1991.0323914599999,
    "attack": 52.611064799999994,
    "defense": 126.42948150000001,
    "specialized": 0
  },
  "21": {
    "level": 21,
    "ascension": 1,
    "hp": 2633.56562334,
    "attack": 69.5897292,
    "defense": 167.2299885,
    "specialized": 0
  },
  "22": {
    "level": 22,
    "ascension": 1,
    "hp": 2697.89247756,
    "attack": 71.2895028,
    "defense": 171.314709,
    "specialized": 0
  },
  "23": {
    "level": 23,
    "ascension": 1,
    "hp": 2762.21933178,
    "attack": 72.9892764,
    "defense": 175.3994295,
    "specialized": 0
  },
  "24": {
    "level": 24,
    "ascension": 1,
    "hp": 2825.77116366,
    "attack": 74.6685708,
    "defense": 179.4349365,
    "specialized": 0
  },
  "25": {
    "level": 25,
    "ascension": 1,
    "hp": 2890.09801788,
    "attack": 76.3683444,
    "defense": 183.519657,
    "specialized": 0
  },
  "26": {
    "level": 26,
    "ascension": 1,
    "hp": 2953.64984976,
    "attack": 78.0476388,
    "defense": 187.555164,
    "specialized": 0
  },
  "27": {
    "level": 27,
    "ascension": 1,
    "hp": 3017.97670398,
    "attack": 79.74741239999999,
    "defense": 191.6398845,
    "specialized": 0
  },
  "28": {
    "level": 28,
    "ascension": 1,
    "hp": 3081.52853586,
    "attack": 81.42670679999999,
    "defense": 195.6753915,
    "specialized": 0
  },
  "29": {
    "level": 29,
    "ascension": 1,
    "hp": 3145.85539008,
    "attack": 83.12648039999999,
    "defense": 199.760112,
    "specialized": 0
  },
  "30": {
    "level": 30,
    "ascension": 1,
    "hp": 3209.4072219600002,
    "attack": 84.8057748,
    "defense": 203.79561900000004,
    "specialized": 0
  },
  "31": {
    "level": 31,
    "ascension": 1,
    "hp": 3273.73407618,
    "attack": 86.5055484,
    "defense": 207.8803395,
    "specialized": 0
  },
  "32": {
    "level": 32,
    "ascension": 1,
    "hp": 3338.0609304,
    "attack": 88.205322,
    "defense": 211.96506,
    "specialized": 0
  },
  "33": {
    "level": 33,
    "ascension": 1,
    "hp": 3401.61276228,
    "attack": 89.88461639999998,
    "defense": 216.000567,
    "specialized": 0
  },
  "34": {
    "level": 34,
    "ascension": 1,
    "hp": 3465.9396165000003,
    "attack": 91.58439,
    "defense": 220.0852875,
    "specialized": 0
  },
  "35": {
    "level": 35,
    "ascension": 1,
    "hp": 3529.49144838,
    "attack": 93.26368439999999,
    "defense": 224.1207945,
    "specialized": 0
  },
  "36": {
    "level": 36,
    "ascension": 1,
    "hp": 3593.8183026,
    "attack": 94.96345799999999,
    "defense": 228.20551500000005,
    "specialized": 0
  },
  "37": {
    "level": 37,
    "ascension": 1,
    "hp": 3657.37013448,
    "attack": 96.64275239999999,
    "defense": 232.241022,
    "specialized": 0
  },
  "38": {
    "level": 38,
    "ascension": 1,
    "hp": 3721.6969887,
    "attack": 98.34252599999998,
    "defense": 236.3257425,
    "specialized": 0
  },
  "39": {
    "level": 39,
    "ascension": 1,
    "hp": 3786.02384292,
    "attack": 100.04229959999999,
    "defense": 240.410463,
    "specialized": 0
  },
  "40": {
    "level": 40,
    "ascension": 1,
    "hp": 3849.5756748,
    "attack": 101.72159399999998,
    "defense": 244.44597,
    "specialized": 0
  },
  "41": {
    "level": 41,
    "ascension": 2,
    "hp": 4325.28397902,
    "attack": 114.29197260000001,
    "defense": 274.6531905,
    "specialized": 0.06
  },
  "42": {
    "level": 42,
    "ascension": 2,
    "hp": 4388.8358109,
    "attack": 115.97126699999998,
    "defense": 278.6886975,
    "specialized": 0.06
  },
  "43": {
    "level": 43,
    "ascension": 2,
    "hp": 4453.16266512,
    "attack": 117.6710406,
    "defense": 282.773418,
    "specialized": 0.06
  },
  "44": {
    "level": 44,
    "ascension": 2,
    "hp": 4516.714497,
    "attack": 119.350335,
    "defense": 286.808925,
    "specialized": 0.06
  },
  "45": {
    "level": 45,
    "ascension": 2,
    "hp": 4581.041351219999,
    "attack": 121.05010859999999,
    "defense": 290.8936455,
    "specialized": 0.06
  },
  "46": {
    "level": 46,
    "ascension": 2,
    "hp": 4645.36820544,
    "attack": 122.7498822,
    "defense": 294.97836600000005,
    "specialized": 0.06
  },
  "47": {
    "level": 47,
    "ascension": 2,
    "hp": 4708.92003732,
    "attack": 124.4291766,
    "defense": 299.01387300000005,
    "specialized": 0.06
  },
  "48": {
    "level": 48,
    "ascension": 2,
    "hp": 4773.24689154,
    "attack": 126.12895019999999,
    "defense": 303.09859350000005,
    "specialized": 0.06
  },
  "49": {
    "level": 49,
    "ascension": 2,
    "hp": 4836.79872342,
    "attack": 127.8082446,
    "defense": 307.13410050000005,
    "specialized": 0.06
  },
  "50": {
    "level": 50,
    "ascension": 2,
    "hp": 4901.12557764,
    "attack": 129.5080182,
    "defense": 311.21882100000005,
    "specialized": 0.06
  },
  "51": {
    "level": 51,
    "ascension": 3,
    "hp": 5513.18615952,