{
  "1": {
    "level": 1,
    "ascension": 0,
    "hp": 962.8532,
    "attack": 22.344,
    "defense": 71.796,
    "specialized": 0
  },
  "2": {
    "level": 2,
    "ascension": 0,
    "hp": 1042.7700156,
    "attack": 24.198552,
    "defense": 77.75506800000001,
    "specialized": 0
  },
  "3": {
    "level": 3,
    "ascension": 0,
    "hp": 1122.6868312,
    "attack": 26.053104,
    "defense": 83.714136,
    "specialized": 0
  },
  "4": {
    "level": 4,
    "ascension": 0,
    "hp": 1203.5665,
    "attack": 27.93,
    "defense": 89.745,
    "specialized": 0
  },
  "5": {
    "level": 5,
    "ascension": 0,
    "hp": 1283.4833156,
    "attack": 29.784552,
    "defense": 95.704068,
    "specialized": 0
  },
  "6": {
    "level": 6,
    "ascension": 0,
    "hp": 1364.3629844,
    "attack": 31.661448000000004,
    "defense": 101.73493200000001,
    "specialized": 0
  },
  "7": {
    "level": 7,
    "ascension": 0,
    "hp": 1444.2798,
    "attack": 33.516000000000005,
    "defense": 107.69400000000002,
    "specialized": 0
  },
  "8": {
    "level": 8,
    "ascension": 0,
    "hp": 1525.1594688,
    "attack": 35.392896,
    "defense": 113.72486400000001,
    "specialized": 0
  },
  "9": {
    "level": 9,
    "ascension": 0,
    "hp": 1606.0391376,
    "attack": 37.269792,
    "defense": 119.755728,
    "specialized": 0
  },
  "10": {
    "level": 10,
    "ascension": 0,
    "hp": 1685.9559531999998,
    "attack": 39.124344,
    "defense": 125.714796,
    "specialized": 0
  },
  "11": {
    "level": 11,
    "ascension": 0,
    "hp": 1766.835622,
    "attack": 41.00124,
    "defense": 131.74566000000002,
    "specialized": 0
  },
  "12": {
    "level": 12,
    "ascension": 0,
    "hp": 1847.7152908,
    "attack": 42.878136000000005,
    "defense": 137.77652400000002,
    "specialized": 0
  },
  "13": {
    "level": 13,
    "ascension": 0,
    "hp": 1928.5949596,
    "attack": 44.75503200000001,
    "defense": 143.80738800000003,
    "specialized": 0
  },
  "14": {
    "level": 14,
    "ascension": 0,
    "hp": 2010.4374816000002,
    "attack": 46.654272000000006,
    "defense": 149.91004800000002,
    "specialized": 0
  },
  "15": {
    "level": 15,
    "ascension": 0,
    "hp": 2091.3171504,
    "attack": 48.53116800000001,
    "defense": 155.94091200000003,
    "specialized": 0
  },
  "16": {
    "level": 16,
    "ascension": 0,
    "hp": 2172.1968192,
    "attack": 50.408063999999996,
    "defense": 161.971776,
    "specialized": 0
  },
  "17": {
    "level": 17,
    "ascension": 0,
    "hp": 2254.0393412000003,
    "attack": 52.30730400000001,
    "defense": 168.07443600000002,
    "specialized": 0
  },
  "18": {
    "level": 18,
    "ascension": 0,
    "hp": 2334.91901,
    "attack": 54.1842,
    "defense": 174.1053,
    "specialized": 0
  },
  "19": {
    "level": 19,
    "ascension": 0,
    "hp": 2416.761532,
    "attack": 56.083439999999996,
    "defense": 180.20796,
    "specialized": 0
  },
  "20": {
    "level": 20,
    "ascension": 0,
    "hp": 2497.6412007999998,
    "attack": 57.960336,
    "defense": 186.238824,
    "specialized": 0
  },
  "21": {
    "level": 21,
    "ascension": 1,
    "hp": 3405.0433227999997,
    "attack": 79.01613599999999,
    "defense": 253.901484,
    "specialized": 0
  },
  "22": {
    "level": 22,
    "ascension": 1,
    "hp": 3486.8858448,
    "attack": 80.915376,
    "defense": 260.004144,
    "specialized": 0
  },
  "23": {
    "level": 23,
    "ascension": 1,
    "hp": 3568.7283668000005,
    "attack": 82.814616,
    "defense": 266.106804,
    "specialized": 0
  },
  "24": {
    "level": 24,
    "ascension": 1,
    "hp": 3650.5708888000004,
    "attack": 84.713856,
    "defense": 272.209464,
    "specialized": 0
  },
  "25": {
    "level": 25,
    "ascension": 1,
    "hp": 3732.4134108000003,
    "attack": 86.613096,
    "defense": 278.31212400000004,
    "specialized": 0
  },
  "26": {
    "level": 26,
    "ascension": 1,
    "hp": 3815.218786,
    "attack": 88.53468000000001,
    "defense": 284.48658,
    "specialized": 0
  },
  "27": {
    "level": 27,
    "ascension": 1,
    "hp": 3897.061308,
    "attack": 90.43392,
    "defense": 290.58924,
    "specialized": 0
  },
  "28": {
    "level": 28,
    "ascension": 1,
    "hp": 3978.90383,
    "attack": 92.33316,
    "defense": 296.69190000000003,
    "specialized": 0
  },
  "29": {
    "level": 29,
    "ascension": 1,
    "hp": 4061.7092052000003,
    "attack": 94.254744,
    "defense": 302.86635600000005,
    "specialized": 0
  },
  "30": {
    "level": 30,
    "ascension": 1,
    "hp": 4143.5517272,
    "attack": 96.15398400000001,
    "defense": 308.969016,
    "specialized": 0
  },
  "31": {
    "level": 31,
    "ascension": 1,
    "hp": 4226.3571024,
    "attack": 98.075568,
    "defense": 315.14347200000003,
    "specialized": 0
  },
  "32": {
    "level": 32,
    "ascension": 1,
    "hp": 4309.1624776,
    "attack": 99.997152,
    "defense": 321.317928,
    "specialized": 0
  },
  "33": {
    "level": 33,
    "ascension": 1,
    "hp": 4391.9678528,
    "attack": 101.91873600000001,
    "defense": 327.492384,
    "specialized": 0
  },
  "34": {
    "level": 34,
    "ascension": 1,
    "hp": 4473.8103748,
    "attack": 103.817976,
    "defense": 333.59504400000003,
    "specialized": 0
  },
  "35": {
    "level": 35,
    "ascension": 1,
    "hp": 4556.61575,
    "attack": 105.73956,
    "defense": 339.76950000000005,
    "specialized": 0
  },
  "36": {
    "level": 36,
    "ascension": 1,
    "hp": 4640.3839784,
    "attack": 107.68348800000001,
    "defense": 346.015752,
    "specialized": 0
  },
  "37": {
    "level": 37,
    "ascension": 1,
    "hp": 4723.189353600001,
    "attack": 109.605072,
    "defense": 352.19020800000004,
    "specialized": 0
  },
  "38": {
    "level": 38,
    "ascension": 1,
    "hp": 4805.9947288,
    "attack": 111.52665600000002,
    "defense": 358.36466400000006,
    "specialized": 0
  },
  "39": {
    "level": 39,
    "ascension": 1,
    "hp": 4888.800104,
    "attack": 113.44824,
    "defense": 364.53912,
    "specialized": 0
  },
  "40": {
    "level": 40,
    "ascension": 1,
    "hp": 4972.5683324,
    "attack": 115.39216800000001,
    "defense": 370.78537200000005,
    "specialized": 0
  },
  "41": {
    "level": 41,
    "ascension": 2,
    "hp": 5641.9555076,
    "attack": 130.924992,
    "defense": 420.699828,
    "specialized": 0.0554
  },
  "42": {
    "level": 42,
    "ascension": 2,
    "hp": 5725.723736,
    "attack": 132.86892,
    "defense": 426.94608000000005,
    "specialized": 0.0554
  },
  "43": {
    "level": 43,
    "ascension": 2,
    "hp": 5809.4919644,
    "attack": 134.812848,
    "defense": 433.1923320000001,
    "specialized": 0.0554
  },
  "44": {
    "level": 44,
    "ascension": 2,
    "hp": 5892.2973396,
    "attack": 136.734432,
    "defense": 439.366788,
    "specialized": 0.0554
  },
  "45": {
    "level": 45,
    "ascension": 2,
    "hp": 5976.065568,
    "attack": 138.67836,
    "defense": 445.61304000000007,
    "specialized": 0.0554
  },
  "46": {
    "level": 46,
    "ascension": 2,
    "hp": 6059.8337964,
    "attack": 140.622288,
    "defense": 451.85929200000004,
    "specialized": 0.0554
  },
  "47": {
    "level": 47,
    "ascension": 2,
    "hp": 6143.6020248,
    "attack": 142.566216,
    "defense": 458.105544,
    "specialized": 0.0554
  },
  "48": {
    "level": 48,
    "ascension": 2,
    "hp": 6227.370253200001,
    "attack": 144.51014400000003,
    "defense": 464.3517960000001,
    "specialized": 0.0554
  },
  "49": {
    "level": 49,
    "ascension": 2,
    "hp": 6312.1013348,
    "attack": 146.47641600000003,
    "defense": 470.66984400000007,
    "specialized": 0.0554
  },
  "50": {
    "level": 50,
    "ascension": 2,
    "hp": 6395.8695632,
    "attack": 148.420344,
    "defense": 476.91609600000004,
    "specialized": 0.0554
  },
  "51": {
    "level": 51,
    "ascension": 3,
    "hp": 7261.7468916,
    "attack": 168.512592,
    "defense": 541.482348,