{
  "1": {
    "level": 1,
    "ascension": 0,
    "hp": 1004.79926,
    "attack": 26.2542,
    "defense": 61.44541,
    "specialized": 0
  },
  "2": {
    "level": 2,
    "ascension": 0,
    "hp": 1088.19759858,
    "attack": 28.4332986,
    "defense": 66.54537903,
    "specialized": 0
  },
  "3": {
    "level": 3,
    "ascension": 0,
    "hp": 1171.59593716,
    "attack": 30.6123972,
    "defense": 71.64534806,
    "specialized": 0
  },
  "4": {
    "level": 4,
    "ascension": 0,
    "hp": 1255.999075,
    "attack": 32.817750000000004,
    "defense": 76.8067625,
    "specialized": 0
  },
  "5": {
    "level": 5,
    "ascension": 0,
    "hp": 1339.39741358,
    "attack": 34.9968486,
    "defense": 81.90673153,
    "specialized": 0
  },
  "6": {
    "level": 6,
    "ascension": 0,
    "hp": 1423.8005514200001,
    "attack": 37.2022014,
    "defense": 87.06814597,
    "specialized": 0
  },
  "7": {
    "level": 7,
    "ascension": 0,
    "hp": 1507.1988900000001,
    "attack": 39.3813,
    "defense": 92.168115,
    "specialized": 0
  },
  "8": {
    "level": 8,
    "ascension": 0,
    "hp": 1591.6020278400001,
    "attack": 41.5866528,
    "defense": 97.32952944,
    "specialized": 0
  },
  "9": {
    "level": 9,
    "ascension": 0,
    "hp": 1676.00516568,
    "attack": 43.7920056,
    "defense": 102.49094388,
    "specialized": 0
  },
  "10": {
    "level": 10,
    "ascension": 0,
    "hp": 1759.4035042599999,
    "attack": 45.9711042,
    "defense": 107.59091291,
    "specialized": 0
  },
  "11": {
    "level": 11,
    "ascension": 0,
    "hp": 1843.8066420999999,
    "attack": 48.176457,
    "defense": 112.75232735,
    "specialized": 0
  },
  "12": {
    "level": 12,
    "ascension": 0,
    "hp": 1928.20977994,
    "attack": 50.3818098,
    "defense": 117.91374179,
    "specialized": 0
  },
  "13": {
    "level": 13,
    "ascension": 0,
    "hp": 2012.61291778,
    "attack": 52.587162600000006,
    "defense": 123.07515623000002,
    "specialized": 0
  },
  "14": {
    "level": 14,
    "ascension": 0,
    "hp": 2098.02085488,
    "attack": 54.8187696,
    "defense": 128.29801608,
    "specialized": 0
  },
  "15": {
    "level": 15,
    "ascension": 0,
    "hp": 2182.42399272,
    "attack": 57.0241224,
    "defense": 133.45943052,
    "specialized": 0
  },
  "16": {
    "level": 16,
    "ascension": 0,
    "hp": 2266.8271305599997,
    "attack": 59.229475199999996,
    "defense": 138.62084496,
    "specialized": 0
  },
  "17": {
    "level": 17,
    "ascension": 0,
    "hp": 2352.2350676600004,
    "attack": 61.46108220000001,
    "defense": 143.84370481000002,
    "specialized": 0
  },
  "18": {
    "level": 18,
    "ascension": 0,
    "hp": 2436.6382055,
    "attack": 63.666435,
    "defense": 149.00511925,
    "specialized": 0
  },
  "19": {
    "level": 19,
    "ascension": 0,
    "hp": 2522.0461425999997,
    "attack": 65.89804199999999,
    "defense": 154.2279791,
    "specialized": 0
  },
  "20": {
    "level": 20,
    "ascension": 0,
    "hp": 2606.4492804399997,
    "attack": 68.1033948,
    "defense": 159.38939354,
    "specialized": 0
  },
  "21": {
    "level": 21,
    "ascension": 1,
    "hp": 3553.38175754,
    "attack": 92.8439608,
    "defense": 217.29735339,
    "specialized": 0
  },
  "22": {
    "level": 22,
    "ascension": 1,
    "hp": 3638.7896946399997,
    "attack": 95.0755678,
    "defense": 222.52021324,
    "specialized": 0
  },
  "23": {
    "level": 23,
    "ascension": 1,
    "hp": 3724.19763174,
    "attack": 97.30717480000001,
    "defense": 227.74307309000002,
    "specialized": 0
  },
  "24": {
    "level": 24,
    "ascension": 1,
    "hp": 3809.60556884,
    "attack": 99.53878180000001,
    "defense": 232.96593294000002,
    "specialized": 0
  },
  "25": {
    "level": 25,
    "ascension": 1,
    "hp": 3895.01350594,
    "attack": 101.7703888,
    "defense": 238.18879279,
    "specialized": 0
  },
  "26": {
    "level": 26,
    "ascension": 1,
    "hp": 3981.4262423,
    "attack": 104.02825,
    "defense": 243.47309805,
    "specialized": 0
  },
  "27": {
    "level": 27,
    "ascension": 1,
    "hp": 4066.8341794,
    "attack": 106.25985700000001,
    "defense": 248.6959579,
    "specialized": 0
  },
  "28": {
    "level": 28,
    "ascension": 1,
    "hp": 4152.2421165,
    "attack": 108.49146400000001,
    "defense": 253.91881775000002,
    "specialized": 0
  },
  "29": {
    "level": 29,
    "ascension": 1,
    "hp": 4238.654852860001,
    "attack": 110.74932520000002,
    "defense": 259.20312301,
    "specialized": 0
  },
  "30": {
    "level": 30,
    "ascension": 1,
    "hp": 4324.06278996,
    "attack": 112.98093220000001,
    "defense": 264.42598286000003,
    "specialized": 0
  },
  "31": {
    "level": 31,
    "ascension": 1,
    "hp": 4410.47552632,
    "attack": 115.2387934,
    "defense": 269.71028812000003,
    "specialized": 0
  },
  "32": {
    "level": 32,
    "ascension": 1,
    "hp": 4496.88826268,
    "attack": 117.4966546,
    "defense": 274.99459337999997,
    "specialized": 0
  },
  "33": {
    "level": 33,
    "ascension": 1,
    "hp": 4583.3009990400005,
    "attack": 119.75451580000001,
    "defense": 280.27889864,
    "specialized": 0
  },
  "34": {
    "level": 34,
    "ascension": 1,
    "hp": 4668.70893614,
    "attack": 121.98612280000002,
    "defense": 285.50175849,
    "specialized": 0
  },
  "35": {
    "level": 35,
    "ascension": 1,
    "hp": 4755.1216725,
    "attack": 124.24398400000001,
    "defense": 290.78606375,
    "specialized": 0
  },
  "36": {
    "level": 36,
    "ascension": 1,
    "hp": 4842.539208120001,
    "attack": 126.52809940000002,
    "defense": 296.13181442,
    "specialized": 0
  },
  "37": {
    "level": 37,
    "ascension": 1,
    "hp": 4928.95194448,
    "attack": 128.7859606,
    "defense": 301.41611968,
    "specialized": 0
  },
  "38": {
    "level": 38,
    "ascension": 1,
    "hp": 5015.364680840001,
    "attack": 131.04382180000002,
    "defense": 306.70042494,
    "specialized": 0
  },
  "39": {
    "level": 39,
    "ascension": 1,
    "hp": 5101.7774172,
    "attack": 133.301683,
    "defense": 311.98473019999994,
    "specialized": 0
  },
  "40": {
    "level": 40,
    "ascension": 1,
    "hp": 5189.194952820001,
    "attack": 135.58579840000002,
    "defense": 317.33048087000003,
    "specialized": 0
  },
  "41": {
    "level": 41,
    "ascension": 2,
    "hp": 5887.74354918,
    "attack": 153.8368676,
    "defense": 360.04893613,
    "specialized": 0.08
  },
  "42": {
    "level": 42,
    "ascension": 2,
    "hp": 5975.1610848,
    "attack": 156.12098300000002,
    "defense": 365.39468680000004,
    "specialized": 0.08
  },
  "43": {
    "level": 43,
    "ascension": 2,
    "hp": 6062.57862042,
    "attack": 158.4050984,
    "defense": 370.74043746999996,
    "specialized": 0.08
  },
  "44": {
    "level": 44,
    "ascension": 2,
    "hp": 6148.9913567799995,
    "attack": 160.6629596,
    "defense": 376.02474272999996,
    "specialized": 0.08
  },
  "45": {
    "level": 45,
    "ascension": 2,
    "hp": 6236.4088924,
    "attack": 162.947075,
    "defense": 381.3704934,
    "specialized": 0.08
  },
  "46": {
    "level": 46,
    "ascension": 2,
    "hp": 6323.82642802,
    "attack": 165.2311904,
    "defense": 386.71624407,
    "specialized": 0.08
  },
  "47": {
    "level": 47,
    "ascension": 2,
    "hp": 6411.2439636399995,
    "attack": 167.51530580000002,
    "defense": 392.06199473999993,
    "specialized": 0.08
  },
  "48": {
    "level": 48,
    "ascension": 2,
    "hp": 6498.66149926,
    "attack": 169.79942120000004,
    "defense": 397.4077454100001,
    "specialized": 0.08
  },
  "49": {
    "level": 49,
    "ascension": 2,
    "hp": 6587.08383414,
    "attack": 172.10979080000004,
    "defense": 402.81494149,
    "specialized": 0.08
  },
  "50": {
    "level": 50,
    "ascension": 2,
    "hp": 6674.50136976,
    "attack": 174.3939062,
    "defense": 408.16069216000005,
    "specialized": 0.08
  },
  "51": {
    "level": 51,