{
  "1": {
    "level": 1,
    "ascension": 0,
    "hp": 1002.9701,
    "attack": 19.5888,
    "defense": 62.9475,
    "specialized": 0
  },
  "2": {
    "level": 2,
    "ascension": 0,
    "hp": 1086.2166183,
    "attack": 21.2146704,
    "defense": 68.17214249999999,
    "specialized": 0
  },
  "3": {
    "level": 3,
    "ascension": 0,
    "hp": 1168.4601665,
    "attack": 22.820952,
    "defense": 73.3338375,
    "specialized": 0
  },
  "4": {
    "level": 4,
    "ascension": 0,
    "hp": 1251.7066848,
    "attack": 24.4468224,
    "defense": 78.55848,
    "specialized": 0
  },
  "5": {
    "level": 5,
    "ascension": 0,
    "hp": 1333.950233,
    "attack": 26.053104,
    "defense": 83.720175,
    "specialized": 0
  },
  "6": {
    "level": 6,
    "ascension": 0,
    "hp": 1417.1967513,
    "attack": 27.678974399999998,
    "defense": 88.9448175,
    "specialized": 0
  },
  "7": {
    "level": 7,
    "ascension": 0,
    "hp": 1499.4402995,
    "attack": 29.285256,
    "defense": 94.10651250000001,
    "specialized": 0
  },
  "8": {
    "level": 8,
    "ascension": 0,
    "hp": 1582.6868178,
    "attack": 30.9111264,
    "defense": 99.331155,
    "specialized": 0
  },
  "9": {
    "level": 9,
    "ascension": 0,
    "hp": 1665.9333361000001,
    "attack": 32.5369968,
    "defense": 104.5557975,
    "specialized": 0
  },
  "10": {
    "level": 10,
    "ascension": 0,
    "hp": 1748.1768843000002,
    "attack": 34.1432784,
    "defense": 109.7174925,
    "specialized": 0
  },
  "11": {
    "level": 11,
    "ascension": 0,
    "hp": 1831.4234026000001,
    "attack": 35.769148799999996,
    "defense": 114.94213500000001,
    "specialized": 0
  },
  "12": {
    "level": 12,
    "ascension": 0,
    "hp": 1913.6669508,
    "attack": 37.3754304,
    "defense": 120.10382999999999,
    "specialized": 0
  },
  "13": {
    "level": 13,
    "ascension": 0,
    "hp": 1996.9134691000002,
    "attack": 39.0013008,
    "defense": 125.3284725,
    "specialized": 0
  },
  "14": {
    "level": 14,
    "ascension": 0,
    "hp": 2079.1570173,
    "attack": 40.6075824,
    "defense": 130.49016749999998,
    "specialized": 0
  },
  "15": {
    "level": 15,
    "ascension": 0,
    "hp": 2162.4035356,
    "attack": 42.2334528,
    "defense": 135.71481,
    "specialized": 0
  },
  "16": {
    "level": 16,
    "ascension": 0,
    "hp": 2245.6500539,
    "attack": 43.8593232,
    "defense": 140.9394525,
    "specialized": 0
  },
  "17": {
    "level": 17,
    "ascension": 0,
    "hp": 2327.8936021,
    "attack": 45.4656048,
    "defense": 146.1011475,
    "specialized": 0
  },
  "18": {
    "level": 18,
    "ascension": 0,
    "hp": 2411.1401204,
    "attack": 47.0914752,
    "defense": 151.32578999999998,
    "specialized": 0
  },
  "19": {
    "level": 19,
    "ascension": 0,
    "hp": 2493.3836686000004,
    "attack": 48.6977568,
    "defense": 156.48748500000002,
    "specialized": 0
  },
  "20": {
    "level": 20,
    "ascension": 0,
    "hp": 2576.6301869,
    "attack": 50.3236272,
    "defense": 161.71212749999998,
    "specialized": 0
  },
  "21": {
    "level": 21,
    "ascension": 1,
    "hp": 3408.1437351,
    "attack": 66.5640888,
    "defense": 213.8988225,
    "specialized": 0
  },
  "22": {
    "level": 22,
    "ascension": 1,
    "hp": 3491.3902534,
    "attack": 68.1899592,
    "defense": 219.123465,
    "specialized": 0
  },
  "23": {
    "level": 23,
    "ascension": 1,
    "hp": 3574.6367717000003,
    "attack": 69.8158296,
    "defense": 224.3481075,
    "specialized": 0
  },
  "24": {
    "level": 24,
    "ascension": 1,
    "hp": 3656.8803199,
    "attack": 71.42211119999999,
    "defense": 229.5098025,
    "specialized": 0
  },
  "25": {
    "level": 25,
    "ascension": 1,
    "hp": 3740.1268382000003,
    "attack": 73.0479816,
    "defense": 234.73444500000002,
    "specialized": 0
  },
  "26": {
    "level": 26,
    "ascension": 1,
    "hp": 3822.3703864,
    "attack": 74.6542632,
    "defense": 239.89614,
    "specialized": 0
  },
  "27": {
    "level": 27,
    "ascension": 1,
    "hp": 3905.6169047,
    "attack": 76.2801336,
    "defense": 245.1207825,
    "specialized": 0
  },
  "28": {
    "level": 28,
    "ascension": 1,
    "hp": 3987.8604529,
    "attack": 77.8864152,
    "defense": 250.2824775,
    "specialized": 0
  },
  "29": {
    "level": 29,
    "ascension": 1,
    "hp": 4071.1069712,
    "attack": 79.5122856,
    "defense": 255.50712,
    "specialized": 0
  },
  "30": {
    "level": 30,
    "ascension": 1,
    "hp": 4153.3505194,
    "attack": 81.1185672,
    "defense": 260.668815,
    "specialized": 0
  },
  "31": {
    "level": 31,
    "ascension": 1,
    "hp": 4236.597037699999,
    "attack": 82.7444376,
    "defense": 265.89345749999995,
    "specialized": 0
  },
  "32": {
    "level": 32,
    "ascension": 1,
    "hp": 4319.843556,
    "attack": 84.370308,
    "defense": 271.11809999999997,
    "specialized": 0
  },
  "33": {
    "level": 33,
    "ascension": 1,
    "hp": 4402.0871042,
    "attack": 85.9765896,
    "defense": 276.279795,
    "specialized": 0
  },
  "34": {
    "level": 34,
    "ascension": 1,
    "hp": 4485.3336225,
    "attack": 87.60246,
    "defense": 281.5044375,
    "specialized": 0
  },
  "35": {
    "level": 35,
    "ascension": 1,
    "hp": 4567.5771707,
    "attack": 89.2087416,
    "defense": 286.6661325,
    "specialized": 0
  },
  "36": {
    "level": 36,
    "ascension": 1,
    "hp": 4650.823689000001,
    "attack": 90.83461199999999,
    "defense": 291.890775,
    "specialized": 0
  },
  "37": {
    "level": 37,
    "ascension": 1,
    "hp": 4733.0672372,
    "attack": 92.4408936,
    "defense": 297.05246999999997,
    "specialized": 0
  },
  "38": {
    "level": 38,
    "ascension": 1,
    "hp": 4816.313755499999,
    "attack": 94.06676399999999,
    "defense": 302.2771125,
    "specialized": 0
  },
  "39": {
    "level": 39,
    "ascension": 1,
    "hp": 4899.5602738,
    "attack": 95.69263439999999,
    "defense": 307.50175499999995,
    "specialized": 0
  },
  "40": {
    "level": 40,
    "ascension": 1,
    "hp": 4981.803822,
    "attack": 97.29891599999999,
    "defense": 312.66344999999995,
    "specialized": 0
  },
  "41": {
    "level": 41,
    "ascension": 2,
    "hp": 5597.4264403,
    "attack": 109.3227564,
    "defense": 351.3005925,
    "specialized": 0.075
  },
  "42": {
    "level": 42,
    "ascension": 2,
    "hp": 5679.6699885,
    "attack": 110.92903799999999,
    "defense": 356.4622875,
    "specialized": 0.075
  },
  "43": {
    "level": 43,
    "ascension": 2,
    "hp": 5762.9165068,
    "attack": 112.5549084,
    "defense": 361.68692999999996,
    "specialized": 0.075
  },
  "44": {
    "level": 44,
    "ascension": 2,
    "hp": 5845.160054999999,
    "attack": 114.16118999999999,
    "defense": 366.84862499999997,
    "specialized": 0.075
  },
  "45": {
    "level": 45,
    "ascension": 2,
    "hp": 5928.4065733,
    "attack": 115.7870604,
    "defense": 372.0732675,
    "specialized": 0.075
  },
  "46": {
    "level": 46,
    "ascension": 2,
    "hp": 6011.6530916,
    "attack": 117.4129308,
    "defense": 377.29791,
    "specialized": 0.075
  },
  "47": {
    "level": 47,
    "ascension": 2,
    "hp": 6093.8966398,
    "attack": 119.0192124,
    "defense": 382.459605,
    "specialized": 0.075
  },
  "48": {
    "level": 48,
    "ascension": 2,
    "hp": 6177.143158100001,
    "attack": 120.6450828,
    "defense": 387.6842475,
    "specialized": 0.075
  },
  "49": {
    "level": 49,
    "ascension": 2,
    "hp": 6259.3867063,
    "attack": 122.2513644,
    "defense": 392.8459425,
    "specialized": 0.075
  },
  "50": {
    "level": 50,
    "ascension": 2,
    "hp": 6342.6332246,
    "attack": 123.8772348,
    "defense": 398.070585,
    "specialized": 0.075
  },
  "51": {
    "level": 51,
    "ascension": 3,
    "hp": 7134.711472800001,
    "attack": 139.3474764,
    "defense": 447.78228,
    "specialized": 0.15
  },
  "52": {
    "level": 52,
    "ascension": 3,