{
  "1": {
    "level": 1,
    "ascension": 0,
    "hp": 1030.3239,
    "attack": 20.12304,
    "defense": 59.514,
    "specialized": 0
  },
  "2": {
    "level": 2,
    "ascension": 0,
    "hp": 1115.8407837,
    "attack": 21.79325232,
    "defense": 64.453662,
    "specialized": 0
  },
  "3": {
    "level": 3,
    "ascension": 0,
    "hp": 1200.3273435,
    "attack": 23.4433416,
    "defense": 69.33381,
    "specialized": 0
  },
  "4": {
    "level": 4,
    "ascension": 0,
    "hp": 1285.8442272000002,
    "attack": 25.11355392,
    "defense": 74.273472,
    "specialized": 0
  },
  "5": {
    "level": 5,
    "ascension": 0,
    "hp": 1370.330787,
    "attack": 26.7636432,
    "defense": 79.15362,
    "specialized": 0
  },
  "6": {
    "level": 6,
    "ascension": 0,
    "hp": 1455.8476707000002,
    "attack": 28.43385552,
    "defense": 84.093282,
    "specialized": 0
  },
  "7": {
    "level": 7,
    "ascension": 0,
    "hp": 1540.3342305000003,
    "attack": 30.0839448,
    "defense": 88.97343000000001,
    "specialized": 0
  },
  "8": {
    "level": 8,
    "ascension": 0,
    "hp": 1625.8511142000002,
    "attack": 31.754157120000002,
    "defense": 93.913092,
    "specialized": 0
  },
  "9": {
    "level": 9,
    "ascension": 0,
    "hp": 1711.3679979,
    "attack": 33.42436944,
    "defense": 98.852754,
    "specialized": 0
  },
  "10": {
    "level": 10,
    "ascension": 0,
    "hp": 1795.8545577000002,
    "attack": 35.07445872,
    "defense": 103.73290200000001,
    "specialized": 0
  },
  "11": {
    "level": 11,
    "ascension": 0,
    "hp": 1881.3714414000003,
    "attack": 36.74467104,
    "defense": 108.67256400000001,
    "specialized": 0
  },
  "12": {
    "level": 12,
    "ascension": 0,
    "hp": 1965.8580012,
    "attack": 38.394760319999996,
    "defense": 113.552712,
    "specialized": 0
  },
  "13": {
    "level": 13,
    "ascension": 0,
    "hp": 2051.3748849000003,
    "attack": 40.06497264,
    "defense": 118.49237400000001,
    "specialized": 0
  },
  "14": {
    "level": 14,
    "ascension": 0,
    "hp": 2135.8614447,
    "attack": 41.71506192,
    "defense": 123.372522,
    "specialized": 0
  },
  "15": {
    "level": 15,
    "ascension": 0,
    "hp": 2221.3783284000006,
    "attack": 43.38527424,
    "defense": 128.312184,
    "specialized": 0
  },
  "16": {
    "level": 16,
    "ascension": 0,
    "hp": 2306.8952121,
    "attack": 45.05548656,
    "defense": 133.251846,
    "specialized": 0
  },
  "17": {
    "level": 17,
    "ascension": 0,
    "hp": 2391.3817719000003,
    "attack": 46.70557584,
    "defense": 138.13199400000002,
    "specialized": 0
  },
  "18": {
    "level": 18,
    "ascension": 0,
    "hp": 2476.8986556,
    "attack": 48.37578816,
    "defense": 143.071656,
    "specialized": 0
  },
  "19": {
    "level": 19,
    "ascension": 0,
    "hp": 2561.3852154000006,
    "attack": 50.02587744,
    "defense": 147.951804,
    "specialized": 0
  },
  "20": {
    "level": 20,
    "ascension": 0,
    "hp": 2646.9020991,
    "attack": 51.69608976,
    "defense": 152.891466,
    "specialized": 0
  },
  "21": {
    "level": 21,
    "ascension": 1,
    "hp": 3501.0933089,
    "attack": 68.37947304,
    "defense": 202.231614,
    "specialized": 0
  },
  "22": {
    "level": 22,
    "ascension": 1,
    "hp": 3586.6101926000006,
    "attack": 70.04968536,
    "defense": 207.171276,
    "specialized": 0
  },
  "23": {
    "level": 23,
    "ascension": 1,
    "hp": 3672.1270763000007,
    "attack": 71.71989768,
    "defense": 212.11093800000003,
    "specialized": 0
  },
  "24": {
    "level": 24,
    "ascension": 1,
    "hp": 3756.6136361000003,
    "attack": 73.36998696,
    "defense": 216.99108600000002,
    "specialized": 0
  },
  "25": {
    "level": 25,
    "ascension": 1,
    "hp": 3842.1305198000005,
    "attack": 75.04019928000001,
    "defense": 221.93074800000002,
    "specialized": 0
  },
  "26": {
    "level": 26,
    "ascension": 1,
    "hp": 3926.6170796000006,
    "attack": 76.69028856,
    "defense": 226.810896,
    "specialized": 0
  },
  "27": {
    "level": 27,
    "ascension": 1,
    "hp": 4012.1339633000002,
    "attack": 78.36050087999999,
    "defense": 231.750558,
    "specialized": 0
  },
  "28": {
    "level": 28,
    "ascension": 1,
    "hp": 4096.6205231,
    "attack": 80.01059015999999,
    "defense": 236.63070600000003,
    "specialized": 0
  },
  "29": {
    "level": 29,
    "ascension": 1,
    "hp": 4182.1374068000005,
    "attack": 81.68080248,
    "defense": 241.570368,
    "specialized": 0
  },
  "30": {
    "level": 30,
    "ascension": 1,
    "hp": 4266.6239666,
    "attack": 83.33089176,
    "defense": 246.45051600000002,
    "specialized": 0
  },
  "31": {
    "level": 31,
    "ascension": 1,
    "hp": 4352.1408503,
    "attack": 85.00110407999999,
    "defense": 251.39017800000002,
    "specialized": 0
  },
  "32": {
    "level": 32,
    "ascension": 1,
    "hp": 4437.657734,
    "attack": 86.6713164,
    "defense": 256.32984,
    "specialized": 0
  },
  "33": {
    "level": 33,
    "ascension": 1,
    "hp": 4522.1442938,
    "attack": 88.32140568,
    "defense": 261.209988,
    "specialized": 0
  },
  "34": {
    "level": 34,
    "ascension": 1,
    "hp": 4607.6611775,
    "attack": 89.991618,
    "defense": 266.14965,
    "specialized": 0
  },
  "35": {
    "level": 35,
    "ascension": 1,
    "hp": 4692.1477373,
    "attack": 91.64170727999999,
    "defense": 271.029798,
    "specialized": 0
  },
  "36": {
    "level": 36,
    "ascension": 1,
    "hp": 4777.664621000001,
    "attack": 93.3119196,
    "defense": 275.96946,
    "specialized": 0
  },
  "37": {
    "level": 37,
    "ascension": 1,
    "hp": 4862.1511808000005,
    "attack": 94.96200888,
    "defense": 280.849608,
    "specialized": 0
  },
  "38": {
    "level": 38,
    "ascension": 1,
    "hp": 4947.6680645,
    "attack": 96.63222119999999,
    "defense": 285.78927,
    "specialized": 0
  },
  "39": {
    "level": 39,
    "ascension": 1,
    "hp": 5033.1849482,
    "attack": 98.30243352,
    "defense": 290.728932,
    "specialized": 0
  },
  "40": {
    "level": 40,
    "ascension": 1,
    "hp": 5117.671507999999,
    "attack": 99.9525228,
    "defense": 295.60908,
    "specialized": 0
  },
  "41": {
    "level": 41,
    "ascension": 2,
    "hp": 5750.083841700001,
    "attack": 112.30428712,
    "defense": 332.13874200000004,
    "specialized": 0.06
  },
  "42": {
    "level": 42,
    "ascension": 2,
    "hp": 5834.570401500001,
    "attack": 113.9543764,
    "defense": 337.01889,
    "specialized": 0.06
  },
  "43": {
    "level": 43,
    "ascension": 2,
    "hp": 5920.087285200001,
    "attack": 115.62458871999999,
    "defense": 341.958552,
    "specialized": 0.06
  },
  "44": {
    "level": 44,
    "ascension": 2,
    "hp": 6004.573845000001,
    "attack": 117.274678,
    "defense": 346.8387,
    "specialized": 0.06
  },
  "45": {
    "level": 45,
    "ascension": 2,
    "hp": 6090.090728700001,
    "attack": 118.94489032000001,
    "defense": 351.778362,
    "specialized": 0.06
  },
  "46": {
    "level": 46,
    "ascension": 2,
    "hp": 6175.607612400001,
    "attack": 120.61510264,
    "defense": 356.718024,
    "specialized": 0.06
  },
  "47": {
    "level": 47,
    "ascension": 2,
    "hp": 6260.094172200001,
    "attack": 122.26519192,
    "defense": 361.59817200000003,
    "specialized": 0.06
  },
  "48": {
    "level": 48,
    "ascension": 2,
    "hp": 6345.611055900001,
    "attack": 123.93540424,
    "defense": 366.53783400000003,
    "specialized": 0.06
  },
  "49": {
    "level": 49,
    "ascension": 2,
    "hp": 6430.0976157000005,
    "attack": 125.58549352,
    "defense": 371.41798200000005,
    "specialized": 0.06
  },
  "50": {
    "level": 50,
    "ascension": 2,
    "hp": 6515.614499400001,
    "attack": 127.25570584000002,
    "defense": 376.35764400000005,
    "specialized": 0.06
  },
  "51": {
    "level": 51,
    "ascension": 3,
    "hp": 7329.2949592,
    "attack": 143.14786212,