{
  "1": {
    "level": 1,
    "ascension": 0,
    "hp": 1048.652,
    "attack": 18.2476,
    "defense": 51.15465,
    "specialized": 0
  },
  "2": {
    "level": 2,
    "ascension": 0,
    "hp": 1135.690116,
    "attack": 19.762150799999997,
    "defense": 55.40048595,
    "specialized": 0
  },
  "3": {
    "level": 3,
    "ascension": 0,
    "hp": 1222.728232,
    "attack": 21.276701599999996,
    "defense": 59.64632189999999,
    "specialized": 0
  },
  "4": {
    "level": 4,
    "ascension": 0,
    "hp": 1310.815,
    "attack": 22.8095,
    "defense": 63.9433125,
    "specialized": 0
  },
  "5": {
    "level": 5,
    "ascension": 0,
    "hp": 1397.853116,
    "attack": 24.3240508,
    "defense": 68.18914844999999,
    "specialized": 0
  },
  "6": {
    "level": 6,
    "ascension": 0,
    "hp": 1485.9398840000001,
    "attack": 25.8568492,
    "defense": 72.48613904999999,
    "specialized": 0
  },
  "7": {
    "level": 7,
    "ascension": 0,
    "hp": 1572.978,
    "attack": 27.371399999999998,
    "defense": 76.73197499999999,
    "specialized": 0
  },
  "8": {
    "level": 8,
    "ascension": 0,
    "hp": 1661.0647680000002,
    "attack": 28.9041984,
    "defense": 81.02896559999999,
    "specialized": 0
  },
  "9": {
    "level": 9,
    "ascension": 0,
    "hp": 1749.151536,
    "attack": 30.436996799999996,
    "defense": 85.3259562,
    "specialized": 0
  },
  "10": {
    "level": 10,
    "ascension": 0,
    "hp": 1836.189652,
    "attack": 31.951547599999994,
    "defense": 89.57179215,
    "specialized": 0
  },
  "11": {
    "level": 11,
    "ascension": 0,
    "hp": 1924.2764200000001,
    "attack": 33.484345999999995,
    "defense": 93.86878275,
    "specialized": 0
  },
  "12": {
    "level": 12,
    "ascension": 0,
    "hp": 2012.363188,
    "attack": 35.0171444,
    "defense": 98.16577335,
    "specialized": 0
  },
  "13": {
    "level": 13,
    "ascension": 0,
    "hp": 2100.4499560000004,
    "attack": 36.5499428,
    "defense": 102.46276395,
    "specialized": 0
  },
  "14": {
    "level": 14,
    "ascension": 0,
    "hp": 2189.585376,
    "attack": 38.100988799999996,
    "defense": 106.8109092,
    "specialized": 0
  },
  "15": {
    "level": 15,
    "ascension": 0,
    "hp": 2277.672144,
    "attack": 39.6337872,
    "defense": 111.1078998,
    "specialized": 0
  },
  "16": {
    "level": 16,
    "ascension": 0,
    "hp": 2365.758912,
    "attack": 41.16658559999999,
    "defense": 115.40489039999999,
    "specialized": 0
  },
  "17": {
    "level": 17,
    "ascension": 0,
    "hp": 2454.8943320000003,
    "attack": 42.7176316,
    "defense": 119.75303565,
    "specialized": 0
  },
  "18": {
    "level": 18,
    "ascension": 0,
    "hp": 2542.9811,
    "attack": 44.250429999999994,
    "defense": 124.05002624999999,
    "specialized": 0
  },
  "19": {
    "level": 19,
    "ascension": 0,
    "hp": 2632.11652,
    "attack": 45.801475999999994,
    "defense": 128.3981715,
    "specialized": 0
  },
  "20": {
    "level": 20,
    "ascension": 0,
    "hp": 2720.203288,
    "attack": 47.33427439999999,
    "defense": 132.69516209999998,
    "specialized": 0
  },
  "21": {
    "level": 21,
    "ascension": 1,
    "hp": 3708.4629779999996,
    "attack": 64.52984439999999,
    "defense": 180.90480735,
    "specialized": 0
  },
  "22": {
    "level": 22,
    "ascension": 1,
    "hp": 3797.598398,
    "attack": 66.08089039999999,
    "defense": 185.2529526,
    "specialized": 0
  },
  "23": {
    "level": 23,
    "ascension": 1,
    "hp": 3886.7338180000006,
    "attack": 67.6319364,
    "defense": 189.60109785,
    "specialized": 0
  },
  "24": {
    "level": 24,
    "ascension": 1,
    "hp": 3975.869238,
    "attack": 69.1829824,
    "defense": 193.94924310000002,
    "specialized": 0
  },
  "25": {
    "level": 25,
    "ascension": 1,
    "hp": 4065.004658,
    "attack": 70.7340284,
    "defense": 198.29738835,
    "specialized": 0
  },
  "26": {
    "level": 26,
    "ascension": 1,
    "hp": 4155.18873,
    "attack": 72.303322,
    "defense": 202.69668825,
    "specialized": 0
  },
  "27": {
    "level": 27,
    "ascension": 1,
    "hp": 4244.32415,
    "attack": 73.854368,
    "defense": 207.04483349999998,
    "specialized": 0
  },
  "28": {
    "level": 28,
    "ascension": 1,
    "hp": 4333.45957,
    "attack": 75.405414,
    "defense": 211.39297875,
    "specialized": 0
  },
  "29": {
    "level": 29,
    "ascension": 1,
    "hp": 4423.643642,
    "attack": 76.9747076,
    "defense": 215.79227865000001,
    "specialized": 0
  },
  "30": {
    "level": 30,
    "ascension": 1,
    "hp": 4512.7790620000005,
    "attack": 78.5257536,
    "defense": 220.1404239,
    "specialized": 0
  },
  "31": {
    "level": 31,
    "ascension": 1,
    "hp": 4602.9631340000005,
    "attack": 80.0950472,
    "defense": 224.5397238,
    "specialized": 0
  },
  "32": {
    "level": 32,
    "ascension": 1,
    "hp": 4693.147206,
    "attack": 81.66434079999999,
    "defense": 228.93902369999998,
    "specialized": 0
  },
  "33": {
    "level": 33,
    "ascension": 1,
    "hp": 4783.331278000001,
    "attack": 83.2336344,
    "defense": 233.3383236,
    "specialized": 0
  },
  "34": {
    "level": 34,
    "ascension": 1,
    "hp": 4872.466698,
    "attack": 84.7846804,
    "defense": 237.68646885,
    "specialized": 0
  },
  "35": {
    "level": 35,
    "ascension": 1,
    "hp": 4962.65077,
    "attack": 86.353974,
    "defense": 242.08576875,
    "specialized": 0
  },
  "36": {
    "level": 36,
    "ascension": 1,
    "hp": 5053.883494000001,
    "attack": 87.9415152,
    "defense": 246.5362233,
    "specialized": 0
  },
  "37": {
    "level": 37,
    "ascension": 1,
    "hp": 5144.067566000001,
    "attack": 89.51080879999999,
    "defense": 250.9355232,
    "specialized": 0
  },
  "38": {
    "level": 38,
    "ascension": 1,
    "hp": 5234.251638000001,
    "attack": 91.0801024,
    "defense": 255.33482310000002,
    "specialized": 0
  },
  "39": {
    "level": 39,
    "ascension": 1,
    "hp": 5324.43571,
    "attack": 92.649396,
    "defense": 259.73412299999995,
    "specialized": 0
  },
  "40": {
    "level": 40,
    "ascension": 1,
    "hp": 5415.668434000001,
    "attack": 94.2369372,
    "defense": 264.18457755,
    "specialized": 0
  },
  "41": {
    "level": 41,
    "ascension": 2,
    "hp": 6144.703936,
    "attack": 106.92207679999999,
    "defense": 299.74862744999996,
    "specialized": 0.072
  },
  "42": {
    "level": 42,
    "ascension": 2,
    "hp": 6235.93666,
    "attack": 108.50961799999999,
    "defense": 304.199082,
    "specialized": 0.072
  },
  "43": {
    "level": 43,
    "ascension": 2,
    "hp": 6327.169384000001,
    "attack": 110.0971592,
    "defense": 308.64953655,
    "specialized": 0.072
  },
  "44": {
    "level": 44,
    "ascension": 2,
    "hp": 6417.353456,
    "attack": 111.66645279999997,
    "defense": 313.04883644999995,
    "specialized": 0.072
  },
  "45": {
    "level": 45,
    "ascension": 2,
    "hp": 6508.58618,
    "attack": 113.253994,
    "defense": 317.49929099999997,
    "specialized": 0.072
  },
  "46": {
    "level": 46,
    "ascension": 2,
    "hp": 6599.818904,
    "attack": 114.84153519999998,
    "defense": 321.94974555,
    "specialized": 0.072
  },
  "47": {
    "level": 47,
    "ascension": 2,
    "hp": 6691.051628,
    "attack": 116.42907639999999,
    "defense": 326.4002001,
    "specialized": 0.072
  },
  "48": {
    "level": 48,
    "ascension": 2,
    "hp": 6782.284352000001,
    "attack": 118.01661759999999,
    "defense": 330.85065465,
    "specialized": 0.072
  },
  "49": {
    "level": 49,
    "ascension": 2,
    "hp": 6874.5657280000005,
    "attack": 119.62240639999999,
    "defense": 335.35226385,
    "specialized": 0.072
  },
  "50": {
    "level": 50,
    "ascension": 2,
    "hp": 6965.798452,
    "attack": 121.20994759999999,
    "defense": 339.8027184,
    "specialized": 0.072
  },
  "51": {
    "level": 51,
    "ascension": 3,
    "hp": 7908.833076000001,