{
  "1": {
    "level": 1,
    "ascension": 0,
    "hp": 993.8522,
    "attack": 20.4792,
    "defense": 62.432476,
    "specialized": 0
  },
  "2": {
    "level": 2,
    "ascension": 0,
    "hp": 1076.3419326,
    "attack": 22.1789736,
    "defense": 67.614371508,
    "specialized": 0
  },
  "3": {
    "level": 3,
    "ascension": 0,
    "hp": 1157.837813,
    "attack": 23.858268,
    "defense": 72.73383454,
    "specialized": 0
  },
  "4": {
    "level": 4,
    "ascension": 0,
    "hp": 1240.3275456000001,
    "attack": 25.5580416,
    "defense": 77.915730048,
    "specialized": 0
  },
  "5": {
    "level": 5,
    "ascension": 0,
    "hp": 1321.8234260000002,
    "attack": 27.237336,
    "defense": 83.03519308,
    "specialized": 0
  },
  "6": {
    "level": 6,
    "ascension": 0,
    "hp": 1404.3131586000002,
    "attack": 28.9371096,
    "defense": 88.21708858800001,
    "specialized": 0
  },
  "7": {
    "level": 7,
    "ascension": 0,
    "hp": 1485.8090390000002,
    "attack": 30.616404,
    "defense": 93.33655162000001,
    "specialized": 0
  },
  "8": {
    "level": 8,
    "ascension": 0,
    "hp": 1568.2987716000002,
    "attack": 32.316177599999996,
    "defense": 98.518447128,
    "specialized": 0
  },
  "9": {
    "level": 9,
    "ascension": 0,
    "hp": 1650.7885042,
    "attack": 34.015951199999996,
    "defense": 103.700342636,
    "specialized": 0
  },
  "10": {
    "level": 10,
    "ascension": 0,
    "hp": 1732.2843846,
    "attack": 35.6952456,
    "defense": 108.81980566800001,
    "specialized": 0
  },
  "11": {
    "level": 11,
    "ascension": 0,
    "hp": 1814.7741172,
    "attack": 37.3950192,
    "defense": 114.00170117600001,
    "specialized": 0
  },
  "12": {
    "level": 12,
    "ascension": 0,
    "hp": 1896.2699976,
    "attack": 39.074313599999996,
    "defense": 119.121164208,
    "specialized": 0
  },
  "13": {
    "level": 13,
    "ascension": 0,
    "hp": 1978.7597302000001,
    "attack": 40.7740872,
    "defense": 124.303059716,
    "specialized": 0
  },
  "14": {
    "level": 14,
    "ascension": 0,
    "hp": 2060.2556106,
    "attack": 42.45338159999999,
    "defense": 129.422522748,
    "specialized": 0
  },
  "15": {
    "level": 15,
    "ascension": 0,
    "hp": 2142.7453432,
    "attack": 44.1531552,
    "defense": 134.604418256,
    "specialized": 0
  },
  "16": {
    "level": 16,
    "ascension": 0,
    "hp": 2225.2350758,
    "attack": 45.852928799999994,
    "defense": 139.786313764,
    "specialized": 0
  },
  "17": {
    "level": 17,
    "ascension": 0,
    "hp": 2306.7309562,
    "attack": 47.5322232,
    "defense": 144.90577679600003,
    "specialized": 0
  },
  "18": {
    "level": 18,
    "ascension": 0,
    "hp": 2389.2206888,
    "attack": 49.2319968,
    "defense": 150.087672304,
    "specialized": 0
  },
  "19": {
    "level": 19,
    "ascension": 0,
    "hp": 2470.7165692000003,
    "attack": 50.9112912,
    "defense": 155.20713533600002,
    "specialized": 0
  },
  "20": {
    "level": 20,
    "ascension": 0,
    "hp": 2553.2063018,
    "attack": 52.611064799999994,
    "defense": 160.389030844,
    "specialized": 0
  },
  "21": {
    "level": 21,
    "ascension": 1,
    "hp": 3377.1606821999994,
    "attack": 69.5897292,
    "defense": 212.148743876,
    "specialized": 0
  },
  "22": {
    "level": 22,
    "ascension": 1,
    "hp": 3459.6504148000004,
    "attack": 71.2895028,
    "defense": 217.33063938400002,
    "specialized": 0
  },
  "23": {
    "level": 23,
    "ascension": 1,
    "hp": 3542.1401474000004,
    "attack": 72.9892764,
    "defense": 222.51253489200002,
    "specialized": 0
  },
  "24": {
    "level": 24,
    "ascension": 1,
    "hp": 3623.6360278,
    "attack": 74.6685708,
    "defense": 227.63199792400002,
    "specialized": 0
  },
  "25": {
    "level": 25,
    "ascension": 1,
    "hp": 3706.1257604,
    "attack": 76.3683444,
    "defense": 232.81389343200001,
    "specialized": 0
  },
  "26": {
    "level": 26,
    "ascension": 1,
    "hp": 3787.6216408,
    "attack": 78.0476388,
    "defense": 237.933356464,
    "specialized": 0
  },
  "27": {
    "level": 27,
    "ascension": 1,
    "hp": 3870.1113734,
    "attack": 79.74741239999999,
    "defense": 243.115251972,
    "specialized": 0
  },
  "28": {
    "level": 28,
    "ascension": 1,
    "hp": 3951.6072538,
    "attack": 81.42670679999999,
    "defense": 248.234715004,
    "specialized": 0
  },
  "29": {
    "level": 29,
    "ascension": 1,
    "hp": 4034.0969864,
    "attack": 83.12648039999999,
    "defense": 253.416610512,
    "specialized": 0
  },
  "30": {
    "level": 30,
    "ascension": 1,
    "hp": 4115.592866800001,
    "attack": 84.8057748,
    "defense": 258.53607354400003,
    "specialized": 0
  },
  "31": {
    "level": 31,
    "ascension": 1,
    "hp": 4198.0825994,
    "attack": 86.5055484,
    "defense": 263.717969052,
    "specialized": 0
  },
  "32": {
    "level": 32,
    "ascension": 1,
    "hp": 4280.572332,
    "attack": 88.205322,
    "defense": 268.89986456,
    "specialized": 0
  },
  "33": {
    "level": 33,
    "ascension": 1,
    "hp": 4362.0682124,
    "attack": 89.88461639999998,
    "defense": 274.01932759199997,
    "specialized": 0
  },
  "34": {
    "level": 34,
    "ascension": 1,
    "hp": 4444.5579450000005,
    "attack": 91.58439,
    "defense": 279.2012231,
    "specialized": 0
  },
  "35": {
    "level": 35,
    "ascension": 1,
    "hp": 4526.0538254,
    "attack": 93.26368439999999,
    "defense": 284.320686132,
    "specialized": 0
  },
  "36": {
    "level": 36,
    "ascension": 1,
    "hp": 4608.543558,
    "attack": 94.96345799999999,
    "defense": 289.50258164,
    "specialized": 0
  },
  "37": {
    "level": 37,
    "ascension": 1,
    "hp": 4690.0394384,
    "attack": 96.64275239999999,
    "defense": 294.622044672,
    "specialized": 0
  },
  "38": {
    "level": 38,
    "ascension": 1,
    "hp": 4772.529171,
    "attack": 98.34252599999998,
    "defense": 299.80394018,
    "specialized": 0
  },
  "39": {
    "level": 39,
    "ascension": 1,
    "hp": 4855.0189036,
    "attack": 100.04229959999999,
    "defense": 304.98583568799995,
    "specialized": 0
  },
  "40": {
    "level": 40,
    "ascension": 1,
    "hp": 4936.514784,
    "attack": 101.72159399999998,
    "defense": 310.10529871999995,
    "specialized": 0
  },
  "41": {
    "level": 41,
    "ascension": 2,
    "hp": 5546.5408166,
    "attack": 114.29197260000001,
    "defense": 348.426314228,
    "specialized": 24
  },
  "42": {
    "level": 42,
    "ascension": 2,
    "hp": 5628.036697,
    "attack": 115.97126699999998,
    "defense": 353.54577726,
    "specialized": 24
  },
  "43": {
    "level": 43,
    "ascension": 2,
    "hp": 5710.5264296000005,
    "attack": 117.6710406,
    "defense": 358.72767276800005,
    "specialized": 24
  },
  "44": {
    "level": 44,
    "ascension": 2,
    "hp": 5792.02231,
    "attack": 119.350335,
    "defense": 363.84713580000005,
    "specialized": 24
  },
  "45": {
    "level": 45,
    "ascension": 2,
    "hp": 5874.512042599999,
    "attack": 121.05010859999999,
    "defense": 369.02903130799996,
    "specialized": 24
  },
  "46": {
    "level": 46,
    "ascension": 2,
    "hp": 5957.0017752,
    "attack": 122.7498822,
    "defense": 374.210926816,
    "specialized": 24
  },
  "47": {
    "level": 47,
    "ascension": 2,
    "hp": 6038.4976556,
    "attack": 124.4291766,
    "defense": 379.330389848,
    "specialized": 24
  },
  "48": {
    "level": 48,
    "ascension": 2,
    "hp": 6120.987388200001,
    "attack": 126.12895019999999,
    "defense": 384.512285356,
    "specialized": 24
  },
  "49": {
    "level": 49,
    "ascension": 2,
    "hp": 6202.483268600001,
    "attack": 127.8082446,
    "defense": 389.631748388,
    "specialized": 24
  },
  "50": {
    "level": 50,
    "ascension": 2,
    "hp": 6284.9730012,
    "attack": 129.5080182,
    "defense": 394.81364389600003,
    "specialized": 24
  },
  "51": {
    "level": 51,
    "ascension": 3,