{
  "1": {
    "level": 1,
    "ascension": 0,
    "hp": 820.6119,
    "attack": 19.05456,
    "defense": 46.9245,
    "specialized": 0
  },
  "2": {
    "level": 2,
    "ascension": 0,
    "hp": 888.7226876999999,
    "attack": 20.636088479999998,
    "defense": 50.8192335,
    "specialized": 0
  },
  "3": {
    "level": 3,
    "ascension": 0,
    "hp": 956.0128635,
    "attack": 22.1985624,
    "defense": 54.6670425,
    "specialized": 0
  },
  "4": {
    "level": 4,
    "ascension": 0,
    "hp": 1024.1236512,
    "attack": 23.78009088,
    "defense": 58.561776,
    "specialized": 0
  },
  "5": {
    "level": 5,
    "ascension": 0,
    "hp": 1091.413827,
    "attack": 25.342564799999998,
    "defense": 62.40958500000001,
    "specialized": 0
  },
  "6": {
    "level": 6,
    "ascension": 0,
    "hp": 1159.5246147,
    "attack": 26.924093279999997,
    "defense": 66.30431850000001,
    "specialized": 0
  },
  "7": {
    "level": 7,
    "ascension": 0,
    "hp": 1226.8147905,
    "attack": 28.4865672,
    "defense": 70.1521275,
    "specialized": 0
  },
  "8": {
    "level": 8,
    "ascension": 0,
    "hp": 1294.9255782,
    "attack": 30.06809568,
    "defense": 74.046861,
    "specialized": 0
  },
  "9": {
    "level": 9,
    "ascension": 0,
    "hp": 1363.0363659,
    "attack": 31.64962416,
    "defense": 77.94159450000001,
    "specialized": 0
  },
  "10": {
    "level": 10,
    "ascension": 0,
    "hp": 1430.3265417,
    "attack": 33.21209808,
    "defense": 81.7894035,
    "specialized": 0
  },
  "11": {
    "level": 11,
    "ascension": 0,
    "hp": 1498.4373294,
    "attack": 34.79362656,
    "defense": 85.684137,
    "specialized": 0
  },
  "12": {
    "level": 12,
    "ascension": 0,
    "hp": 1565.7275052,
    "attack": 36.356100479999995,
    "defense": 89.531946,
    "specialized": 0
  },
  "13": {
    "level": 13,
    "ascension": 0,
    "hp": 1633.8382929000002,
    "attack": 37.93762896,
    "defense": 93.4266795,
    "specialized": 0
  },
  "14": {
    "level": 14,
    "ascension": 0,
    "hp": 1701.1284687,
    "attack": 39.50010287999999,
    "defense": 97.2744885,
    "specialized": 0
  },
  "15": {
    "level": 15,
    "ascension": 0,
    "hp": 1769.2392564000002,
    "attack": 41.08163136,
    "defense": 101.169222,
    "specialized": 0
  },
  "16": {
    "level": 16,
    "ascension": 0,
    "hp": 1837.3500440999999,
    "attack": 42.66315983999999,
    "defense": 105.06395549999999,
    "specialized": 0
  },
  "17": {
    "level": 17,
    "ascension": 0,
    "hp": 1904.6402199000001,
    "attack": 44.22563376,
    "defense": 108.91176450000002,
    "specialized": 0
  },
  "18": {
    "level": 18,
    "ascension": 0,
    "hp": 1972.7510075999999,
    "attack": 45.80716224,
    "defense": 112.806498,
    "specialized": 0
  },
  "19": {
    "level": 19,
    "ascension": 0,
    "hp": 2040.0411834000001,
    "attack": 47.36963616,
    "defense": 116.65430700000002,
    "specialized": 0
  },
  "20": {
    "level": 20,
    "ascension": 0,
    "hp": 2108.1519711,
    "attack": 48.951164639999995,
    "defense": 120.5490405,
    "specialized": 0
  },
  "21": {
    "level": 21,
    "ascension": 1,
    "hp": 2788.4812469,
    "attack": 64.74870456,
    "defense": 159.4518495,
    "specialized": 0
  },
  "22": {
    "level": 22,
    "ascension": 1,
    "hp": 2856.5920346,
    "attack": 66.33023304,
    "defense": 163.346583,
    "specialized": 0
  },
  "23": {
    "level": 23,
    "ascension": 1,
    "hp": 2924.7028223,
    "attack": 67.91176152,
    "defense": 167.2413165,
    "specialized": 0
  },
  "24": {
    "level": 24,
    "ascension": 1,
    "hp": 2991.9929981,
    "attack": 69.47423544,
    "defense": 171.08912550000002,
    "specialized": 0
  },
  "25": {
    "level": 25,
    "ascension": 1,
    "hp": 3060.1037858,
    "attack": 71.05576392,
    "defense": 174.98385900000002,
    "specialized": 0
  },
  "26": {
    "level": 26,
    "ascension": 1,
    "hp": 3127.3939616,
    "attack": 72.61823783999999,
    "defense": 178.831668,
    "specialized": 0
  },
  "27": {
    "level": 27,
    "ascension": 1,
    "hp": 3195.5047492999997,
    "attack": 74.19976632,
    "defense": 182.7264015,
    "specialized": 0
  },
  "28": {
    "level": 28,
    "ascension": 1,
    "hp": 3262.7949251,
    "attack": 75.76224024,
    "defense": 186.57421050000002,
    "specialized": 0
  },
  "29": {
    "level": 29,
    "ascension": 1,
    "hp": 3330.9057128,
    "attack": 77.34376871999999,
    "defense": 190.468944,
    "specialized": 0
  },
  "30": {
    "level": 30,
    "ascension": 1,
    "hp": 3398.1958886,
    "attack": 78.90624264,
    "defense": 194.316753,
    "specialized": 0
  },
  "31": {
    "level": 31,
    "ascension": 1,
    "hp": 3466.3066762999997,
    "attack": 80.48777111999999,
    "defense": 198.2114865,
    "specialized": 0
  },
  "32": {
    "level": 32,
    "ascension": 1,
    "hp": 3534.417464,
    "attack": 82.0692996,
    "defense": 202.10622,
    "specialized": 0
  },
  "33": {
    "level": 33,
    "ascension": 1,
    "hp": 3601.7076398,
    "attack": 83.63177352,
    "defense": 205.95402900000002,
    "specialized": 0
  },
  "34": {
    "level": 34,
    "ascension": 1,
    "hp": 3669.8184275,
    "attack": 85.213302,
    "defense": 209.84876250000002,
    "specialized": 0
  },
  "35": {
    "level": 35,
    "ascension": 1,
    "hp": 3737.1086032999997,
    "attack": 86.77577592,
    "defense": 213.6965715,
    "specialized": 0
  },
  "36": {
    "level": 36,
    "ascension": 1,
    "hp": 3805.219391,
    "attack": 88.3573044,
    "defense": 217.59130500000003,
    "specialized": 0
  },
  "37": {
    "level": 37,
    "ascension": 1,
    "hp": 3872.5095668,
    "attack": 89.91977831999999,
    "defense": 221.43911400000002,
    "specialized": 0
  },
  "38": {
    "level": 38,
    "ascension": 1,
    "hp": 3940.6203545,
    "attack": 91.5013068,
    "defense": 225.3338475,
    "specialized": 0
  },
  "39": {
    "level": 39,
    "ascension": 1,
    "hp": 4008.7311422,
    "attack": 93.08283528,
    "defense": 229.22858100000002,
    "specialized": 0
  },
  "40": {
    "level": 40,
    "ascension": 1,
    "hp": 4076.0213179999996,
    "attack": 94.6453092,
    "defense": 233.07639,
    "specialized": 0
  },
  "41": {
    "level": 41,
    "ascension": 2,
    "hp": 4579.7125057,
    "attack": 106.34122668,
    "defense": 261.8786235,
    "specialized": 24
  },
  "42": {
    "level": 42,
    "ascension": 2,
    "hp": 4647.0026815,
    "attack": 107.90370059999998,
    "defense": 265.7264325,
    "specialized": 24
  },
  "43": {
    "level": 43,
    "ascension": 2,
    "hp": 4715.1134692,
    "attack": 109.48522907999998,
    "defense": 269.621166,
    "specialized": 24
  },
  "44": {
    "level": 44,
    "ascension": 2,
    "hp": 4782.403644999999,
    "attack": 111.04770299999998,
    "defense": 273.468975,
    "specialized": 24
  },
  "45": {
    "level": 45,
    "ascension": 2,
    "hp": 4850.5144327,
    "attack": 112.62923147999999,
    "defense": 277.3637085,
    "specialized": 24
  },
  "46": {
    "level": 46,
    "ascension": 2,
    "hp": 4918.6252204,
    "attack": 114.21075995999999,
    "defense": 281.258442,
    "specialized": 24
  },
  "47": {
    "level": 47,
    "ascension": 2,
    "hp": 4985.9153962,
    "attack": 115.77323387999999,
    "defense": 285.106251,
    "specialized": 24
  },
  "48": {
    "level": 48,
    "ascension": 2,
    "hp": 5054.0261839,
    "attack": 117.35476236,
    "defense": 289.0009845,
    "specialized": 24
  },
  "49": {
    "level": 49,
    "ascension": 2,
    "hp": 5121.3163597,
    "attack": 118.91723628,
    "defense": 292.8487935,
    "specialized": 24
  },
  "50": {
    "level": 50,
    "ascension": 2,
    "hp": 5189.4271474,
    "attack": 120.49876476,
    "defense": 296.74352700000003,
    "specialized": 24
  },
  "51": {
    "level": 51,
    "ascension": 3,
    "hp": 5837.4912232,
    "attack": 135.54709168,
    "defense": 333.801336,
    "specialized": 48
  },