{
  "1": {
    "level": 1,
    "ascension": 0,
    "hp": 1011.47253,
    "attack": 23.6474,
    "defense": 64.6164,
    "specialized": 0
  },
  "2": {
    "level": 2,
    "ascension": 0,
    "hp": 1095.42474999,
    "attack": 25.6101342,
    "defense": 69.97956119999999,
    "specialized": 0
  },
  "3": {
    "level": 3,
    "ascension": 0,
    "hp": 1179.37696998,
    "attack": 27.5728684,
    "defense": 75.3427224,
    "specialized": 0
  },
  "4": {
    "level": 4,
    "ascension": 0,
    "hp": 1264.3406625,
    "attack": 29.559250000000002,
    "defense": 80.7705,
    "specialized": 0
  },
  "5": {
    "level": 5,
    "ascension": 0,
    "hp": 1348.29288249,
    "attack": 31.521984200000002,
    "defense": 86.13366119999999,
    "specialized": 0
  },
  "6": {
    "level": 6,
    "ascension": 0,
    "hp": 1433.25657501,
    "attack": 33.5083658,
    "defense": 91.5614388,
    "specialized": 0
  },
  "7": {
    "level": 7,
    "ascension": 0,
    "hp": 1517.208795,
    "attack": 35.4711,
    "defense": 96.9246,
    "specialized": 0
  },
  "8": {
    "level": 8,
    "ascension": 0,
    "hp": 1602.17248752,
    "attack": 37.4574816,
    "defense": 102.3523776,
    "specialized": 0
  },
  "9": {
    "level": 9,
    "ascension": 0,
    "hp": 1687.13618004,
    "attack": 39.4438632,
    "defense": 107.7801552,
    "specialized": 0
  },
  "10": {
    "level": 10,
    "ascension": 0,
    "hp": 1771.08840003,
    "attack": 41.4065974,
    "defense": 113.14331639999999,
    "specialized": 0
  },
  "11": {
    "level": 11,
    "ascension": 0,
    "hp": 1856.05209255,
    "attack": 43.392979000000004,
    "defense": 118.571094,
    "specialized": 0
  },
  "12": {
    "level": 12,
    "ascension": 0,
    "hp": 1941.01578507,
    "attack": 45.379360600000005,
    "defense": 123.9988716,
    "specialized": 0
  },
  "13": {
    "level": 13,
    "ascension": 0,
    "hp": 2025.9794775900002,
    "attack": 47.36574220000001,
    "defense": 129.4266492,
    "specialized": 0
  },
  "14": {
    "level": 14,
    "ascension": 0,
    "hp": 2111.95464264,
    "attack": 49.3757712,
    "defense": 134.9190432,
    "specialized": 0
  },
  "15": {
    "level": 15,
    "ascension": 0,
    "hp": 2196.91833516,
    "attack": 51.362152800000004,
    "defense": 140.34682080000002,
    "specialized": 0
  },
  "16": {
    "level": 16,
    "ascension": 0,
    "hp": 2281.8820276799997,
    "attack": 53.3485344,
    "defense": 145.77459839999997,
    "specialized": 0
  },
  "17": {
    "level": 17,
    "ascension": 0,
    "hp": 2367.8571927300004,
    "attack": 55.35856340000001,
    "defense": 151.26699240000002,
    "specialized": 0
  },
  "18": {
    "level": 18,
    "ascension": 0,
    "hp": 2452.8208852499997,
    "attack": 57.344944999999996,
    "defense": 156.69476999999998,
    "specialized": 0
  },
  "19": {
    "level": 19,
    "ascension": 0,
    "hp": 2538.7960503,
    "attack": 59.354974,
    "defense": 162.187164,
    "specialized": 0
  },
  "20": {
    "level": 20,
    "ascension": 0,
    "hp": 2623.7597428199997,
    "attack": 61.3413556,
    "defense": 167.61494159999998,
    "specialized": 0
  },
  "21": {
    "level": 21,
    "ascension": 1,
    "hp": 3576.98110787,
    "attack": 83.62541159999999,
    "defense": 228.5113356,
    "specialized": 0
  },
  "22": {
    "level": 22,
    "ascension": 1,
    "hp": 3662.9562729199997,
    "attack": 85.6354406,
    "defense": 234.00372959999999,
    "specialized": 0
  },
  "23": {
    "level": 23,
    "ascension": 1,
    "hp": 3748.9314379700004,
    "attack": 87.64546960000001,
    "defense": 239.4961236,
    "specialized": 0
  },
  "24": {
    "level": 24,
    "ascension": 1,
    "hp": 3834.90660302,
    "attack": 89.65549860000002,
    "defense": 244.9885176,
    "specialized": 0
  },
  "25": {
    "level": 25,
    "ascension": 1,
    "hp": 3920.8817680700004,
    "attack": 91.6655276,
    "defense": 250.4809116,
    "specialized": 0
  },
  "26": {
    "level": 26,
    "ascension": 1,
    "hp": 4007.86840565,
    "attack": 93.69920400000001,
    "defense": 256.037922,
    "specialized": 0
  },
  "27": {
    "level": 27,
    "ascension": 1,
    "hp": 4093.8435707,
    "attack": 95.70923300000001,
    "defense": 261.530316,
    "specialized": 0
  },
  "28": {
    "level": 28,
    "ascension": 1,
    "hp": 4179.81873575,
    "attack": 97.719262,
    "defense": 267.02271,
    "specialized": 0
  },
  "29": {
    "level": 29,
    "ascension": 1,
    "hp": 4266.80537333,
    "attack": 99.75293840000002,
    "defense": 272.57972040000004,
    "specialized": 0
  },
  "30": {
    "level": 30,
    "ascension": 1,
    "hp": 4352.7805383800005,
    "attack": 101.76296740000001,
    "defense": 278.07211440000003,
    "specialized": 0
  },
  "31": {
    "level": 31,
    "ascension": 1,
    "hp": 4439.76717596,
    "attack": 103.79664380000001,
    "defense": 283.6291248,
    "specialized": 0
  },
  "32": {
    "level": 32,
    "ascension": 1,
    "hp": 4526.75381354,
    "attack": 105.8303202,
    "defense": 289.1861352,
    "specialized": 0
  },
  "33": {
    "level": 33,
    "ascension": 1,
    "hp": 4613.74045112,
    "attack": 107.86399660000001,
    "defense": 294.7431456,
    "specialized": 0
  },
  "34": {
    "level": 34,
    "ascension": 1,
    "hp": 4699.71561617,
    "attack": 109.87402560000001,
    "defense": 300.23553960000004,
    "specialized": 0
  },
  "35": {
    "level": 35,
    "ascension": 1,
    "hp": 4786.70225375,
    "attack": 111.90770200000001,
    "defense": 305.79255,
    "specialized": 0
  },
  "36": {
    "level": 36,
    "ascension": 1,
    "hp": 4874.70036386,
    "attack": 113.9650258,
    "defense": 311.4141768,
    "specialized": 0
  },
  "37": {
    "level": 37,
    "ascension": 1,
    "hp": 4961.68700144,
    "attack": 115.99870220000001,
    "defense": 316.9711872,
    "specialized": 0
  },
  "38": {
    "level": 38,
    "ascension": 1,
    "hp": 5048.67363902,
    "attack": 118.03237860000002,
    "defense": 322.5281976,
    "specialized": 0
  },
  "39": {
    "level": 39,
    "ascension": 1,
    "hp": 5135.6602766,
    "attack": 120.066055,
    "defense": 328.08520799999997,
    "specialized": 0
  },
  "40": {
    "level": 40,
    "ascension": 1,
    "hp": 5223.65838671,
    "attack": 122.12337880000001,
    "defense": 333.7068348,
    "specialized": 0
  },
  "41": {
    "level": 41,
    "ascension": 2,
    "hp": 5926.84632429,
    "attack": 138.5622842,
    "defense": 378.6298452,
    "specialized": 0.072
  },
  "42": {
    "level": 42,
    "ascension": 2,
    "hp": 6014.844434400001,
    "attack": 140.61960800000003,
    "defense": 384.251472,
    "specialized": 0.072
  },
  "43": {
    "level": 43,
    "ascension": 2,
    "hp": 6102.84254451,
    "attack": 142.6769318,
    "defense": 389.8730988,
    "specialized": 0.072
  },
  "44": {
    "level": 44,
    "ascension": 2,
    "hp": 6189.829182089999,
    "attack": 144.7106082,
    "defense": 395.43010919999995,
    "specialized": 0.072
  },
  "45": {
    "level": 45,
    "ascension": 2,
    "hp": 6277.827292200001,
    "attack": 146.767932,
    "defense": 401.051736,
    "specialized": 0.072
  },
  "46": {
    "level": 46,
    "ascension": 2,
    "hp": 6365.82540231,
    "attack": 148.8252558,
    "defense": 406.67336279999995,
    "specialized": 0.072
  },
  "47": {
    "level": 47,
    "ascension": 2,
    "hp": 6453.82351242,
    "attack": 150.8825796,
    "defense": 412.29498959999995,
    "specialized": 0.072
  },
  "48": {
    "level": 48,
    "ascension": 2,
    "hp": 6541.82162253,
    "attack": 152.93990340000002,
    "defense": 417.9166164,
    "specialized": 0.072
  },
  "49": {
    "level": 49,
    "ascension": 2,
    "hp": 6630.83120517,
    "attack": 155.0208746,
    "defense": 423.6028596,
    "specialized": 0.072
  },
  "50": {
    "level": 50,
    "ascension": 2,
    "hp": 6718.829315280001,
    "attack": 157.07819840000002,
    "defense": 429.2244864,
    "specialized": 0.072
  },
  "51": {
    "level": 51,
    "ascension": 3,