{
  "1": {
    "level": 1,
    "ascension": 0,
    "hp": 893.5552,
    "attack": 18.87648,
    "defense": 57.33945,
    "specialized": 0
  },
  "2": {
    "level": 2,
    "ascension": 0,
    "hp": 967.7202816,
    "attack": 20.44322784,
    "defense": 62.098624349999994,
    "specialized": 0
  },
  "3": {
    "level": 3,
    "ascension": 0,
    "hp": 1040.991808,
    "attack": 21.9910992,
    "defense": 66.80045925,
    "specialized": 0
  },
  "4": {
    "level": 4,
    "ascension": 0,
    "hp": 1115.1568896,
    "attack": 23.557847040000002,
    "defense": 71.5596336,
    "specialized": 0
  },
  "5": {
    "level": 5,
    "ascension": 0,
    "hp": 1188.428416,
    "attack": 25.1057184,
    "defense": 76.2614685,
    "specialized": 0
  },
  "6": {
    "level": 6,
    "ascension": 0,
    "hp": 1262.5934976,
    "attack": 26.672466240000002,
    "defense": 81.02064285,
    "specialized": 0
  },
  "7": {
    "level": 7,
    "ascension": 0,
    "hp": 1335.8650240000002,
    "attack": 28.220337600000004,
    "defense": 85.72247775000001,
    "specialized": 0
  },
  "8": {
    "level": 8,
    "ascension": 0,
    "hp": 1410.0301056,
    "attack": 29.787085440000002,
    "defense": 90.4816521,
    "specialized": 0
  },
  "9": {
    "level": 9,
    "ascension": 0,
    "hp": 1484.1951872,
    "attack": 31.353833280000003,
    "defense": 95.24082645,
    "specialized": 0
  },
  "10": {
    "level": 10,
    "ascension": 0,
    "hp": 1557.4667136,
    "attack": 32.901704640000005,
    "defense": 99.94266135000001,
    "specialized": 0
  },
  "11": {
    "level": 11,
    "ascension": 0,
    "hp": 1631.6317952000002,
    "attack": 34.46845248,
    "defense": 104.7018357,
    "specialized": 0
  },
  "12": {
    "level": 12,
    "ascension": 0,
    "hp": 1704.9033216,
    "attack": 36.01632384,
    "defense": 109.4036706,
    "specialized": 0
  },
  "13": {
    "level": 13,
    "ascension": 0,
    "hp": 1779.0684032000001,
    "attack": 37.58307168,
    "defense": 114.16284495000001,
    "specialized": 0
  },
  "14": {
    "level": 14,
    "ascension": 0,
    "hp": 1852.3399296,
    "attack": 39.13094304,
    "defense": 118.86467985,
    "specialized": 0
  },
  "15": {
    "level": 15,
    "ascension": 0,
    "hp": 1926.5050112000001,
    "attack": 40.69769088,
    "defense": 123.62385420000001,
    "specialized": 0
  },
  "16": {
    "level": 16,
    "ascension": 0,
    "hp": 2000.6700928,
    "attack": 42.26443872,
    "defense": 128.38302854999998,
    "specialized": 0
  },
  "17": {
    "level": 17,
    "ascension": 0,
    "hp": 2073.9416192000003,
    "attack": 43.81231008,
    "defense": 133.08486345,
    "specialized": 0
  },
  "18": {
    "level": 18,
    "ascension": 0,
    "hp": 2148.1067008,
    "attack": 45.37905792,
    "defense": 137.8440378,
    "specialized": 0
  },
  "19": {
    "level": 19,
    "ascension": 0,
    "hp": 2221.3782272000003,
    "attack": 46.92692928,
    "defense": 142.54587270000002,
    "specialized": 0
  },
  "20": {
    "level": 20,
    "ascension": 0,
    "hp": 2295.5433088,
    "attack": 48.49367712,
    "defense": 147.30504704999998,
    "specialized": 0
  },
  "21": {
    "level": 21,
    "ascension": 1,
    "hp": 3036.3463352,
    "attack": 64.14357648,
    "defense": 194.84238194999998,
    "specialized": 0
  },
  "22": {
    "level": 22,
    "ascension": 1,
    "hp": 3110.5114168,
    "attack": 65.71032432,
    "defense": 199.6015563,
    "specialized": 0
  },
  "23": {
    "level": 23,
    "ascension": 1,
    "hp": 3184.6764984,
    "attack": 67.27707216,
    "defense": 204.36073065,
    "specialized": 0
  },
  "24": {
    "level": 24,
    "ascension": 1,
    "hp": 3257.9480248,
    "attack": 68.82494352,
    "defense": 209.06256555,
    "specialized": 0
  },
  "25": {
    "level": 25,
    "ascension": 1,
    "hp": 3332.1131064,
    "attack": 70.39169136000001,
    "defense": 213.8217399,
    "specialized": 0
  },
  "26": {
    "level": 26,
    "ascension": 1,
    "hp": 3405.3846328,
    "attack": 71.93956272,
    "defense": 218.5235748,
    "specialized": 0
  },
  "27": {
    "level": 27,
    "ascension": 1,
    "hp": 3479.5497144,
    "attack": 73.50631056,
    "defense": 223.28274914999997,
    "specialized": 0
  },
  "28": {
    "level": 28,
    "ascension": 1,
    "hp": 3552.8212408000004,
    "attack": 75.05418192,
    "defense": 227.98458405,
    "specialized": 0
  },
  "29": {
    "level": 29,
    "ascension": 1,
    "hp": 3626.9863224,
    "attack": 76.62092976,
    "defense": 232.7437584,
    "specialized": 0
  },
  "30": {
    "level": 30,
    "ascension": 1,
    "hp": 3700.2578488000004,
    "attack": 78.16880112000001,
    "defense": 237.4455933,
    "specialized": 0
  },
  "31": {
    "level": 31,
    "ascension": 1,
    "hp": 3774.4229304,
    "attack": 79.73554896,
    "defense": 242.20476764999998,
    "specialized": 0
  },
  "32": {
    "level": 32,
    "ascension": 1,
    "hp": 3848.588012,
    "attack": 81.30229680000001,
    "defense": 246.963942,
    "specialized": 0
  },
  "33": {
    "level": 33,
    "ascension": 1,
    "hp": 3921.8595384,
    "attack": 82.85016816000001,
    "defense": 251.6657769,
    "specialized": 0
  },
  "34": {
    "level": 34,
    "ascension": 1,
    "hp": 3996.02462,
    "attack": 84.41691600000001,
    "defense": 256.42495125,
    "specialized": 0
  },
  "35": {
    "level": 35,
    "ascension": 1,
    "hp": 4069.2961464,
    "attack": 85.96478736,
    "defense": 261.12678615,
    "specialized": 0
  },
  "36": {
    "level": 36,
    "ascension": 1,
    "hp": 4143.461228,
    "attack": 87.53153520000001,
    "defense": 265.8859605,
    "specialized": 0
  },
  "37": {
    "level": 37,
    "ascension": 1,
    "hp": 4216.7327544,
    "attack": 89.07940656000001,
    "defense": 270.5877954,
    "specialized": 0
  },
  "38": {
    "level": 38,
    "ascension": 1,
    "hp": 4290.897836,
    "attack": 90.6461544,
    "defense": 275.34696974999997,
    "specialized": 0
  },
  "39": {
    "level": 39,
    "ascension": 1,
    "hp": 4365.0629176,
    "attack": 92.21290224,
    "defense": 280.1061441,
    "specialized": 0
  },
  "40": {
    "level": 40,
    "ascension": 1,
    "hp": 4438.334444,
    "attack": 93.76077360000001,
    "defense": 284.807979,
    "specialized": 0
  },
  "41": {
    "level": 41,
    "ascension": 2,
    "hp": 4986.7982256000005,
    "attack": 105.34738344000002,
    "defense": 320.00290335,
    "specialized": 0.06
  },
  "42": {
    "level": 42,
    "ascension": 2,
    "hp": 5060.069752,
    "attack": 106.8952548,
    "defense": 324.70473825,
    "specialized": 0.06
  },
  "43": {
    "level": 43,
    "ascension": 2,
    "hp": 5134.2348336000005,
    "attack": 108.46200264000001,
    "defense": 329.4639126,
    "specialized": 0.06
  },
  "44": {
    "level": 44,
    "ascension": 2,
    "hp": 5207.50636,
    "attack": 110.009874,
    "defense": 334.1657475,
    "specialized": 0.06
  },
  "45": {
    "level": 45,
    "ascension": 2,
    "hp": 5281.6714416,
    "attack": 111.57662184,
    "defense": 338.92492185000003,
    "specialized": 0.06
  },
  "46": {
    "level": 46,
    "ascension": 2,
    "hp": 5355.836523200001,
    "attack": 113.14336968,
    "defense": 343.6840962,
    "specialized": 0.06
  },
  "47": {
    "level": 47,
    "ascension": 2,
    "hp": 5429.1080496,
    "attack": 114.69124104,
    "defense": 348.3859311,
    "specialized": 0.06
  },
  "48": {
    "level": 48,
    "ascension": 2,
    "hp": 5503.2731312000005,
    "attack": 116.25798888,
    "defense": 353.14510545,
    "specialized": 0.06
  },
  "49": {
    "level": 49,
    "ascension": 2,
    "hp": 5576.5446576,
    "attack": 117.80586024000002,
    "defense": 357.84694035,
    "specialized": 0.06
  },
  "50": {
    "level": 50,
    "ascension": 2,
    "hp": 5650.7097392000005,
    "attack": 119.37260808000002,
    "defense": 362.60611470000003,
    "specialized": 0.06
  },
  "51": {
    "level": 51,
    "ascension": 3,
    "hp": 6356.3794656,
    "attack": 134.28029444,