{
  "1": {
    "level": 1,
    "ascension": 0,
    "hp": 966.6665,
    "attack": 27.93,
    "defense": 62.76167,
    "specialized": 0.5
  },
  "2": {
    "level": 2,
    "ascension": 0,
    "hp": 1046.8998195,
    "attack": 30.248189999999997,
    "defense": 67.97088861,
    "specialized": 0.5
  },
  "3": {
    "level": 3,
    "ascension": 0,
    "hp": 1127.133139,
    "attack": 32.566379999999995,
    "defense": 73.18010722,
    "specialized": 0.5
  },
  "4": {
    "level": 4,
    "ascension": 0,
    "hp": 1208.333125,
    "attack": 34.9125,
    "defense": 78.4520875,
    "specialized": 0.5
  },
  "5": {
    "level": 5,
    "ascension": 0,
    "hp": 1288.5664445,
    "attack": 37.230689999999996,
    "defense": 83.66130611,
    "specialized": 0.5
  },
  "6": {
    "level": 6,
    "ascension": 0,
    "hp": 1369.7664305,
    "attack": 39.57681,
    "defense": 88.93328639,
    "specialized": 0.5
  },
  "7": {
    "level": 7,
    "ascension": 0,
    "hp": 1449.99975,
    "attack": 41.894999999999996,
    "defense": 94.142505,
    "specialized": 0.5
  },
  "8": {
    "level": 8,
    "ascension": 0,
    "hp": 1531.199736,
    "attack": 44.24112,
    "defense": 99.41448528000001,
    "specialized": 0.5
  },
  "9": {
    "level": 9,
    "ascension": 0,
    "hp": 1612.399722,
    "attack": 46.587239999999994,
    "defense": 104.68646556,
    "specialized": 0.5
  },
  "10": {
    "level": 10,
    "ascension": 0,
    "hp": 1692.6330415,
    "attack": 48.905429999999996,
    "defense": 109.89568417,
    "specialized": 0.5
  },
  "11": {
    "level": 11,
    "ascension": 0,
    "hp": 1773.8330275,
    "attack": 51.25155,
    "defense": 115.16766445,
    "specialized": 0.5
  },
  "12": {
    "level": 12,
    "ascension": 0,
    "hp": 1855.0330135000002,
    "attack": 53.59767,
    "defense": 120.43964473000001,
    "specialized": 0.5
  },
  "13": {
    "level": 13,
    "ascension": 0,
    "hp": 1936.2329995000002,
    "attack": 55.94379,
    "defense": 125.71162501,
    "specialized": 0.5
  },
  "14": {
    "level": 14,
    "ascension": 0,
    "hp": 2018.399652,
    "attack": 58.317840000000004,
    "defense": 131.04636696,
    "specialized": 0.5
  },
  "15": {
    "level": 15,
    "ascension": 0,
    "hp": 2099.599638,
    "attack": 60.66396,
    "defense": 136.31834724,
    "specialized": 0.5
  },
  "16": {
    "level": 16,
    "ascension": 0,
    "hp": 2180.7996239999998,
    "attack": 63.010079999999995,
    "defense": 141.59032752,
    "specialized": 0.5
  },
  "17": {
    "level": 17,
    "ascension": 0,
    "hp": 2262.9662765000003,
    "attack": 65.38413,
    "defense": 146.92506947,
    "specialized": 0.5
  },
  "18": {
    "level": 18,
    "ascension": 0,
    "hp": 2344.1662625,
    "attack": 67.73025,
    "defense": 152.19704975,
    "specialized": 0.5
  },
  "19": {
    "level": 19,
    "ascension": 0,
    "hp": 2426.332915,
    "attack": 70.1043,
    "defense": 157.53179169999999,
    "specialized": 0.5
  },
  "20": {
    "level": 20,
    "ascension": 0,
    "hp": 2507.532901,
    "attack": 72.45042,
    "defense": 162.80377198,
    "specialized": 0.5
  },
  "21": {
    "level": 21,
    "ascension": 1,
    "hp": 3418.5286535,
    "attack": 98.77017,
    "defense": 221.95221392999997,
    "specialized": 0.5
  },
  "22": {
    "level": 22,
    "ascension": 1,
    "hp": 3500.6953059999996,
    "attack": 101.14421999999999,
    "defense": 227.28695588,
    "specialized": 0.5
  },
  "23": {
    "level": 23,
    "ascension": 1,
    "hp": 3582.8619585,
    "attack": 103.51827,
    "defense": 232.62169783000002,
    "specialized": 0.5
  },
  "24": {
    "level": 24,
    "ascension": 1,
    "hp": 3665.028611,
    "attack": 105.89232000000001,
    "defense": 237.95643978000004,
    "specialized": 0.5
  },
  "25": {
    "level": 25,
    "ascension": 1,
    "hp": 3747.1952635000002,
    "attack": 108.26637000000001,
    "defense": 243.29118173,
    "specialized": 0.5
  },
  "26": {
    "level": 26,
    "ascension": 1,
    "hp": 3830.3285825,
    "attack": 110.66835,
    "defense": 248.68868535000001,
    "specialized": 0.5
  },
  "27": {
    "level": 27,
    "ascension": 1,
    "hp": 3912.495235,
    "attack": 113.0424,
    "defense": 254.02342729999998,
    "specialized": 0.5
  },
  "28": {
    "level": 28,
    "ascension": 1,
    "hp": 3994.6618875,
    "attack": 115.41645,
    "defense": 259.35816925,
    "specialized": 0.5
  },
  "29": {
    "level": 29,
    "ascension": 1,
    "hp": 4077.7952065000004,
    "attack": 117.81843,
    "defense": 264.75567287,
    "specialized": 0.5
  },
  "30": {
    "level": 30,
    "ascension": 1,
    "hp": 4159.961859000001,
    "attack": 120.19248,
    "defense": 270.09041482000003,
    "specialized": 0.5
  },
  "31": {
    "level": 31,
    "ascension": 1,
    "hp": 4243.0951780000005,
    "attack": 122.59446,
    "defense": 275.48791844,
    "specialized": 0.5
  },
  "32": {
    "level": 32,
    "ascension": 1,
    "hp": 4326.228497,
    "attack": 124.99643999999999,
    "defense": 280.88542206,
    "specialized": 0.5
  },
  "33": {
    "level": 33,
    "ascension": 1,
    "hp": 4409.3618160000005,
    "attack": 127.39842,
    "defense": 286.28292568,
    "specialized": 0.5
  },
  "34": {
    "level": 34,
    "ascension": 1,
    "hp": 4491.528468500001,
    "attack": 129.77247,
    "defense": 291.61766763,
    "specialized": 0.5
  },
  "35": {
    "level": 35,
    "ascension": 1,
    "hp": 4574.6617875,
    "attack": 132.17445,
    "defense": 297.01517125,
    "specialized": 0.5
  },
  "36": {
    "level": 36,
    "ascension": 1,
    "hp": 4658.761773,
    "attack": 134.60435999999999,
    "defense": 302.47543654000003,
    "specialized": 0.5
  },
  "37": {
    "level": 37,
    "ascension": 1,
    "hp": 4741.895092000001,
    "attack": 137.00634,
    "defense": 307.87294016,
    "specialized": 0.5
  },
  "38": {
    "level": 38,
    "ascension": 1,
    "hp": 4825.028411,
    "attack": 139.40832,
    "defense": 313.27044378,
    "specialized": 0.5
  },
  "39": {
    "level": 39,
    "ascension": 1,
    "hp": 4908.16173,
    "attack": 141.81029999999998,
    "defense": 318.6679474,
    "specialized": 0.5
  },
  "40": {
    "level": 40,
    "ascension": 1,
    "hp": 4992.261715500001,
    "attack": 144.24021,
    "defense": 324.12821269,
    "specialized": 0.5
  },
  "41": {
    "level": 41,
    "ascension": 2,
    "hp": 5664.299934500001,
    "attack": 163.65624,
    "defense": 367.76176631000004,
    "specialized": 0.596
  },
  "42": {
    "level": 42,
    "ascension": 2,
    "hp": 5748.39992,
    "attack": 166.08615,
    "defense": 373.22203160000004,
    "specialized": 0.596
  },
  "43": {
    "level": 43,
    "ascension": 2,
    "hp": 5832.499905500001,
    "attack": 168.51606,
    "defense": 378.68229689000003,
    "specialized": 0.596
  },
  "44": {
    "level": 44,
    "ascension": 2,
    "hp": 5915.633224499999,
    "attack": 170.91803999999996,
    "defense": 384.07980051,
    "specialized": 0.596
  },
  "45": {
    "level": 45,
    "ascension": 2,
    "hp": 5999.73321,
    "attack": 173.34795000000003,
    "defense": 389.54006580000004,
    "specialized": 0.596
  },
  "46": {
    "level": 46,
    "ascension": 2,
    "hp": 6083.833195499999,
    "attack": 175.77785999999998,
    "defense": 395.00033109000003,
    "specialized": 0.596
  },
  "47": {
    "level": 47,
    "ascension": 2,
    "hp": 6167.933181,
    "attack": 178.20776999999998,
    "defense": 400.46059638,
    "specialized": 0.596
  },
  "48": {
    "level": 48,
    "ascension": 2,
    "hp": 6252.033166500001,
    "attack": 180.63768,
    "defense": 405.92086167,
    "specialized": 0.596
  },
  "49": {
    "level": 49,
    "ascension": 2,
    "hp": 6337.099818500001,
    "attack": 183.09552000000002,
    "defense": 411.44388863000006,
    "specialized": 0.596
  },
  "50": {
    "level": 50,
    "ascension": 2,
    "hp": 6421.199804,
    "attack": 185.52543000000003,
    "defense": 416.90415392000006,
    "specialized": 0.596
  },