{
  "1": {
    "level": 1,
    "ascension": 0,
    "hp": 775.02234,
    "attack": 14.2464,
    "defense": 58.94175,
    "specialized": 0
  },
  "2": {
    "level": 2,
    "ascension": 0,
    "hp": 839.34919422,
    "attack": 15.428851199999999,
    "defense": 63.83391525,
    "specialized": 0
  },
  "3": {
    "level": 3,
    "ascension": 0,
    "hp": 902.9010261,
    "attack": 16.597056,
    "defense": 68.66713875,
    "specialized": 0
  },
  "4": {
    "level": 4,
    "ascension": 0,
    "hp": 967.2278803199999,
    "attack": 17.779507199999998,
    "defense": 73.559304,
    "specialized": 0
  },
  "5": {
    "level": 5,
    "ascension": 0,
    "hp": 1030.7797122,
    "attack": 18.947712,
    "defense": 78.3925275,
    "specialized": 0
  },
  "6": {
    "level": 6,
    "ascension": 0,
    "hp": 1095.10656642,
    "attack": 20.1301632,
    "defense": 83.28469275,
    "specialized": 0
  },
  "7": {
    "level": 7,
    "ascension": 0,
    "hp": 1158.6583983,
    "attack": 21.298368,
    "defense": 88.11791625000001,
    "specialized": 0
  },
  "8": {
    "level": 8,
    "ascension": 0,
    "hp": 1222.9852525200001,
    "attack": 22.4808192,
    "defense": 93.0100815,
    "specialized": 0
  },
  "9": {
    "level": 9,
    "ascension": 0,
    "hp": 1287.31210674,
    "attack": 23.6632704,
    "defense": 97.90224675,
    "specialized": 0
  },
  "10": {
    "level": 10,
    "ascension": 0,
    "hp": 1350.86393862,
    "attack": 24.8314752,
    "defense": 102.73547025,
    "specialized": 0
  },
  "11": {
    "level": 11,
    "ascension": 0,
    "hp": 1415.19079284,
    "attack": 26.0139264,
    "defense": 107.6276355,
    "specialized": 0
  },
  "12": {
    "level": 12,
    "ascension": 0,
    "hp": 1478.7426247199999,
    "attack": 27.182131199999997,
    "defense": 112.460859,
    "specialized": 0
  },
  "13": {
    "level": 13,
    "ascension": 0,
    "hp": 1543.06947894,
    "attack": 28.3645824,
    "defense": 117.35302425,
    "specialized": 0
  },
  "14": {
    "level": 14,
    "ascension": 0,
    "hp": 1606.62131082,
    "attack": 29.532787199999998,
    "defense": 122.18624774999999,
    "specialized": 0
  },
  "15": {
    "level": 15,
    "ascension": 0,
    "hp": 1670.94816504,
    "attack": 30.7152384,
    "defense": 127.07841300000001,
    "specialized": 0
  },
  "16": {
    "level": 16,
    "ascension": 0,
    "hp": 1735.27501926,
    "attack": 31.897689599999996,
    "defense": 131.97057825,
    "specialized": 0
  },
  "17": {
    "level": 17,
    "ascension": 0,
    "hp": 1798.8268511400001,
    "attack": 33.065894400000005,
    "defense": 136.80380175000002,
    "specialized": 0
  },
  "18": {
    "level": 18,
    "ascension": 0,
    "hp": 1863.15370536,
    "attack": 34.2483456,
    "defense": 141.695967,
    "specialized": 0
  },
  "19": {
    "level": 19,
    "ascension": 0,
    "hp": 1926.7055372400002,
    "attack": 35.4165504,
    "defense": 146.5291905,
    "specialized": 0
  },
  "20": {
    "level": 20,
    "ascension": 0,
    "hp": 1991.0323914599999,
    "attack": 36.5990016,
    "defense": 151.42135575,
    "specialized": 0
  },
  "21": {
    "level": 21,
    "ascension": 1,
    "hp": 2633.56562334,
    "attack": 48.4102464,
    "defense": 200.28707924999998,
    "specialized": 0
  },
  "22": {
    "level": 22,
    "ascension": 1,
    "hp": 2697.89247756,
    "attack": 49.5926976,
    "defense": 205.17924449999998,
    "specialized": 0
  },
  "23": {
    "level": 23,
    "ascension": 1,
    "hp": 2762.21933178,
    "attack": 50.775148800000004,
    "defense": 210.07140975000002,
    "specialized": 0
  },
  "24": {
    "level": 24,
    "ascension": 1,
    "hp": 2825.77116366,
    "attack": 51.943353599999995,
    "defense": 214.90463325,
    "specialized": 0
  },
  "25": {
    "level": 25,
    "ascension": 1,
    "hp": 2890.09801788,
    "attack": 53.1258048,
    "defense": 219.7967985,
    "specialized": 0
  },
  "26": {
    "level": 26,
    "ascension": 1,
    "hp": 2953.64984976,
    "attack": 54.294009599999995,
    "defense": 224.630022,
    "specialized": 0
  },
  "27": {
    "level": 27,
    "ascension": 1,
    "hp": 3017.97670398,
    "attack": 55.4764608,
    "defense": 229.52218724999997,
    "specialized": 0
  },
  "28": {
    "level": 28,
    "ascension": 1,
    "hp": 3081.52853586,
    "attack": 56.644665599999996,
    "defense": 234.35541075,
    "specialized": 0
  },
  "29": {
    "level": 29,
    "ascension": 1,
    "hp": 3145.85539008,
    "attack": 57.82711679999999,
    "defense": 239.24757599999998,
    "specialized": 0
  },
  "30": {
    "level": 30,
    "ascension": 1,
    "hp": 3209.4072219600002,
    "attack": 58.9953216,
    "defense": 244.0807995,
    "specialized": 0
  },
  "31": {
    "level": 31,
    "ascension": 1,
    "hp": 3273.73407618,
    "attack": 60.17777279999999,
    "defense": 248.97296475,
    "specialized": 0
  },
  "32": {
    "level": 32,
    "ascension": 1,
    "hp": 3338.0609304,
    "attack": 61.360223999999995,
    "defense": 253.86513,
    "specialized": 0
  },
  "33": {
    "level": 33,
    "ascension": 1,
    "hp": 3401.61276228,
    "attack": 62.52842879999999,
    "defense": 258.6983535,
    "specialized": 0
  },
  "34": {
    "level": 34,
    "ascension": 1,
    "hp": 3465.9396165000003,
    "attack": 63.710879999999996,
    "defense": 263.59051875,
    "specialized": 0
  },
  "35": {
    "level": 35,
    "ascension": 1,
    "hp": 3529.49144838,
    "attack": 64.87908479999999,
    "defense": 268.42374225000003,
    "specialized": 0
  },
  "36": {
    "level": 36,
    "ascension": 1,
    "hp": 3593.8183026,
    "attack": 66.06153599999999,
    "defense": 273.3159075,
    "specialized": 0
  },
  "37": {
    "level": 37,
    "ascension": 1,
    "hp": 3657.37013448,
    "attack": 67.2297408,
    "defense": 278.149131,
    "specialized": 0
  },
  "38": {
    "level": 38,
    "ascension": 1,
    "hp": 3721.6969887,
    "attack": 68.41219199999999,
    "defense": 283.04129624999996,
    "specialized": 0
  },
  "39": {
    "level": 39,
    "ascension": 1,
    "hp": 3786.02384292,
    "attack": 69.5946432,
    "defense": 287.9334615,
    "specialized": 0
  },
  "40": {
    "level": 40,
    "ascension": 1,
    "hp": 3849.5756748,
    "attack": 70.76284799999999,
    "defense": 292.76668499999994,
    "specialized": 0
  },
  "41": {
    "level": 41,
    "ascension": 2,
    "hp": 4325.28397902,
    "attack": 79.5074592,
    "defense": 328.94510025,
    "specialized": 0.06
  },
  "42": {
    "level": 42,
    "ascension": 2,
    "hp": 4388.8358109,
    "attack": 80.675664,
    "defense": 333.77832375,
    "specialized": 0.06
  },
  "43": {
    "level": 43,
    "ascension": 2,
    "hp": 4453.16266512,
    "attack": 81.8581152,
    "defense": 338.670489,
    "specialized": 0.06
  },
  "44": {
    "level": 44,
    "ascension": 2,
    "hp": 4516.714497,
    "attack": 83.02632,
    "defense": 343.5037125,
    "specialized": 0.06
  },
  "45": {
    "level": 45,
    "ascension": 2,
    "hp": 4581.041351219999,
    "attack": 84.2087712,
    "defense": 348.39587774999995,
    "specialized": 0.06
  },
  "46": {
    "level": 46,
    "ascension": 2,
    "hp": 4645.36820544,
    "attack": 85.3912224,
    "defense": 353.288043,
    "specialized": 0.06
  },
  "47": {
    "level": 47,
    "ascension": 2,
    "hp": 4708.92003732,
    "attack": 86.5594272,
    "defense": 358.12126650000005,
    "specialized": 0.06
  },
  "48": {
    "level": 48,
    "ascension": 2,
    "hp": 4773.24689154,
    "attack": 87.7418784,
    "defense": 363.01343175,
    "specialized": 0.06
  },
  "49": {
    "level": 49,
    "ascension": 2,
    "hp": 4836.79872342,
    "attack": 88.9100832,
    "defense": 367.84665525,
    "specialized": 0.06
  },
  "50": {
    "level": 50,
    "ascension": 2,
    "hp": 4901.12557764,
    "attack": 90.0925344,
    "defense": 372.7388205,
    "specialized": 0.06
  },
  "51": {
    "level": 51,
    "ascension": 3,
    "hp": 5513.18615952,
    "attack": 101.3436192,
    "defense": 419.287044,