{
  "1": {
    "level": 1,
    "ascension": 0,
    "hp": 866.2015,
    "attack": 16.9176,
    "defense": 62.9475,
    "specialized": 0
  },
  "2": {
    "level": 2,
    "ascension": 0,
    "hp": 938.0962245,
    "attack": 18.3217608,
    "defense": 68.17214249999999,
    "specialized": 0
  },
  "3": {
    "level": 3,
    "ascension": 0,
    "hp": 1009.1247475,
    "attack": 19.709004,
    "defense": 73.3338375,
    "specialized": 0
  },
  "4": {
    "level": 4,
    "ascension": 0,
    "hp": 1081.019472,
    "attack": 21.1131648,
    "defense": 78.55848,
    "specialized": 0
  },
  "5": {
    "level": 5,
    "ascension": 0,
    "hp": 1152.0479950000001,
    "attack": 22.500408,
    "defense": 83.720175,
    "specialized": 0
  },
  "6": {
    "level": 6,
    "ascension": 0,
    "hp": 1223.9427195,
    "attack": 23.9045688,
    "defense": 88.9448175,
    "specialized": 0
  },
  "7": {
    "level": 7,
    "ascension": 0,
    "hp": 1294.9712425,
    "attack": 25.291812000000004,
    "defense": 94.10651250000001,
    "specialized": 0
  },
  "8": {
    "level": 8,
    "ascension": 0,
    "hp": 1366.8659670000002,
    "attack": 26.6959728,
    "defense": 99.331155,
    "specialized": 0
  },
  "9": {
    "level": 9,
    "ascension": 0,
    "hp": 1438.7606915000001,
    "attack": 28.1001336,
    "defense": 104.5557975,
    "specialized": 0
  },
  "10": {
    "level": 10,
    "ascension": 0,
    "hp": 1509.7892145,
    "attack": 29.487376800000003,
    "defense": 109.7174925,
    "specialized": 0
  },
  "11": {
    "level": 11,
    "ascension": 0,
    "hp": 1581.683939,
    "attack": 30.891537600000003,
    "defense": 114.94213500000001,
    "specialized": 0
  },
  "12": {
    "level": 12,
    "ascension": 0,
    "hp": 1652.712462,
    "attack": 32.2787808,
    "defense": 120.10382999999999,
    "specialized": 0
  },
  "13": {
    "level": 13,
    "ascension": 0,
    "hp": 1724.6071865000001,
    "attack": 33.6829416,
    "defense": 125.3284725,
    "specialized": 0
  },
  "14": {
    "level": 14,
    "ascension": 0,
    "hp": 1795.6357095,
    "attack": 35.0701848,
    "defense": 130.49016749999998,
    "specialized": 0
  },
  "15": {
    "level": 15,
    "ascension": 0,
    "hp": 1867.5304340000002,
    "attack": 36.4743456,
    "defense": 135.71481,
    "specialized": 0
  },
  "16": {
    "level": 16,
    "ascension": 0,
    "hp": 1939.4251585,
    "attack": 37.8785064,
    "defense": 140.9394525,
    "specialized": 0
  },
  "17": {
    "level": 17,
    "ascension": 0,
    "hp": 2010.4536815000001,
    "attack": 39.26574960000001,
    "defense": 146.1011475,
    "specialized": 0
  },
  "18": {
    "level": 18,
    "ascension": 0,
    "hp": 2082.348406,
    "attack": 40.6699104,
    "defense": 151.32578999999998,
    "specialized": 0
  },
  "19": {
    "level": 19,
    "ascension": 0,
    "hp": 2153.376929,
    "attack": 42.05715360000001,
    "defense": 156.48748500000002,
    "specialized": 0
  },
  "20": {
    "level": 20,
    "ascension": 0,
    "hp": 2225.2716535,
    "attack": 43.4613144,
    "defense": 161.71212749999998,
    "specialized": 0
  },
  "21": {
    "level": 21,
    "ascension": 1,
    "hp": 2943.3969765,
    "attack": 57.4871676,
    "defense": 213.8988225,
    "specialized": 0
  },
  "22": {
    "level": 22,
    "ascension": 1,
    "hp": 3015.291701,
    "attack": 58.8913284,
    "defense": 219.123465,
    "specialized": 0
  },
  "23": {
    "level": 23,
    "ascension": 1,
    "hp": 3087.1864255,
    "attack": 60.295489200000006,
    "defense": 224.3481075,
    "specialized": 0
  },
  "24": {
    "level": 24,
    "ascension": 1,
    "hp": 3158.2149485,
    "attack": 61.6827324,
    "defense": 229.5098025,
    "specialized": 0
  },
  "25": {
    "level": 25,
    "ascension": 1,
    "hp": 3230.109673,
    "attack": 63.086893200000006,
    "defense": 234.73444500000002,
    "specialized": 0
  },
  "26": {
    "level": 26,
    "ascension": 1,
    "hp": 3301.138196,
    "attack": 64.47413639999999,
    "defense": 239.89614,
    "specialized": 0
  },
  "27": {
    "level": 27,
    "ascension": 1,
    "hp": 3373.0329205,
    "attack": 65.87829719999999,
    "defense": 245.1207825,
    "specialized": 0
  },
  "28": {
    "level": 28,
    "ascension": 1,
    "hp": 3444.0614434999998,
    "attack": 67.26554039999999,
    "defense": 250.2824775,
    "specialized": 0
  },
  "29": {
    "level": 29,
    "ascension": 1,
    "hp": 3515.9561679999997,
    "attack": 68.66970119999999,
    "defense": 255.50712,
    "specialized": 0
  },
  "30": {
    "level": 30,
    "ascension": 1,
    "hp": 3586.9846910000006,
    "attack": 70.0569444,
    "defense": 260.668815,
    "specialized": 0
  },
  "31": {
    "level": 31,
    "ascension": 1,
    "hp": 3658.8794154999996,
    "attack": 71.46110519999999,
    "defense": 265.89345749999995,
    "specialized": 0
  },
  "32": {
    "level": 32,
    "ascension": 1,
    "hp": 3730.7741400000004,
    "attack": 72.86526599999999,
    "defense": 271.11809999999997,
    "specialized": 0
  },
  "33": {
    "level": 33,
    "ascension": 1,
    "hp": 3801.8026630000004,
    "attack": 74.25250919999999,
    "defense": 276.279795,
    "specialized": 0
  },
  "34": {
    "level": 34,
    "ascension": 1,
    "hp": 3873.6973875000003,
    "attack": 75.65667,
    "defense": 281.5044375,
    "specialized": 0
  },
  "35": {
    "level": 35,
    "ascension": 1,
    "hp": 3944.7259105000003,
    "attack": 77.0439132,
    "defense": 286.6661325,
    "specialized": 0
  },
  "36": {
    "level": 36,
    "ascension": 1,
    "hp": 4016.620635,
    "attack": 78.448074,
    "defense": 291.890775,
    "specialized": 0
  },
  "37": {
    "level": 37,
    "ascension": 1,
    "hp": 4087.649158,
    "attack": 79.8353172,
    "defense": 297.05246999999997,
    "specialized": 0
  },
  "38": {
    "level": 38,
    "ascension": 1,
    "hp": 4159.5438825,
    "attack": 81.23947799999999,
    "defense": 302.2771125,
    "specialized": 0
  },
  "39": {
    "level": 39,
    "ascension": 1,
    "hp": 4231.438607,
    "attack": 82.6436388,
    "defense": 307.50175499999995,
    "specialized": 0
  },
  "40": {
    "level": 40,
    "ascension": 1,
    "hp": 4302.46713,
    "attack": 84.03088199999999,
    "defense": 312.66344999999995,
    "specialized": 0
  },
  "41": {
    "level": 41,
    "ascension": 2,
    "hp": 4834.1412545,
    "attack": 94.4151078,
    "defense": 351.3005925,
    "specialized": 0.06
  },
  "42": {
    "level": 42,
    "ascension": 2,
    "hp": 4905.1697775,
    "attack": 95.80235099999999,
    "defense": 356.4622875,
    "specialized": 0.06
  },
  "43": {
    "level": 43,
    "ascension": 2,
    "hp": 4977.064502,
    "attack": 97.2065118,
    "defense": 361.68692999999996,
    "specialized": 0.06
  },
  "44": {
    "level": 44,
    "ascension": 2,
    "hp": 5048.093025,
    "attack": 98.59375499999999,
    "defense": 366.84862499999997,
    "specialized": 0.06
  },
  "45": {
    "level": 45,
    "ascension": 2,
    "hp": 5119.9877495,
    "attack": 99.9979158,
    "defense": 372.0732675,
    "specialized": 0.06
  },
  "46": {
    "level": 46,
    "ascension": 2,
    "hp": 5191.882474,
    "attack": 101.4020766,
    "defense": 377.29791,
    "specialized": 0.06
  },
  "47": {
    "level": 47,
    "ascension": 2,
    "hp": 5262.910997,
    "attack": 102.7893198,
    "defense": 382.459605,
    "specialized": 0.06
  },
  "48": {
    "level": 48,
    "ascension": 2,
    "hp": 5334.8057215,
    "attack": 104.1934806,
    "defense": 387.6842475,
    "specialized": 0.06
  },
  "49": {
    "level": 49,
    "ascension": 2,
    "hp": 5405.8342445,
    "attack": 105.5807238,
    "defense": 392.8459425,
    "specialized": 0.06
  },
  "50": {
    "level": 50,
    "ascension": 2,
    "hp": 5477.728969,
    "attack": 106.9848846,
    "defense": 398.070585,
    "specialized": 0.06
  },
  "51": {
    "level": 51,
    "ascension": 3,
    "hp": 6161.796592,
    "attack": 120.34554680000001,
    "defense": 447.78228,
    "specialized": 0.12
  },