{
  "1": {
    "level": 1,
    "ascension": 0,
    "hp": 844.64154,
    "attack": 20.8544,
    "defense": 49.0606,
    "specialized": 0
  },
  "2": {
    "level": 2,
    "ascension": 0,
    "hp": 914.7467878199999,
    "attack": 22.585315199999997,
    "defense": 53.1326298,
    "specialized": 0
  },
  "3": {
    "level": 3,
    "ascension": 0,
    "hp": 984.8520356399999,
    "attack": 24.316230399999995,
    "defense": 57.2046596,
    "specialized": 0
  },
  "4": {
    "level": 4,
    "ascension": 0,
    "hp": 1055.801925,
    "attack": 26.067999999999998,
    "defense": 61.32575,
    "specialized": 0
  },
  "5": {
    "level": 5,
    "ascension": 0,
    "hp": 1125.90717282,
    "attack": 27.798915199999996,
    "defense": 65.3977798,
    "specialized": 0
  },
  "6": {
    "level": 6,
    "ascension": 0,
    "hp": 1196.85706218,
    "attack": 29.5506848,
    "defense": 69.51887020000001,
    "specialized": 0
  },
  "7": {
    "level": 7,
    "ascension": 0,
    "hp": 1266.96231,
    "attack": 31.281599999999997,
    "defense": 73.5909,
    "specialized": 0
  },
  "8": {
    "level": 8,
    "ascension": 0,
    "hp": 1337.91219936,
    "attack": 33.0333696,
    "defense": 77.7119904,
    "specialized": 0
  },
  "9": {
    "level": 9,
    "ascension": 0,
    "hp": 1408.86208872,
    "attack": 34.785139199999996,
    "defense": 81.8330808,
    "specialized": 0
  },
  "10": {
    "level": 10,
    "ascension": 0,
    "hp": 1478.96733654,
    "attack": 36.516054399999994,
    "defense": 85.9051106,
    "specialized": 0
  },
  "11": {
    "level": 11,
    "ascension": 0,
    "hp": 1549.9172259,
    "attack": 38.267824,
    "defense": 90.026201,
    "specialized": 0
  },
  "12": {
    "level": 12,
    "ascension": 0,
    "hp": 1620.86711526,
    "attack": 40.0195936,
    "defense": 94.1472914,
    "specialized": 0
  },
  "13": {
    "level": 13,
    "ascension": 0,
    "hp": 1691.81700462,
    "attack": 41.771363199999996,
    "defense": 98.2683818,
    "specialized": 0
  },
  "14": {
    "level": 14,
    "ascension": 0,
    "hp": 1763.61153552,
    "attack": 43.5439872,
    "defense": 102.4385328,
    "specialized": 0
  },
  "15": {
    "level": 15,
    "ascension": 0,
    "hp": 1834.56142488,
    "attack": 45.2957568,
    "defense": 106.5596232,
    "specialized": 0
  },
  "16": {
    "level": 16,
    "ascension": 0,
    "hp": 1905.5113142399998,
    "attack": 47.04752639999999,
    "defense": 110.68071359999999,
    "specialized": 0
  },
  "17": {
    "level": 17,
    "ascension": 0,
    "hp": 1977.30584514,
    "attack": 48.8201504,
    "defense": 114.85086460000001,
    "specialized": 0
  },
  "18": {
    "level": 18,
    "ascension": 0,
    "hp": 2048.2557344999996,
    "attack": 50.57191999999999,
    "defense": 118.971955,
    "specialized": 0
  },
  "19": {
    "level": 19,
    "ascension": 0,
    "hp": 2120.0502653999997,
    "attack": 52.34454399999999,
    "defense": 123.142106,
    "specialized": 0
  },
  "20": {
    "level": 20,
    "ascension": 0,
    "hp": 2191.00015476,
    "attack": 54.096313599999995,
    "defense": 127.2631964,
    "specialized": 0
  },
  "21": {
    "level": 21,
    "ascension": 1,
    "hp": 2986.9984256599996,
    "attack": 73.74839359999999,
    "defense": 173.4993474,
    "specialized": 0
  },
  "22": {
    "level": 22,
    "ascension": 1,
    "hp": 3058.7929565599998,
    "attack": 75.5210176,
    "defense": 177.66949839999998,
    "specialized": 0
  },
  "23": {
    "level": 23,
    "ascension": 1,
    "hp": 3130.58748746,
    "attack": 77.2936416,
    "defense": 181.8396494,
    "specialized": 0
  },
  "24": {
    "level": 24,
    "ascension": 1,
    "hp": 3202.38201836,
    "attack": 79.0662656,
    "defense": 186.00980040000002,
    "specialized": 0
  },
  "25": {
    "level": 25,
    "ascension": 1,
    "hp": 3274.17654926,
    "attack": 80.8388896,
    "defense": 190.17995140000002,
    "specialized": 0
  },
  "26": {
    "level": 26,
    "ascension": 1,
    "hp": 3346.8157217,
    "attack": 82.632368,
    "defense": 194.39916300000002,
    "specialized": 0
  },
  "27": {
    "level": 27,
    "ascension": 1,
    "hp": 3418.6102526,
    "attack": 84.404992,
    "defense": 198.569314,
    "specialized": 0
  },
  "28": {
    "level": 28,
    "ascension": 1,
    "hp": 3490.4047834999997,
    "attack": 86.177616,
    "defense": 202.739465,
    "specialized": 0
  },
  "29": {
    "level": 29,
    "ascension": 1,
    "hp": 3563.04395594,
    "attack": 87.9710944,
    "defense": 206.95867660000002,
    "specialized": 0
  },
  "30": {
    "level": 30,
    "ascension": 1,
    "hp": 3634.83848684,
    "attack": 89.7437184,
    "defense": 211.12882760000002,
    "specialized": 0
  },
  "31": {
    "level": 31,
    "ascension": 1,
    "hp": 3707.47765928,
    "attack": 91.5371968,
    "defense": 215.34803920000002,
    "specialized": 0
  },
  "32": {
    "level": 32,
    "ascension": 1,
    "hp": 3780.1168317199995,
    "attack": 93.3306752,
    "defense": 219.5672508,
    "specialized": 0
  },
  "33": {
    "level": 33,
    "ascension": 1,
    "hp": 3852.75600416,
    "attack": 95.1241536,
    "defense": 223.7864624,
    "specialized": 0
  },
  "34": {
    "level": 34,
    "ascension": 1,
    "hp": 3924.55053506,
    "attack": 96.89677760000001,
    "defense": 227.9566134,
    "specialized": 0
  },
  "35": {
    "level": 35,
    "ascension": 1,
    "hp": 3997.1897074999997,
    "attack": 98.690256,
    "defense": 232.175825,
    "specialized": 0
  },
  "36": {
    "level": 36,
    "ascension": 1,
    "hp": 4070.67352148,
    "attack": 100.50458880000001,
    "defense": 236.44409720000002,
    "specialized": 0
  },
  "37": {
    "level": 37,
    "ascension": 1,
    "hp": 4143.31269392,
    "attack": 102.2980672,
    "defense": 240.6633088,
    "specialized": 0
  },
  "38": {
    "level": 38,
    "ascension": 1,
    "hp": 4215.95186636,
    "attack": 104.0915456,
    "defense": 244.88252040000003,
    "specialized": 0
  },
  "39": {
    "level": 39,
    "ascension": 1,
    "hp": 4288.5910388,
    "attack": 105.88502399999999,
    "defense": 249.101732,
    "specialized": 0
  },
  "40": {
    "level": 40,
    "ascension": 1,
    "hp": 4362.074852780001,
    "attack": 107.6993568,
    "defense": 253.3700042,
    "specialized": 0
  },
  "41": {
    "level": 41,
    "ascension": 2,
    "hp": 4949.27978522,
    "attack": 122.19665919999998,
    "defense": 287.4782158,
    "specialized": 0.072
  },
  "42": {
    "level": 42,
    "ascension": 2,
    "hp": 5022.7635992000005,
    "attack": 124.010992,
    "defense": 291.746488,
    "specialized": 0.072
  },
  "43": {
    "level": 43,
    "ascension": 2,
    "hp": 5096.24741318,
    "attack": 125.8253248,
    "defense": 296.0147602,
    "specialized": 0.072
  },
  "44": {
    "level": 44,
    "ascension": 2,
    "hp": 5168.88658562,
    "attack": 127.61880319999999,
    "defense": 300.2339718,
    "specialized": 0.072
  },
  "45": {
    "level": 45,
    "ascension": 2,
    "hp": 5242.3703996,
    "attack": 129.433136,
    "defense": 304.502244,
    "specialized": 0.072
  },
  "46": {
    "level": 46,
    "ascension": 2,
    "hp": 5315.85421358,
    "attack": 131.24746879999998,
    "defense": 308.7705162,
    "specialized": 0.072
  },
  "47": {
    "level": 47,
    "ascension": 2,
    "hp": 5389.33802756,
    "attack": 133.06180159999997,
    "defense": 313.0387884,
    "specialized": 0.072
  },
  "48": {
    "level": 48,
    "ascension": 2,
    "hp": 5462.821841540001,
    "attack": 134.87613439999998,
    "defense": 317.3070606,
    "specialized": 0.072
  },
  "49": {
    "level": 49,
    "ascension": 2,
    "hp": 5537.15029706,
    "attack": 136.7113216,
    "defense": 321.62439340000003,
    "specialized": 0.072
  },
  "50": {
    "level": 50,
    "ascension": 2,
    "hp": 5610.63411104,
    "attack": 138.52565439999998,
    "defense": 325.8926656,
    "specialized": 0.072
  },
  "51": {
    "level": 51,
    "ascension": 3,
    "hp": 6370.20572502,
    "attack": 157.2784202,