{
  "1": {
    "level": 1,
    "ascension": 0,
    "hp": 988.59283,
    "attack": 27.7438,
    "defense": 60.84711,
    "specialized": 0.05
  },
  "2": {
    "level": 2,
    "ascension": 0,
    "hp": 1070.64603489,
    "attack": 30.0465354,
    "defense": 65.89742013,
    "specialized": 0.05
  },
  "3": {
    "level": 3,
    "ascension": 0,
    "hp": 1152.69923978,
    "attack": 32.3492708,
    "defense": 70.94773026,
    "specialized": 0.05
  },
  "4": {
    "level": 4,
    "ascension": 0,
    "hp": 1235.7410375,
    "attack": 34.67975,
    "defense": 76.0588875,
    "specialized": 0.05
  },
  "5": {
    "level": 5,
    "ascension": 0,
    "hp": 1317.7942423900001,
    "attack": 36.9824854,
    "defense": 81.10919763,
    "specialized": 0.05
  },
  "6": {
    "level": 6,
    "ascension": 0,
    "hp": 1400.83604011,
    "attack": 39.3129646,
    "defense": 86.22035487000001,
    "specialized": 0.05
  },
  "7": {
    "level": 7,
    "ascension": 0,
    "hp": 1482.889245,
    "attack": 41.615700000000004,
    "defense": 91.27066500000001,
    "specialized": 0.05
  },
  "8": {
    "level": 8,
    "ascension": 0,
    "hp": 1565.93104272,
    "attack": 43.9461792,
    "defense": 96.38182224,
    "specialized": 0.05
  },
  "9": {
    "level": 9,
    "ascension": 0,
    "hp": 1648.97284044,
    "attack": 46.276658399999995,
    "defense": 101.49297948,
    "specialized": 0.05
  },
  "10": {
    "level": 10,
    "ascension": 0,
    "hp": 1731.02604533,
    "attack": 48.5793938,
    "defense": 106.54328960999999,
    "specialized": 0.05
  },
  "11": {
    "level": 11,
    "ascension": 0,
    "hp": 1814.06784305,
    "attack": 50.909873,
    "defense": 111.65444685,
    "specialized": 0.05
  },
  "12": {
    "level": 12,
    "ascension": 0,
    "hp": 1897.1096407700002,
    "attack": 53.240352200000004,
    "defense": 116.76560409000001,
    "specialized": 0.05
  },
  "13": {
    "level": 13,
    "ascension": 0,
    "hp": 1980.1514384900001,
    "attack": 55.5708314,
    "defense": 121.87676133000001,
    "specialized": 0.05
  },
  "14": {
    "level": 14,
    "ascension": 0,
    "hp": 2064.18182904,
    "attack": 57.929054400000005,
    "defense": 127.04876568,
    "specialized": 0.05
  },
  "15": {
    "level": 15,
    "ascension": 0,
    "hp": 2147.22362676,
    "attack": 60.259533600000005,
    "defense": 132.15992292,
    "specialized": 0.05
  },
  "16": {
    "level": 16,
    "ascension": 0,
    "hp": 2230.26542448,
    "attack": 62.5900128,
    "defense": 137.27108016,
    "specialized": 0.05
  },
  "17": {
    "level": 17,
    "ascension": 0,
    "hp": 2314.29581503,
    "attack": 64.9482358,
    "defense": 142.44308451,
    "specialized": 0.05
  },
  "18": {
    "level": 18,
    "ascension": 0,
    "hp": 2397.33761275,
    "attack": 67.27871499999999,
    "defense": 147.55424175,
    "specialized": 0.05
  },
  "19": {
    "level": 19,
    "ascension": 0,
    "hp": 2481.3680033,
    "attack": 69.636938,
    "defense": 152.7262461,
    "specialized": 0.05
  },
  "20": {
    "level": 20,
    "ascension": 0,
    "hp": 2564.40980102,
    "attack": 71.9674172,
    "defense": 157.83740333999998,
    "specialized": 0.05
  },
  "21": {
    "level": 21,
    "ascension": 1,
    "hp": 3496.06916157,
    "attack": 98.1117022,
    "defense": 215.18150769,
    "specialized": 0.05
  },
  "22": {
    "level": 22,
    "ascension": 1,
    "hp": 3580.09955212,
    "attack": 100.46992519999999,
    "defense": 220.35351204,
    "specialized": 0.05
  },
  "23": {
    "level": 23,
    "ascension": 1,
    "hp": 3664.1299426700007,
    "attack": 102.8281482,
    "defense": 225.52551639,
    "specialized": 0.05
  },
  "24": {
    "level": 24,
    "ascension": 1,
    "hp": 3748.16033322,
    "attack": 105.18637120000001,
    "defense": 230.69752074000002,
    "specialized": 0.05
  },
  "25": {
    "level": 25,
    "ascension": 1,
    "hp": 3832.1907237700007,
    "attack": 107.5445942,
    "defense": 235.86952509,
    "specialized": 0.05
  },
  "26": {
    "level": 26,
    "ascension": 1,
    "hp": 3917.20970715,
    "attack": 109.930561,
    "defense": 241.10237655,
    "specialized": 0.05
  },
  "27": {
    "level": 27,
    "ascension": 1,
    "hp": 4001.2400976999998,
    "attack": 112.288784,
    "defense": 246.2743809,
    "specialized": 0.05
  },
  "28": {
    "level": 28,
    "ascension": 1,
    "hp": 4085.27048825,
    "attack": 114.647007,
    "defense": 251.44638525,
    "specialized": 0.05
  },
  "29": {
    "level": 29,
    "ascension": 1,
    "hp": 4170.289471630001,
    "attack": 117.03297380000001,
    "defense": 256.67923671000005,
    "specialized": 0.05
  },
  "30": {
    "level": 30,
    "ascension": 1,
    "hp": 4254.31986218,
    "attack": 119.3911968,
    "defense": 261.85124106,
    "specialized": 0.05
  },
  "31": {
    "level": 31,
    "ascension": 1,
    "hp": 4339.33884556,
    "attack": 121.77716360000001,
    "defense": 267.08409252,
    "specialized": 0.05
  },
  "32": {
    "level": 32,
    "ascension": 1,
    "hp": 4424.35782894,
    "attack": 124.1631304,
    "defense": 272.31694398,
    "specialized": 0.05
  },
  "33": {
    "level": 33,
    "ascension": 1,
    "hp": 4509.376812320001,
    "attack": 126.5490972,
    "defense": 277.54979544,
    "specialized": 0.05
  },
  "34": {
    "level": 34,
    "ascension": 1,
    "hp": 4593.40720287,
    "attack": 128.90732020000002,
    "defense": 282.72179979,
    "specialized": 0.05
  },
  "35": {
    "level": 35,
    "ascension": 1,
    "hp": 4678.42618625,
    "attack": 131.29328700000002,
    "defense": 287.95465125,
    "specialized": 0.05
  },
  "36": {
    "level": 36,
    "ascension": 1,
    "hp": 4764.43376246,
    "attack": 133.70699760000002,
    "defense": 293.24834982000004,
    "specialized": 0.05
  },
  "37": {
    "level": 37,
    "ascension": 1,
    "hp": 4849.45274584,
    "attack": 136.0929644,
    "defense": 298.48120128,
    "specialized": 0.05
  },
  "38": {
    "level": 38,
    "ascension": 1,
    "hp": 4934.47172922,
    "attack": 138.4789312,
    "defense": 303.71405274000006,
    "specialized": 0.05
  },
  "39": {
    "level": 39,
    "ascension": 1,
    "hp": 5019.4907126,
    "attack": 140.86489799999998,
    "defense": 308.9469042,
    "specialized": 0.05
  },
  "40": {
    "level": 40,
    "ascension": 1,
    "hp": 5105.49828881,
    "attack": 143.2786086,
    "defense": 314.24060277,
    "specialized": 0.05
  },
  "41": {
    "level": 41,
    "ascension": 2,
    "hp": 5792.77990219,
    "attack": 162.5651974,
    "defense": 356.54310423000004,
    "specialized": 0.098
  },
  "42": {
    "level": 42,
    "ascension": 2,
    "hp": 5878.7874784000005,
    "attack": 164.97890800000002,
    "defense": 361.8368028,
    "specialized": 0.098
  },
  "43": {
    "level": 43,
    "ascension": 2,
    "hp": 5964.79505461,
    "attack": 167.3926186,
    "defense": 367.13050137000005,
    "specialized": 0.098
  },
  "44": {
    "level": 44,
    "ascension": 2,
    "hp": 6049.81403799,
    "attack": 169.7785854,
    "defense": 372.36335282999994,
    "specialized": 0.098
  },
  "45": {
    "level": 45,
    "ascension": 2,
    "hp": 6135.8216142,
    "attack": 172.192296,
    "defense": 377.6570514,
    "specialized": 0.098
  },
  "46": {
    "level": 46,
    "ascension": 2,
    "hp": 6221.82919041,
    "attack": 174.6060066,
    "defense": 382.95074996999995,
    "specialized": 0.098
  },
  "47": {
    "level": 47,
    "ascension": 2,
    "hp": 6307.83676662,
    "attack": 177.0197172,
    "defense": 388.24444854,
    "specialized": 0.098
  },
  "48": {
    "level": 48,
    "ascension": 2,
    "hp": 6393.844342830001,
    "attack": 179.4334278,
    "defense": 393.53814711000007,
    "specialized": 0.098
  },
  "49": {
    "level": 49,
    "ascension": 2,
    "hp": 6480.84051187,
    "attack": 181.8748822,
    "defense": 398.89269279000007,
    "specialized": 0.098
  },
  "50": {
    "level": 50,
    "ascension": 2,
    "hp": 6566.848088080001,
    "attack": 184.2885928,