{
  "1": {
    "level": 1,
    "ascension": 0,
    "hp": 819.8552,
    "attack": 20.482,
    "defense": 52.0521,
    "specialized": 0
  },
  "2": {
    "level": 2,
    "ascension": 0,
    "hp": 887.9031815999999,
    "attack": 22.182005999999998,
    "defense": 56.3724243,
    "specialized": 0
  },
  "3": {
    "level": 3,
    "ascension": 0,
    "hp": 955.9511631999999,
    "attack": 23.882011999999996,
    "defense": 60.6927486,
    "specialized": 0
  },
  "4": {
    "level": 4,
    "ascension": 0,
    "hp": 1024.819,
    "attack": 25.6025,
    "defense": 65.06512500000001,
    "specialized": 0
  },
  "5": {
    "level": 5,
    "ascension": 0,
    "hp": 1092.8669816,
    "attack": 27.302505999999997,
    "defense": 69.3854493,
    "specialized": 0
  },
  "6": {
    "level": 6,
    "ascension": 0,
    "hp": 1161.7348184,
    "attack": 29.022994,
    "defense": 73.75782570000001,
    "specialized": 0
  },
  "7": {
    "level": 7,
    "ascension": 0,
    "hp": 1229.7828,
    "attack": 30.723,
    "defense": 78.07815000000001,
    "specialized": 0
  },
  "8": {
    "level": 8,
    "ascension": 0,
    "hp": 1298.6506368,
    "attack": 32.443488,
    "defense": 82.45052640000002,
    "specialized": 0
  },
  "9": {
    "level": 9,
    "ascension": 0,
    "hp": 1367.5184735999999,
    "attack": 34.163976,
    "defense": 86.8229028,
    "specialized": 0
  },
  "10": {
    "level": 10,
    "ascension": 0,
    "hp": 1435.5664551999998,
    "attack": 35.863982,
    "defense": 91.1432271,
    "specialized": 0
  },
  "11": {
    "level": 11,
    "ascension": 0,
    "hp": 1504.434292,
    "attack": 37.584469999999996,
    "defense": 95.5156035,
    "specialized": 0
  },
  "12": {
    "level": 12,
    "ascension": 0,
    "hp": 1573.3021288,
    "attack": 39.304958,
    "defense": 99.8879799,
    "specialized": 0
  },
  "13": {
    "level": 13,
    "ascension": 0,
    "hp": 1642.1699656,
    "attack": 41.025446,
    "defense": 104.26035630000001,
    "specialized": 0
  },
  "14": {
    "level": 14,
    "ascension": 0,
    "hp": 1711.8576576,
    "attack": 42.766416,
    "defense": 108.68478480000002,
    "specialized": 0
  },
  "15": {
    "level": 15,
    "ascension": 0,
    "hp": 1780.7254944000001,
    "attack": 44.486904,
    "defense": 113.05716120000001,
    "specialized": 0
  },
  "16": {
    "level": 16,
    "ascension": 0,
    "hp": 1849.5933311999997,
    "attack": 46.20739199999999,
    "defense": 117.42953759999999,
    "specialized": 0
  },
  "17": {
    "level": 17,
    "ascension": 0,
    "hp": 1919.2810232000002,
    "attack": 47.948362,
    "defense": 121.85396610000002,
    "specialized": 0
  },
  "18": {
    "level": 18,
    "ascension": 0,
    "hp": 1988.1488599999998,
    "attack": 49.66884999999999,
    "defense": 126.2263425,
    "specialized": 0
  },
  "19": {
    "level": 19,
    "ascension": 0,
    "hp": 2057.8365519999998,
    "attack": 51.409819999999996,
    "defense": 130.650771,
    "specialized": 0
  },
  "20": {
    "level": 20,
    "ascension": 0,
    "hp": 2126.7043888,
    "attack": 53.13030799999999,
    "defense": 135.0231474,
    "specialized": 0
  },
  "21": {
    "level": 21,
    "ascension": 1,
    "hp": 2899.3437808,
    "attack": 72.43145799999999,
    "defense": 184.0785759,
    "specialized": 0
  },
  "22": {
    "level": 22,
    "ascension": 1,
    "hp": 2969.0314728,
    "attack": 74.172428,
    "defense": 188.5030044,
    "specialized": 0
  },
  "23": {
    "level": 23,
    "ascension": 1,
    "hp": 3038.7191648000003,
    "attack": 75.913398,
    "defense": 192.9274329,
    "specialized": 0
  },
  "24": {
    "level": 24,
    "ascension": 1,
    "hp": 3108.4068568000002,
    "attack": 77.654368,
    "defense": 197.35186140000002,
    "specialized": 0
  },
  "25": {
    "level": 25,
    "ascension": 1,
    "hp": 3178.0945488,
    "attack": 79.395338,
    "defense": 201.77628990000002,
    "specialized": 0
  },
  "26": {
    "level": 26,
    "ascension": 1,
    "hp": 3248.602096,
    "attack": 81.15679,
    "defense": 206.2527705,
    "specialized": 0
  },
  "27": {
    "level": 27,
    "ascension": 1,
    "hp": 3318.289788,
    "attack": 82.89776,
    "defense": 210.677199,
    "specialized": 0
  },
  "28": {
    "level": 28,
    "ascension": 1,
    "hp": 3387.97748,
    "attack": 84.63873,
    "defense": 215.1016275,
    "specialized": 0
  },
  "29": {
    "level": 29,
    "ascension": 1,
    "hp": 3458.4850272000003,
    "attack": 86.400182,
    "defense": 219.5781081,
    "specialized": 0
  },
  "30": {
    "level": 30,
    "ascension": 1,
    "hp": 3528.1727192000003,
    "attack": 88.141152,
    "defense": 224.0025366,
    "specialized": 0
  },
  "31": {
    "level": 31,
    "ascension": 1,
    "hp": 3598.6802664,
    "attack": 89.902604,
    "defense": 228.47901720000002,
    "specialized": 0
  },
  "32": {
    "level": 32,
    "ascension": 1,
    "hp": 3669.1878136,
    "attack": 91.664056,
    "defense": 232.95549780000002,
    "specialized": 0
  },
  "33": {
    "level": 33,
    "ascension": 1,
    "hp": 3739.6953608,
    "attack": 93.42550800000001,
    "defense": 237.43197840000002,
    "specialized": 0
  },
  "34": {
    "level": 34,
    "ascension": 1,
    "hp": 3809.3830528,
    "attack": 95.166478,
    "defense": 241.85640690000002,
    "specialized": 0
  },
  "35": {
    "level": 35,
    "ascension": 1,
    "hp": 3879.8906,
    "attack": 96.92793,
    "defense": 246.3328875,
    "specialized": 0
  },
  "36": {
    "level": 36,
    "ascension": 1,
    "hp": 3951.2180024,
    "attack": 98.70986400000001,
    "defense": 250.86142020000003,
    "specialized": 0
  },
  "37": {
    "level": 37,
    "ascension": 1,
    "hp": 4021.7255496,
    "attack": 100.471316,
    "defense": 255.33790080000003,
    "specialized": 0
  },
  "38": {
    "level": 38,
    "ascension": 1,
    "hp": 4092.2330968,
    "attack": 102.23276800000001,
    "defense": 259.8143814,
    "specialized": 0
  },
  "39": {
    "level": 39,
    "ascension": 1,
    "hp": 4162.7406439999995,
    "attack": 103.99422,
    "defense": 264.290862,
    "specialized": 0
  },
  "40": {
    "level": 40,
    "ascension": 1,
    "hp": 4234.0680464,
    "attack": 105.776154,
    "defense": 268.81939470000003,
    "specialized": 0
  },
  "41": {
    "level": 41,
    "ascension": 2,
    "hp": 4804.041293599999,
    "attack": 120.01457599999999,
    "defense": 305.00737530000004,
    "specialized": 0.08
  },
  "42": {
    "level": 42,
    "ascension": 2,
    "hp": 4875.368696,
    "attack": 121.79651,
    "defense": 309.53590800000006,
    "specialized": 0.08
  },
  "43": {
    "level": 43,
    "ascension": 2,
    "hp": 4946.6960984,
    "attack": 123.57844399999999,
    "defense": 314.06444070000003,
    "specialized": 0.08
  },
  "44": {
    "level": 44,
    "ascension": 2,
    "hp": 5017.2036456,
    "attack": 125.33989599999998,
    "defense": 318.5409213,
    "specialized": 0.08
  },
  "45": {
    "level": 45,
    "ascension": 2,
    "hp": 5088.531048,
    "attack": 127.12183,
    "defense": 323.06945400000006,
    "specialized": 0.08
  },
  "46": {
    "level": 46,
    "ascension": 2,
    "hp": 5159.8584504,
    "attack": 128.903764,
    "defense": 327.5979867,
    "specialized": 0.08
  },
  "47": {
    "level": 47,
    "ascension": 2,
    "hp": 5231.185852799999,
    "attack": 130.685698,
    "defense": 332.1265194,
    "specialized": 0.08
  },
  "48": {
    "level": 48,
    "ascension": 2,
    "hp": 5302.5132552000005,
    "attack": 132.467632,
    "defense": 336.65505210000003,
    "specialized": 0.08
  },
  "49": {
    "level": 49,
    "ascension": 2,
    "hp": 5374.6605128,
    "attack": 134.270048,
    "defense": 341.23563690000003,
    "specialized": 0.08
  },
  "50": {
    "level": 50,
    "ascension": 2,
    "hp": 5445.9879152,
    "attack": 136.051982,
    "defense": 345.76416960000006,
    "specialized": 0.08
  },
  "51": {
    "level": 51,
    "ascension": 3,
    "hp": 6183.2695176,
    "attack": 154.469876,
    "defense": 392.5747023,