{
  "1": {
    "level": 1,
    "ascension": 0,
    "hp": 791.2556,
    "attack": 25.5094,
    "defense": 47.2657,
    "specialized": 0.05
  },
  "2": {
    "level": 2,
    "ascension": 0,
    "hp": 856.9298147999999,
    "attack": 27.6266802,
    "defense": 51.1887531,
    "specialized": 0.05
  },
  "3": {
    "level": 3,
    "ascension": 0,
    "hp": 922.6040295999999,
    "attack": 29.7439604,
    "defense": 55.1118062,
    "specialized": 0.05
  },
  "4": {
    "level": 4,
    "ascension": 0,
    "hp": 989.0695,
    "attack": 31.88675,
    "defense": 59.082125000000005,
    "specialized": 0.05
  },
  "5": {
    "level": 5,
    "ascension": 0,
    "hp": 1054.7437148,
    "attack": 34.004030199999995,
    "defense": 63.0051781,
    "specialized": 0.05
  },
  "6": {
    "level": 6,
    "ascension": 0,
    "hp": 1121.2091851999999,
    "attack": 36.1468198,
    "defense": 66.97549690000001,
    "specialized": 0.05
  },
  "7": {
    "level": 7,
    "ascension": 0,
    "hp": 1186.8834,
    "attack": 38.2641,
    "defense": 70.89855,
    "specialized": 0.05
  },
  "8": {
    "level": 8,
    "ascension": 0,
    "hp": 1253.3488704,
    "attack": 40.4068896,
    "defense": 74.8688688,
    "specialized": 0.05
  },
  "9": {
    "level": 9,
    "ascension": 0,
    "hp": 1319.8143407999999,
    "attack": 42.5496792,
    "defense": 78.8391876,
    "specialized": 0.05
  },
  "10": {
    "level": 10,
    "ascension": 0,
    "hp": 1385.4885556,
    "attack": 44.666959399999996,
    "defense": 82.76224069999999,
    "specialized": 0.05
  },
  "11": {
    "level": 11,
    "ascension": 0,
    "hp": 1451.9540259999999,
    "attack": 46.809749,
    "defense": 86.73255950000001,
    "specialized": 0.05
  },
  "12": {
    "level": 12,
    "ascension": 0,
    "hp": 1518.4194963999998,
    "attack": 48.9525386,
    "defense": 90.70287830000001,
    "specialized": 0.05
  },
  "13": {
    "level": 13,
    "ascension": 0,
    "hp": 1584.8849668,
    "attack": 51.095328200000004,
    "defense": 94.67319710000001,
    "specialized": 0.05
  },
  "14": {
    "level": 14,
    "ascension": 0,
    "hp": 1652.1416927999999,
    "attack": 53.2636272,
    "defense": 98.69078160000001,
    "specialized": 0.05
  },
  "15": {
    "level": 15,
    "ascension": 0,
    "hp": 1718.6071632,
    "attack": 55.4064168,
    "defense": 102.66110040000001,
    "specialized": 0.05
  },
  "16": {
    "level": 16,
    "ascension": 0,
    "hp": 1785.0726335999998,
    "attack": 57.549206399999996,
    "defense": 106.6314192,
    "specialized": 0.05
  },
  "17": {
    "level": 17,
    "ascension": 0,
    "hp": 1852.3293596,
    "attack": 59.7175054,
    "defense": 110.64900370000001,
    "specialized": 0.05
  },
  "18": {
    "level": 18,
    "ascension": 0,
    "hp": 1918.7948299999998,
    "attack": 61.860294999999994,
    "defense": 114.6193225,
    "specialized": 0.05
  },
  "19": {
    "level": 19,
    "ascension": 0,
    "hp": 1986.0515559999997,
    "attack": 64.028594,
    "defense": 118.636907,
    "specialized": 0.05
  },
  "20": {
    "level": 20,
    "ascension": 0,
    "hp": 2052.5170264,
    "attack": 66.1713836,
    "defense": 122.6072258,
    "specialized": 0.05
  },
  "21": {
    "level": 21,
    "ascension": 1,
    "hp": 2798.2038524,
    "attack": 90.2100876,
    "defense": 167.1518103,
    "specialized": 0.05
  },
  "22": {
    "level": 22,
    "ascension": 1,
    "hp": 2865.4605783999996,
    "attack": 92.3783866,
    "defense": 171.16939480000002,
    "specialized": 0.05
  },
  "23": {
    "level": 23,
    "ascension": 1,
    "hp": 2932.7173044,
    "attack": 94.5466856,
    "defense": 175.18697930000002,
    "specialized": 0.05
  },
  "24": {
    "level": 24,
    "ascension": 1,
    "hp": 2999.9740304,
    "attack": 96.71498460000001,
    "defense": 179.20456380000002,
    "specialized": 0.05
  },
  "25": {
    "level": 25,
    "ascension": 1,
    "hp": 3067.2307564,
    "attack": 98.88328360000001,
    "defense": 183.22214830000001,
    "specialized": 0.05
  },
  "26": {
    "level": 26,
    "ascension": 1,
    "hp": 3135.278738,
    "attack": 101.07709200000001,
    "defense": 187.28699849999998,
    "specialized": 0.05
  },
  "27": {
    "level": 27,
    "ascension": 1,
    "hp": 3202.535464,
    "attack": 103.245391,
    "defense": 191.30458299999998,
    "specialized": 0.05
  },
  "28": {
    "level": 28,
    "ascension": 1,
    "hp": 3269.7921899999997,
    "attack": 105.41369,
    "defense": 195.32216749999998,
    "specialized": 0.05
  },
  "29": {
    "level": 29,
    "ascension": 1,
    "hp": 3337.8401716,
    "attack": 107.60749840000001,
    "defense": 199.3870177,
    "specialized": 0.05
  },
  "30": {
    "level": 30,
    "ascension": 1,
    "hp": 3405.0968976,
    "attack": 109.7757974,
    "defense": 203.4046022,
    "specialized": 0.05
  },
  "31": {
    "level": 31,
    "ascension": 1,
    "hp": 3473.1448792,
    "attack": 111.96960580000001,
    "defense": 207.46945240000002,
    "specialized": 0.05
  },
  "32": {
    "level": 32,
    "ascension": 1,
    "hp": 3541.1928608,
    "attack": 114.1634142,
    "defense": 211.5343026,
    "specialized": 0.05
  },
  "33": {
    "level": 33,
    "ascension": 1,
    "hp": 3609.2408424,
    "attack": 116.35722260000001,
    "defense": 215.5991528,
    "specialized": 0.05
  },
  "34": {
    "level": 34,
    "ascension": 1,
    "hp": 3676.4975684,
    "attack": 118.5255216,
    "defense": 219.6167373,
    "specialized": 0.05
  },
  "35": {
    "level": 35,
    "ascension": 1,
    "hp": 3744.54555,
    "attack": 120.71933,
    "defense": 223.68158750000003,
    "specialized": 0.05
  },
  "36": {
    "level": 36,
    "ascension": 1,
    "hp": 3813.3847872,
    "attack": 122.93864780000001,
    "defense": 227.79370340000003,
    "specialized": 0.05
  },
  "37": {
    "level": 37,
    "ascension": 1,
    "hp": 3881.4327688,
    "attack": 125.13245620000001,
    "defense": 231.8585536,
    "specialized": 0.05
  },
  "38": {
    "level": 38,
    "ascension": 1,
    "hp": 3949.4807504,
    "attack": 127.32626460000002,
    "defense": 235.92340380000002,
    "specialized": 0.05
  },
  "39": {
    "level": 39,
    "ascension": 1,
    "hp": 4017.5287319999998,
    "attack": 129.520073,
    "defense": 239.98825399999998,
    "specialized": 0.05
  },
  "40": {
    "level": 40,
    "ascension": 1,
    "hp": 4086.3679692,
    "attack": 131.7393908,
    "defense": 244.10036990000003,
    "specialized": 0.05
  },
  "41": {
    "level": 41,
    "ascension": 2,
    "hp": 4636.4583508,
    "attack": 149.4726982,
    "defense": 276.9607201,
    "specialized": 0.098
  },
  "42": {
    "level": 42,
    "ascension": 2,
    "hp": 4705.297588,
    "attack": 151.69201600000002,
    "defense": 281.07283600000005,
    "specialized": 0.098
  },
  "43": {
    "level": 43,
    "ascension": 2,
    "hp": 4774.1368252,
    "attack": 153.9113338,
    "defense": 285.18495190000004,
    "specialized": 0.098
  },
  "44": {
    "level": 44,
    "ascension": 2,
    "hp": 4842.1848068,
    "attack": 156.1051422,
    "defense": 289.2498021,
    "specialized": 0.098
  },
  "45": {
    "level": 45,
    "ascension": 2,
    "hp": 4911.024044,
    "attack": 158.32446,
    "defense": 293.361918,
    "specialized": 0.098
  },
  "46": {
    "level": 46,
    "ascension": 2,
    "hp": 4979.8632812,
    "attack": 160.5437778,
    "defense": 297.4740339,
    "specialized": 0.098
  },
  "47": {
    "level": 47,
    "ascension": 2,
    "hp": 5048.7025183999995,
    "attack": 162.76309559999999,
    "defense": 301.5861498,
    "specialized": 0.098
  },
  "48": {
    "level": 48,
    "ascension": 2,
    "hp": 5117.5417556,
    "attack": 164.98241339999998,
    "defense": 305.69826570000004,
    "specialized": 0.098
  },
  "49": {
    "level": 49,
    "ascension": 2,
    "hp": 5187.1722484,
    "attack": 167.22724060000002,
    "defense": 309.85764730000005,
    "specialized": 0.098
  },
  "50": {
    "level": 50,
    "ascension": 2,
    "hp": 5256.0114856,