{
  "1": {
    "level": 1,
    "ascension": 0,
    "hp": 1058.1852,
    "attack": 24.206,
    "defense": 59.41119,
    "specialized": 0.5
  },
  "2": {
    "level": 2,
    "ascension": 0,
    "hp": 1146.0145716,
    "attack": 26.215097999999998,
    "defense": 64.34231876999999,
    "specialized": 0.5
  },
  "3": {
    "level": 3,
    "ascension": 0,
    "hp": 1233.8439431999998,
    "attack": 28.224196,
    "defense": 69.27344753999999,
    "specialized": 0.5
  },
  "4": {
    "level": 4,
    "ascension": 0,
    "hp": 1322.7314999999999,
    "attack": 30.2575,
    "defense": 74.2639875,
    "specialized": 0.5
  },
  "5": {
    "level": 5,
    "ascension": 0,
    "hp": 1410.5608716,
    "attack": 32.266598,
    "defense": 79.19511627,
    "specialized": 0.5
  },
  "6": {
    "level": 6,
    "ascension": 0,
    "hp": 1499.4484283999998,
    "attack": 34.299902,
    "defense": 84.18565622999999,
    "specialized": 0.5
  },
  "7": {
    "level": 7,
    "ascension": 0,
    "hp": 1587.2777999999998,
    "attack": 36.309,
    "defense": 89.116785,
    "specialized": 0.5
  },
  "8": {
    "level": 8,
    "ascension": 0,
    "hp": 1676.1653568,
    "attack": 38.342304,
    "defense": 94.10732496,
    "specialized": 0.5
  },
  "9": {
    "level": 9,
    "ascension": 0,
    "hp": 1765.0529135999998,
    "attack": 40.375608,
    "defense": 99.09786491999999,
    "specialized": 0.5
  },
  "10": {
    "level": 10,
    "ascension": 0,
    "hp": 1852.8822851999996,
    "attack": 42.384705999999994,
    "defense": 104.02899369,
    "specialized": 0.5
  },
  "11": {
    "level": 11,
    "ascension": 0,
    "hp": 1941.7698419999997,
    "attack": 44.418009999999995,
    "defense": 109.01953365,
    "specialized": 0.5
  },
  "12": {
    "level": 12,
    "ascension": 0,
    "hp": 2030.6573987999998,
    "attack": 46.451314,
    "defense": 114.01007360999999,
    "specialized": 0.5
  },
  "13": {
    "level": 13,
    "ascension": 0,
    "hp": 2119.5449556,
    "attack": 48.484618000000005,
    "defense": 119.00061357,
    "specialized": 0.5
  },
  "14": {
    "level": 14,
    "ascension": 0,
    "hp": 2209.4906975999997,
    "attack": 50.542128,
    "defense": 124.05056472,
    "specialized": 0.5
  },
  "15": {
    "level": 15,
    "ascension": 0,
    "hp": 2298.3782544,
    "attack": 52.575432,
    "defense": 129.04110468000002,
    "specialized": 0.5
  },
  "16": {
    "level": 16,
    "ascension": 0,
    "hp": 2387.2658111999995,
    "attack": 54.60873599999999,
    "defense": 134.03164464,
    "specialized": 0.5
  },
  "17": {
    "level": 17,
    "ascension": 0,
    "hp": 2477.2115532,
    "attack": 56.666246,
    "defense": 139.08159579,
    "specialized": 0.5
  },
  "18": {
    "level": 18,
    "ascension": 0,
    "hp": 2566.0991099999997,
    "attack": 58.699549999999995,
    "defense": 144.07213574999997,
    "specialized": 0.5
  },
  "19": {
    "level": 19,
    "ascension": 0,
    "hp": 2656.0448519999995,
    "attack": 60.757059999999996,
    "defense": 149.12208689999997,
    "specialized": 0.5
  },
  "20": {
    "level": 20,
    "ascension": 0,
    "hp": 2744.9324087999994,
    "attack": 62.790364,
    "defense": 154.11262685999998,
    "specialized": 0.5
  },
  "21": {
    "level": 21,
    "ascension": 1,
    "hp": 3742.1763107999996,
    "attack": 85.60081399999999,
    "defense": 210.10347800999998,
    "specialized": 0.5
  },
  "22": {
    "level": 22,
    "ascension": 1,
    "hp": 3832.1220527999994,
    "attack": 87.658324,
    "defense": 215.15342915999997,
    "specialized": 0.5
  },
  "23": {
    "level": 23,
    "ascension": 1,
    "hp": 3922.0677948000002,
    "attack": 89.715834,
    "defense": 220.20338031,
    "specialized": 0.5
  },
  "24": {
    "level": 24,
    "ascension": 1,
    "hp": 4012.0135368,
    "attack": 91.773344,
    "defense": 225.25333146,
    "specialized": 0.5
  },
  "25": {
    "level": 25,
    "ascension": 1,
    "hp": 4101.9592788,
    "attack": 93.830854,
    "defense": 230.30328261,
    "specialized": 0.5
  },
  "26": {
    "level": 26,
    "ascension": 1,
    "hp": 4192.963205999999,
    "attack": 95.91256999999999,
    "defense": 235.41264495,
    "specialized": 0.5
  },
  "27": {
    "level": 27,
    "ascension": 1,
    "hp": 4282.908947999999,
    "attack": 97.97008,
    "defense": 240.46259609999998,
    "specialized": 0.5
  },
  "28": {
    "level": 28,
    "ascension": 1,
    "hp": 4372.854689999999,
    "attack": 100.02758999999999,
    "defense": 245.51254724999998,
    "specialized": 0.5
  },
  "29": {
    "level": 29,
    "ascension": 1,
    "hp": 4463.8586172,
    "attack": 102.109306,
    "defense": 250.62190959,
    "specialized": 0.5
  },
  "30": {
    "level": 30,
    "ascension": 1,
    "hp": 4553.804359199999,
    "attack": 104.166816,
    "defense": 255.67186074,
    "specialized": 0.5
  },
  "31": {
    "level": 31,
    "ascension": 1,
    "hp": 4644.8082864,
    "attack": 106.248532,
    "defense": 260.78122308,
    "specialized": 0.5
  },
  "32": {
    "level": 32,
    "ascension": 1,
    "hp": 4735.812213599999,
    "attack": 108.330248,
    "defense": 265.89058542,
    "specialized": 0.5
  },
  "33": {
    "level": 33,
    "ascension": 1,
    "hp": 4826.8161408,
    "attack": 110.411964,
    "defense": 270.99994776,
    "specialized": 0.5
  },
  "34": {
    "level": 34,
    "ascension": 1,
    "hp": 4916.7618827999995,
    "attack": 112.46947399999999,
    "defense": 276.04989891,
    "specialized": 0.5
  },
  "35": {
    "level": 35,
    "ascension": 1,
    "hp": 5007.76581,
    "attack": 114.55118999999999,
    "defense": 281.15926125,
    "specialized": 0.5
  },
  "36": {
    "level": 36,
    "ascension": 1,
    "hp": 5099.8279224,
    "attack": 116.657112,
    "defense": 286.32803478,
    "specialized": 0.5
  },
  "37": {
    "level": 37,
    "ascension": 1,
    "hp": 5190.8318496,
    "attack": 118.738828,
    "defense": 291.43739712,
    "specialized": 0.5
  },
  "38": {
    "level": 38,
    "ascension": 1,
    "hp": 5281.8357768000005,
    "attack": 120.820544,
    "defense": 296.54675946,
    "specialized": 0.5
  },
  "39": {
    "level": 39,
    "ascension": 1,
    "hp": 5372.839704,
    "attack": 122.90225999999998,
    "defense": 301.65612179999994,
    "specialized": 0.5
  },
  "40": {
    "level": 40,
    "ascension": 1,
    "hp": 5464.9018164,
    "attack": 125.008182,
    "defense": 306.82489533,
    "specialized": 0.5
  },
  "41": {
    "level": 41,
    "ascension": 2,
    "hp": 6200.564883599999,
    "attack": 141.835408,
    "defense": 348.12910766999994,
    "specialized": 0.596
  },
  "42": {
    "level": 42,
    "ascension": 2,
    "hp": 6292.626996,
    "attack": 143.94133,
    "defense": 353.2978812,
    "specialized": 0.596
  },
  "43": {
    "level": 43,
    "ascension": 2,
    "hp": 6384.6891084,
    "attack": 146.047252,
    "defense": 358.46665472999996,
    "specialized": 0.596
  },
  "44": {
    "level": 44,
    "ascension": 2,
    "hp": 6475.693035599999,
    "attack": 148.128968,
    "defense": 363.5760170699999,
    "specialized": 0.596
  },
  "45": {
    "level": 45,
    "ascension": 2,
    "hp": 6567.755148,
    "attack": 150.23489,
    "defense": 368.7447906,
    "specialized": 0.596
  },
  "46": {
    "level": 46,
    "ascension": 2,
    "hp": 6659.817260399999,
    "attack": 152.340812,
    "defense": 373.91356412999994,
    "specialized": 0.596
  },
  "47": {
    "level": 47,
    "ascension": 2,
    "hp": 6751.879372799999,
    "attack": 154.446734,
    "defense": 379.08233766,
    "specialized": 0.596
  },
  "48": {
    "level": 48,
    "ascension": 2,
    "hp": 6843.9414852,
    "attack": 156.552656,
    "defense": 384.25111118999996,
    "specialized": 0.596
  },
  "49": {
    "level": 49,
    "ascension": 2,
    "hp": 6937.0617827999995,
    "attack": 158.682784,
    "defense": 389.47929591,
    "specialized": 0.596
  },
  "50": {
    "level": 50,
    "ascension": 2,
    "hp": 7029.123895199999,
    "attack": 160.788706,
    "defense": 394.64806944,