{
  "1": {
    "level": 1,
    "ascension": 0,
    "hp": 810.322,
    "attack": 26.068,
    "defense": 44.57335,
    "specialized": 0
  },
  "2": {
    "level": 2,
    "ascension": 0,
    "hp": 877.578726,
    "attack": 28.231644,
    "defense": 48.27293804999999,
    "specialized": 0
  },
  "3": {
    "level": 3,
    "ascension": 0,
    "hp": 944.8354519999999,
    "attack": 30.395288,
    "defense": 51.972526099999996,
    "specialized": 0
  },
  "4": {
    "level": 4,
    "ascension": 0,
    "hp": 1012.9025,
    "attack": 32.585,
    "defense": 55.7166875,
    "specialized": 0
  },
  "5": {
    "level": 5,
    "ascension": 0,
    "hp": 1080.159226,
    "attack": 34.748644,
    "defense": 59.416275549999995,
    "specialized": 0
  },
  "6": {
    "level": 6,
    "ascension": 0,
    "hp": 1148.226274,
    "attack": 36.938356000000006,
    "defense": 63.16043695,
    "specialized": 0
  },
  "7": {
    "level": 7,
    "ascension": 0,
    "hp": 1215.483,
    "attack": 39.102000000000004,
    "defense": 66.860025,
    "specialized": 0
  },
  "8": {
    "level": 8,
    "ascension": 0,
    "hp": 1283.550048,
    "attack": 41.291712000000004,
    "defense": 70.6041864,
    "specialized": 0
  },
  "9": {
    "level": 9,
    "ascension": 0,
    "hp": 1351.617096,
    "attack": 43.481424,
    "defense": 74.3483478,
    "specialized": 0
  },
  "10": {
    "level": 10,
    "ascension": 0,
    "hp": 1418.873822,
    "attack": 45.645068,
    "defense": 78.04793584999999,
    "specialized": 0
  },
  "11": {
    "level": 11,
    "ascension": 0,
    "hp": 1486.94087,
    "attack": 47.83478,
    "defense": 81.79209725,
    "specialized": 0
  },
  "12": {
    "level": 12,
    "ascension": 0,
    "hp": 1555.007918,
    "attack": 50.024492,
    "defense": 85.53625865,
    "specialized": 0
  },
  "13": {
    "level": 13,
    "ascension": 0,
    "hp": 1623.0749660000001,
    "attack": 52.214204,
    "defense": 89.28042005,
    "specialized": 0
  },
  "14": {
    "level": 14,
    "ascension": 0,
    "hp": 1691.952336,
    "attack": 54.429984000000005,
    "defense": 93.06915479999999,
    "specialized": 0
  },
  "15": {
    "level": 15,
    "ascension": 0,
    "hp": 1760.0193840000002,
    "attack": 56.619696000000005,
    "defense": 96.8133162,
    "specialized": 0
  },
  "16": {
    "level": 16,
    "ascension": 0,
    "hp": 1828.0864319999998,
    "attack": 58.809408,
    "defense": 100.55747759999998,
    "specialized": 0
  },
  "17": {
    "level": 17,
    "ascension": 0,
    "hp": 1896.9638020000002,
    "attack": 61.02518800000001,
    "defense": 104.34621235,
    "specialized": 0
  },
  "18": {
    "level": 18,
    "ascension": 0,
    "hp": 1965.0308499999999,
    "attack": 63.2149,
    "defense": 108.09037374999998,
    "specialized": 0
  },
  "19": {
    "level": 19,
    "ascension": 0,
    "hp": 2033.9082199999998,
    "attack": 65.43068,
    "defense": 111.87910849999999,
    "specialized": 0
  },
  "20": {
    "level": 20,
    "ascension": 0,
    "hp": 2101.9752679999997,
    "attack": 67.620392,
    "defense": 115.62326989999998,
    "specialized": 0
  },
  "21": {
    "level": 21,
    "ascension": 1,
    "hp": 2865.630468,
    "attack": 92.18549200000001,
    "defense": 157.63050464999998,
    "specialized": 0
  },
  "22": {
    "level": 22,
    "ascension": 1,
    "hp": 2934.507838,
    "attack": 94.401272,
    "defense": 161.41923939999998,
    "specialized": 0
  },
  "23": {
    "level": 23,
    "ascension": 1,
    "hp": 3003.385208,
    "attack": 96.617052,
    "defense": 165.20797415,
    "specialized": 0
  },
  "24": {
    "level": 24,
    "ascension": 1,
    "hp": 3072.2625780000003,
    "attack": 98.832832,
    "defense": 168.99670890000002,
    "specialized": 0
  },
  "25": {
    "level": 25,
    "ascension": 1,
    "hp": 3141.139948,
    "attack": 101.04861200000002,
    "defense": 172.78544365000002,
    "specialized": 0
  },
  "26": {
    "level": 26,
    "ascension": 1,
    "hp": 3210.82764,
    "attack": 103.29046,
    "defense": 176.61875175,
    "specialized": 0
  },
  "27": {
    "level": 27,
    "ascension": 1,
    "hp": 3279.70501,
    "attack": 105.50623999999999,
    "defense": 180.4074865,
    "specialized": 0
  },
  "28": {
    "level": 28,
    "ascension": 1,
    "hp": 3348.58238,
    "attack": 107.72202000000001,
    "defense": 184.19622125,
    "specialized": 0
  },
  "29": {
    "level": 29,
    "ascension": 1,
    "hp": 3418.2700720000003,
    "attack": 109.96386800000002,
    "defense": 188.02952935000002,
    "specialized": 0
  },
  "30": {
    "level": 30,
    "ascension": 1,
    "hp": 3487.147442,
    "attack": 112.17964800000001,
    "defense": 191.8182641,
    "specialized": 0
  },
  "31": {
    "level": 31,
    "ascension": 1,
    "hp": 3556.835134,
    "attack": 114.42149599999999,
    "defense": 195.6515722,
    "specialized": 0
  },
  "32": {
    "level": 32,
    "ascension": 1,
    "hp": 3626.522826,
    "attack": 116.663344,
    "defense": 199.4848803,
    "specialized": 0
  },
  "33": {
    "level": 33,
    "ascension": 1,
    "hp": 3696.2105180000003,
    "attack": 118.905192,
    "defense": 203.3181884,
    "specialized": 0
  },
  "34": {
    "level": 34,
    "ascension": 1,
    "hp": 3765.087888,
    "attack": 121.120972,
    "defense": 207.10692315,
    "specialized": 0
  },
  "35": {
    "level": 35,
    "ascension": 1,
    "hp": 3834.77558,
    "attack": 123.36282,
    "defense": 210.94023125,
    "specialized": 0
  },
  "36": {
    "level": 36,
    "ascension": 1,
    "hp": 3905.2735940000002,
    "attack": 125.63073600000001,
    "defense": 214.8181127,
    "specialized": 0
  },
  "37": {
    "level": 37,
    "ascension": 1,
    "hp": 3974.961286,
    "attack": 127.87258400000002,
    "defense": 218.6514208,
    "specialized": 0
  },
  "38": {
    "level": 38,
    "ascension": 1,
    "hp": 4044.648978,
    "attack": 130.11443200000002,
    "defense": 222.48472890000002,
    "specialized": 0
  },
  "39": {
    "level": 39,
    "ascension": 1,
    "hp": 4114.33667,
    "attack": 132.35628,
    "defense": 226.31803699999998,
    "specialized": 0
  },
  "40": {
    "level": 40,
    "ascension": 1,
    "hp": 4184.834684,
    "attack": 134.624196,
    "defense": 230.19591845000002,
    "specialized": 0
  },
  "41": {
    "level": 41,
    "ascension": 2,
    "hp": 4748.180346,
    "attack": 152.745824,
    "defense": 261.18447655,
    "specialized": 0.072
  },
  "42": {
    "level": 42,
    "ascension": 2,
    "hp": 4818.67836,
    "attack": 155.01374000000004,
    "defense": 265.062358,
    "specialized": 0.072
  },
  "43": {
    "level": 43,
    "ascension": 2,
    "hp": 4889.176374,
    "attack": 157.281656,
    "defense": 268.94023945000004,
    "specialized": 0.072
  },
  "44": {
    "level": 44,
    "ascension": 2,
    "hp": 4958.864066,
    "attack": 159.523504,
    "defense": 272.77354755,
    "specialized": 0.072
  },
  "45": {
    "level": 45,
    "ascension": 2,
    "hp": 5029.36208,
    "attack": 161.79142000000002,
    "defense": 276.651429,
    "specialized": 0.072
  },
  "46": {
    "level": 46,
    "ascension": 2,
    "hp": 5099.860094,
    "attack": 164.059336,
    "defense": 280.52931045,
    "specialized": 0.072
  },
  "47": {
    "level": 47,
    "ascension": 2,
    "hp": 5170.358107999999,
    "attack": 166.327252,
    "defense": 284.4071919,
    "specialized": 0.072
  },
  "48": {
    "level": 48,
    "ascension": 2,
    "hp": 5240.856122,
    "attack": 168.595168,
    "defense": 288.28507335,
    "specialized": 0.072
  },
  "49": {
    "level": 49,
    "ascension": 2,
    "hp": 5312.164458,
    "attack": 170.88915200000002,
    "defense": 292.20752815000003,
    "specialized": 0.072
  },
  "50": {
    "level": 50,
    "ascension": 2,
    "hp": 5382.662472,
    "attack": 173.15706800000004,
    "defense": 296.0854096,
    "specialized": 0.072
  },
  "51": {
    "level": 51,
    "ascension": 3,
    "hp": 6111.371085999999,
    "attack": 196.598024,
    "defense": 336.17029104999995,