{
  "1": {
    "level": 1,
    "ascension": 0,
    "hp": 911.791,
    "attack": 18.87648,
    "defense": 56.0805,
    "specialized": 0
  },
  "2": {
    "level": 2,
    "ascension": 0,
    "hp": 987.469653,
    "attack": 20.44322784,
    "defense": 60.735181499999996,
    "specialized": 0
  },
  "3": {
    "level": 3,
    "ascension": 0,
    "hp": 1062.236515,
    "attack": 21.9910992,
    "defense": 65.3337825,
    "specialized": 0
  },
  "4": {
    "level": 4,
    "ascension": 0,
    "hp": 1137.915168,
    "attack": 23.557847040000002,
    "defense": 69.98846400000001,
    "specialized": 0
  },
  "5": {
    "level": 5,
    "ascension": 0,
    "hp": 1212.6820300000002,
    "attack": 25.1057184,
    "defense": 74.58706500000001,
    "specialized": 0
  },
  "6": {
    "level": 6,
    "ascension": 0,
    "hp": 1288.360683,
    "attack": 26.672466240000002,
    "defense": 79.2417465,
    "specialized": 0
  },
  "7": {
    "level": 7,
    "ascension": 0,
    "hp": 1363.1275450000003,
    "attack": 28.220337600000004,
    "defense": 83.84034750000001,
    "specialized": 0
  },
  "8": {
    "level": 8,
    "ascension": 0,
    "hp": 1438.8061980000002,
    "attack": 29.787085440000002,
    "defense": 88.495029,
    "specialized": 0
  },
  "9": {
    "level": 9,
    "ascension": 0,
    "hp": 1514.4848510000002,
    "attack": 31.353833280000003,
    "defense": 93.1497105,
    "specialized": 0
  },
  "10": {
    "level": 10,
    "ascension": 0,
    "hp": 1589.251713,
    "attack": 32.901704640000005,
    "defense": 97.74831150000001,
    "specialized": 0
  },
  "11": {
    "level": 11,
    "ascension": 0,
    "hp": 1664.930366,
    "attack": 34.46845248,
    "defense": 102.40299300000001,
    "specialized": 0
  },
  "12": {
    "level": 12,
    "ascension": 0,
    "hp": 1739.697228,
    "attack": 36.01632384,
    "defense": 107.001594,
    "specialized": 0
  },
  "13": {
    "level": 13,
    "ascension": 0,
    "hp": 1815.3758810000002,
    "attack": 37.58307168,
    "defense": 111.6562755,
    "specialized": 0
  },
  "14": {
    "level": 14,
    "ascension": 0,
    "hp": 1890.142743,
    "attack": 39.13094304,
    "defense": 116.2548765,
    "specialized": 0
  },
  "15": {
    "level": 15,
    "ascension": 0,
    "hp": 1965.8213960000003,
    "attack": 40.69769088,
    "defense": 120.909558,
    "specialized": 0
  },
  "16": {
    "level": 16,
    "ascension": 0,
    "hp": 2041.500049,
    "attack": 42.26443872,
    "defense": 125.5642395,
    "specialized": 0
  },
  "17": {
    "level": 17,
    "ascension": 0,
    "hp": 2116.266911,
    "attack": 43.81231008,
    "defense": 130.16284050000002,
    "specialized": 0
  },
  "18": {
    "level": 18,
    "ascension": 0,
    "hp": 2191.945564,
    "attack": 45.37905792,
    "defense": 134.817522,
    "specialized": 0
  },
  "19": {
    "level": 19,
    "ascension": 0,
    "hp": 2266.7124260000005,
    "attack": 46.92692928,
    "defense": 139.41612300000003,
    "specialized": 0
  },
  "20": {
    "level": 20,
    "ascension": 0,
    "hp": 2342.391079,
    "attack": 48.49367712,
    "defense": 144.0708045,
    "specialized": 0
  },
  "21": {
    "level": 21,
    "ascension": 1,
    "hp": 3098.312481,
    "attack": 64.14357648,
    "defense": 190.5644055,
    "specialized": 0
  },
  "22": {
    "level": 22,
    "ascension": 1,
    "hp": 3173.9911340000003,
    "attack": 65.71032432,
    "defense": 195.219087,
    "specialized": 0
  },
  "23": {
    "level": 23,
    "ascension": 1,
    "hp": 3249.6697870000003,
    "attack": 67.27707216,
    "defense": 199.8737685,
    "specialized": 0
  },
  "24": {
    "level": 24,
    "ascension": 1,
    "hp": 3324.436649,
    "attack": 68.82494352,
    "defense": 204.4723695,
    "specialized": 0
  },
  "25": {
    "level": 25,
    "ascension": 1,
    "hp": 3400.115302,
    "attack": 70.39169136000001,
    "defense": 209.12705100000002,
    "specialized": 0
  },
  "26": {
    "level": 26,
    "ascension": 1,
    "hp": 3474.882164,
    "attack": 71.93956272,
    "defense": 213.72565200000003,
    "specialized": 0
  },
  "27": {
    "level": 27,
    "ascension": 1,
    "hp": 3550.560817,
    "attack": 73.50631056,
    "defense": 218.3803335,
    "specialized": 0
  },
  "28": {
    "level": 28,
    "ascension": 1,
    "hp": 3625.3276790000004,
    "attack": 75.05418192,
    "defense": 222.9789345,
    "specialized": 0
  },
  "29": {
    "level": 29,
    "ascension": 1,
    "hp": 3701.006332,
    "attack": 76.62092976,
    "defense": 227.633616,
    "specialized": 0
  },
  "30": {
    "level": 30,
    "ascension": 1,
    "hp": 3775.7731940000003,
    "attack": 78.16880112000001,
    "defense": 232.23221700000002,
    "specialized": 0
  },
  "31": {
    "level": 31,
    "ascension": 1,
    "hp": 3851.4518470000003,
    "attack": 79.73554896,
    "defense": 236.8868985,
    "specialized": 0
  },
  "32": {
    "level": 32,
    "ascension": 1,
    "hp": 3927.1305,
    "attack": 81.30229680000001,
    "defense": 241.54158,
    "specialized": 0
  },
  "33": {
    "level": 33,
    "ascension": 1,
    "hp": 4001.897362,
    "attack": 82.85016816000001,
    "defense": 246.140181,
    "specialized": 0
  },
  "34": {
    "level": 34,
    "ascension": 1,
    "hp": 4077.576015,
    "attack": 84.41691600000001,
    "defense": 250.79486250000002,
    "specialized": 0
  },
  "35": {
    "level": 35,
    "ascension": 1,
    "hp": 4152.342877,
    "attack": 85.96478736,
    "defense": 255.3934635,
    "specialized": 0
  },
  "36": {
    "level": 36,
    "ascension": 1,
    "hp": 4228.02153,
    "attack": 87.53153520000001,
    "defense": 260.04814500000003,
    "specialized": 0
  },
  "37": {
    "level": 37,
    "ascension": 1,
    "hp": 4302.788392,
    "attack": 89.07940656000001,
    "defense": 264.646746,
    "specialized": 0
  },
  "38": {
    "level": 38,
    "ascension": 1,
    "hp": 4378.467044999999,
    "attack": 90.6461544,
    "defense": 269.3014275,
    "specialized": 0
  },
  "39": {
    "level": 39,
    "ascension": 1,
    "hp": 4454.145698,
    "attack": 92.21290224,
    "defense": 273.95610899999997,
    "specialized": 0
  },
  "40": {
    "level": 40,
    "ascension": 1,
    "hp": 4528.912560000001,
    "attack": 93.76077360000001,
    "defense": 278.55471,
    "specialized": 0
  },
  "41": {
    "level": 41,
    "ascension": 2,
    "hp": 5088.5694730000005,
    "attack": 105.34738344000002,
    "defense": 312.97689149999997,
    "specialized": 24
  },
  "42": {
    "level": 42,
    "ascension": 2,
    "hp": 5163.336335,
    "attack": 106.8952548,
    "defense": 317.5754925,
    "specialized": 24
  },
  "43": {
    "level": 43,
    "ascension": 2,
    "hp": 5239.014988,
    "attack": 108.46200264000001,
    "defense": 322.23017400000003,
    "specialized": 24
  },
  "44": {
    "level": 44,
    "ascension": 2,
    "hp": 5313.78185,
    "attack": 110.009874,
    "defense": 326.82877499999995,
    "specialized": 24
  },
  "45": {
    "level": 45,
    "ascension": 2,
    "hp": 5389.460503,
    "attack": 111.57662184,
    "defense": 331.4834565,
    "specialized": 24
  },
  "46": {
    "level": 46,
    "ascension": 2,
    "hp": 5465.139156000001,
    "attack": 113.14336968,
    "defense": 336.138138,
    "specialized": 24
  },
  "47": {
    "level": 47,
    "ascension": 2,
    "hp": 5539.906018000001,
    "attack": 114.69124104,
    "defense": 340.73673899999994,
    "specialized": 24
  },
  "48": {
    "level": 48,
    "ascension": 2,
    "hp": 5615.5846710000005,
    "attack": 116.25798888,
    "defense": 345.3914205,
    "specialized": 24
  },
  "49": {
    "level": 49,
    "ascension": 2,
    "hp": 5690.351533000001,
    "attack": 117.80586024000002,
    "defense": 349.9900215,
    "specialized": 24
  },
  "50": {
    "level": 50,
    "ascension": 2,
    "hp": 5766.030186000001,
    "attack": 119.37260808000002,
    "defense": 354.64470300000005,
    "specialized": 24
  },
  "51": {
    "level": 51,
    "ascension": 3,
    "hp": 6486.101348,
    "attack": 134.28029444,