{
  "1": {
    "level": 1,
    "ascension": 0,
    "hp": 965.71313,
    "attack": 21.413,
    "defense": 72.3943,
    "specialized": 0
  },
  "2": {
    "level": 2,
    "ascension": 0,
    "hp": 1045.86731979,
    "attack": 23.190279,
    "defense": 78.4030269,
    "specialized": 0
  },
  "3": {
    "level": 3,
    "ascension": 0,
    "hp": 1126.02150958,
    "attack": 24.967558,
    "defense": 84.4117538,
    "specialized": 0
  },
  "4": {
    "level": 4,
    "ascension": 0,
    "hp": 1207.1414125,
    "attack": 26.76625,
    "defense": 90.492875,
    "specialized": 0
  },
  "5": {
    "level": 5,
    "ascension": 0,
    "hp": 1287.29560229,
    "attack": 28.543529,
    "defense": 96.5016019,
    "specialized": 0
  },
  "6": {
    "level": 6,
    "ascension": 0,
    "hp": 1368.41550521,
    "attack": 30.342221000000002,
    "defense": 102.58272310000001,
    "specialized": 0
  },
  "7": {
    "level": 7,
    "ascension": 0,
    "hp": 1448.569695,
    "attack": 32.1195,
    "defense": 108.59145000000001,
    "specialized": 0
  },
  "8": {
    "level": 8,
    "ascension": 0,
    "hp": 1529.68959792,
    "attack": 33.918192000000005,
    "defense": 114.67257120000001,
    "specialized": 0
  },
  "9": {
    "level": 9,
    "ascension": 0,
    "hp": 1610.8095008399998,
    "attack": 35.716884,
    "defense": 120.75369239999999,
    "specialized": 0
  },
  "10": {
    "level": 10,
    "ascension": 0,
    "hp": 1690.9636906299997,
    "attack": 37.494163,
    "defense": 126.76241929999999,
    "specialized": 0
  },
  "11": {
    "level": 11,
    "ascension": 0,
    "hp": 1772.08359355,
    "attack": 39.292855,
    "defense": 132.8435405,
    "specialized": 0
  },
  "12": {
    "level": 12,
    "ascension": 0,
    "hp": 1853.20349647,
    "attack": 41.091547,
    "defense": 138.9246617,
    "specialized": 0
  },
  "13": {
    "level": 13,
    "ascension": 0,
    "hp": 1934.32339939,
    "attack": 42.890239,
    "defense": 145.0057829,
    "specialized": 0
  },
  "14": {
    "level": 14,
    "ascension": 0,
    "hp": 2016.40901544,
    "attack": 44.710344,
    "defense": 151.1592984,
    "specialized": 0
  },
  "15": {
    "level": 15,
    "ascension": 0,
    "hp": 2097.5289183600003,
    "attack": 46.509036,
    "defense": 157.24041960000002,
    "specialized": 0
  },
  "16": {
    "level": 16,
    "ascension": 0,
    "hp": 2178.6488212799995,
    "attack": 48.307728,
    "defense": 163.32154079999998,
    "specialized": 0
  },
  "17": {
    "level": 17,
    "ascension": 0,
    "hp": 2260.73443733,
    "attack": 50.127833,
    "defense": 169.4750563,
    "specialized": 0
  },
  "18": {
    "level": 18,
    "ascension": 0,
    "hp": 2341.85434025,
    "attack": 51.926525,
    "defense": 175.5561775,
    "specialized": 0
  },
  "19": {
    "level": 19,
    "ascension": 0,
    "hp": 2423.9399562999997,
    "attack": 53.746629999999996,
    "defense": 181.709693,
    "specialized": 0
  },
  "20": {
    "level": 20,
    "ascension": 0,
    "hp": 2505.05985922,
    "attack": 55.545322,
    "defense": 187.7908142,
    "specialized": 0
  },
  "21": {
    "level": 21,
    "ascension": 1,
    "hp": 3415.1571752699997,
    "attack": 75.72379699999999,
    "defense": 256.0173297,
    "specialized": 0
  },
  "22": {
    "level": 22,
    "ascension": 1,
    "hp": 3497.24279132,
    "attack": 77.543902,
    "defense": 262.1708452,
    "specialized": 0
  },
  "23": {
    "level": 23,
    "ascension": 1,
    "hp": 3579.32840737,
    "attack": 79.36400700000002,
    "defense": 268.3243607,
    "specialized": 0
  },
  "24": {
    "level": 24,
    "ascension": 1,
    "hp": 3661.41402342,
    "attack": 81.184112,
    "defense": 274.4778762,
    "specialized": 0
  },
  "25": {
    "level": 25,
    "ascension": 1,
    "hp": 3743.49963947,
    "attack": 83.00421700000001,
    "defense": 280.6313917,
    "specialized": 0
  },
  "26": {
    "level": 26,
    "ascension": 1,
    "hp": 3826.55096865,
    "attack": 84.84573499999999,
    "defense": 286.8573015,
    "specialized": 0
  },
  "27": {
    "level": 27,
    "ascension": 1,
    "hp": 3908.6365846999997,
    "attack": 86.66584,
    "defense": 293.010817,
    "specialized": 0
  },
  "28": {
    "level": 28,
    "ascension": 1,
    "hp": 3990.72220075,
    "attack": 88.48594499999999,
    "defense": 299.1643325,
    "specialized": 0
  },
  "29": {
    "level": 29,
    "ascension": 1,
    "hp": 4073.77352993,
    "attack": 90.327463,
    "defense": 305.3902423,
    "specialized": 0
  },
  "30": {
    "level": 30,
    "ascension": 1,
    "hp": 4155.85914598,
    "attack": 92.147568,
    "defense": 311.54375780000004,
    "specialized": 0
  },
  "31": {
    "level": 31,
    "ascension": 1,
    "hp": 4238.91047516,
    "attack": 93.98908600000001,
    "defense": 317.7696676,
    "specialized": 0
  },
  "32": {
    "level": 32,
    "ascension": 1,
    "hp": 4321.96180434,
    "attack": 95.830604,
    "defense": 323.9955774,
    "specialized": 0
  },
  "33": {
    "level": 33,
    "ascension": 1,
    "hp": 4405.01313352,
    "attack": 97.672122,
    "defense": 330.2214872,
    "specialized": 0
  },
  "34": {
    "level": 34,
    "ascension": 1,
    "hp": 4487.09874957,
    "attack": 99.49222700000001,
    "defense": 336.3750027,
    "specialized": 0
  },
  "35": {
    "level": 35,
    "ascension": 1,
    "hp": 4570.15007875,
    "attack": 101.333745,
    "defense": 342.6009125,
    "specialized": 0
  },
  "36": {
    "level": 36,
    "ascension": 1,
    "hp": 4654.16712106,
    "attack": 103.196676,
    "defense": 348.8992166,
    "specialized": 0
  },
  "37": {
    "level": 37,
    "ascension": 1,
    "hp": 4737.21845024,
    "attack": 105.038194,
    "defense": 355.1251264,
    "specialized": 0
  },
  "38": {
    "level": 38,
    "ascension": 1,
    "hp": 4820.26977942,
    "attack": 106.87971200000001,
    "defense": 361.3510362,
    "specialized": 0
  },
  "39": {
    "level": 39,
    "ascension": 1,
    "hp": 4903.321108599999,
    "attack": 108.72122999999999,
    "defense": 367.57694599999996,
    "specialized": 0
  },
  "40": {
    "level": 40,
    "ascension": 1,
    "hp": 4987.33815091,
    "attack": 110.58416100000002,
    "defense": 373.8752501,
    "specialized": 0
  },
  "41": {
    "level": 41,
    "ascension": 2,
    "hp": 5658.71358009,
    "attack": 125.46978399999999,
    "defense": 424.2056599,
    "specialized": 0.09
  },
  "42": {
    "level": 42,
    "ascension": 2,
    "hp": 5742.7306224,
    "attack": 127.33271500000001,
    "defense": 430.50396400000005,
    "specialized": 0.09
  },
  "43": {
    "level": 43,
    "ascension": 2,
    "hp": 5826.74766471,
    "attack": 129.195646,
    "defense": 436.80226810000005,
    "specialized": 0.09
  },
  "44": {
    "level": 44,
    "ascension": 2,
    "hp": 5909.798993889999,
    "attack": 131.037164,
    "defense": 443.0281779,
    "specialized": 0.09
  },
  "45": {
    "level": 45,
    "ascension": 2,
    "hp": 5993.8160362,
    "attack": 132.90009500000002,
    "defense": 449.32648200000006,
    "specialized": 0.09
  },
  "46": {
    "level": 46,
    "ascension": 2,
    "hp": 6077.83307851,
    "attack": 134.763026,
    "defense": 455.6247861,
    "specialized": 0.09
  },
  "47": {
    "level": 47,
    "ascension": 2,
    "hp": 6161.85012082,
    "attack": 136.625957,
    "defense": 461.9230902,
    "specialized": 0.09
  },
  "48": {
    "level": 48,
    "ascension": 2,
    "hp": 6245.86716313,
    "attack": 138.488888,
    "defense": 468.22139430000004,
    "specialized": 0.09
  },
  "49": {
    "level": 49,
    "ascension": 2,
    "hp": 6330.84991857,
    "attack": 140.373232,
    "defense": 474.5920927,
    "specialized": 0.09
  },
  "50": {
    "level": 50,
    "ascension": 2,
    "hp": 6414.86696088,
    "attack": 142.236163,
    "defense": 480.8903968,
    "specialized": 0.09
  },
  "51": {
    "level": 51,
    "ascension": 3,
    "hp": 7283.31620319,
    "attack": 161.49123600000001,
    "defense": 545.9947009,
    "specialized": 0.18
  },