{
  "1": {
    "level": 1,
    "ascension": 0,
    "hp": 939.1447,
    "attack": 20.83536,
    "defense": 66.95325,
    "specialized": 0
  },
  "2": {
    "level": 2,
    "ascension": 0,
    "hp": 1017.0937101,
    "attack": 22.56469488,
    "defense": 72.51036975,
    "specialized": 0
  },
  "3": {
    "level": 3,
    "ascension": 0,
    "hp": 1094.1035755,
    "attack": 24.2731944,
    "defense": 78.00053625,
    "specialized": 0
  },
  "4": {
    "level": 4,
    "ascension": 0,
    "hp": 1172.0525856,
    "attack": 26.00252928,
    "defense": 83.557656,
    "specialized": 0
  },
  "5": {
    "level": 5,
    "ascension": 0,
    "hp": 1249.062451,
    "attack": 27.711028800000005,
    "defense": 89.0478225,
    "specialized": 0
  },
  "6": {
    "level": 6,
    "ascension": 0,
    "hp": 1327.0114611,
    "attack": 29.440363680000004,
    "defense": 94.60494225,
    "specialized": 0
  },
  "7": {
    "level": 7,
    "ascension": 0,
    "hp": 1404.0213265,
    "attack": 31.148863200000005,
    "defense": 100.09510875000001,
    "specialized": 0
  },
  "8": {
    "level": 8,
    "ascension": 0,
    "hp": 1481.9703365999999,
    "attack": 32.878198080000004,
    "defense": 105.6522285,
    "specialized": 0
  },
  "9": {
    "level": 9,
    "ascension": 0,
    "hp": 1559.9193467,
    "attack": 34.60753296,
    "defense": 111.20934824999999,
    "specialized": 0
  },
  "10": {
    "level": 10,
    "ascension": 0,
    "hp": 1636.9292121,
    "attack": 36.316032480000004,
    "defense": 116.69951475,
    "specialized": 0
  },
  "11": {
    "level": 11,
    "ascension": 0,
    "hp": 1714.8782222,
    "attack": 38.04536736000001,
    "defense": 122.2566345,
    "specialized": 0
  },
  "12": {
    "level": 12,
    "ascension": 0,
    "hp": 1791.8880875999998,
    "attack": 39.753866880000004,
    "defense": 127.74680099999999,
    "specialized": 0
  },
  "13": {
    "level": 13,
    "ascension": 0,
    "hp": 1869.8370977,
    "attack": 41.48320176000001,
    "defense": 133.30392075,
    "specialized": 0
  },
  "14": {
    "level": 14,
    "ascension": 0,
    "hp": 1946.8469630999998,
    "attack": 43.191701280000004,
    "defense": 138.79408725,
    "specialized": 0
  },
  "15": {
    "level": 15,
    "ascension": 0,
    "hp": 2024.7959732,
    "attack": 44.92103616000001,
    "defense": 144.35120700000002,
    "specialized": 0
  },
  "16": {
    "level": 16,
    "ascension": 0,
    "hp": 2102.7449832999996,
    "attack": 46.65037104,
    "defense": 149.90832675,
    "specialized": 0
  },
  "17": {
    "level": 17,
    "ascension": 0,
    "hp": 2179.7548487,
    "attack": 48.35887056000001,
    "defense": 155.39849325,
    "specialized": 0
  },
  "18": {
    "level": 18,
    "ascension": 0,
    "hp": 2257.7038587999996,
    "attack": 50.08820544,
    "defense": 160.955613,
    "specialized": 0
  },
  "19": {
    "level": 19,
    "ascension": 0,
    "hp": 2334.7137242,
    "attack": 51.79670496000001,
    "defense": 166.44577950000001,
    "specialized": 0
  },
  "20": {
    "level": 20,
    "ascension": 0,
    "hp": 2412.6627343,
    "attack": 53.52603984,
    "defense": 172.00289924999998,
    "specialized": 0
  },
  "21": {
    "level": 21,
    "ascension": 1,
    "hp": 3191.2617996999998,
    "attack": 70.79998536,
    "defense": 227.51056574999996,
    "specialized": 0
  },
  "22": {
    "level": 22,
    "ascension": 1,
    "hp": 3269.2108098,
    "attack": 72.52932024,
    "defense": 233.06768549999998,
    "specialized": 0
  },
  "23": {
    "level": 23,
    "ascension": 1,
    "hp": 3347.1598199,
    "attack": 74.25865512,
    "defense": 238.62480525,
    "specialized": 0
  },
  "24": {
    "level": 24,
    "ascension": 1,
    "hp": 3424.1696853,
    "attack": 75.96715464,
    "defense": 244.11497175,
    "specialized": 0
  },
  "25": {
    "level": 25,
    "ascension": 1,
    "hp": 3502.1186954,
    "attack": 77.69648952,
    "defense": 249.67209150000002,
    "specialized": 0
  },
  "26": {
    "level": 26,
    "ascension": 1,
    "hp": 3579.1285608,
    "attack": 79.40498904,
    "defense": 255.162258,
    "specialized": 0
  },
  "27": {
    "level": 27,
    "ascension": 1,
    "hp": 3657.0775708999995,
    "attack": 81.13432392,
    "defense": 260.71937775,
    "specialized": 0
  },
  "28": {
    "level": 28,
    "ascension": 1,
    "hp": 3734.0874363,
    "attack": 82.84282344,
    "defense": 266.20954425,
    "specialized": 0
  },
  "29": {
    "level": 29,
    "ascension": 1,
    "hp": 3812.0364463999995,
    "attack": 84.57215832,
    "defense": 271.766664,
    "specialized": 0
  },
  "30": {
    "level": 30,
    "ascension": 1,
    "hp": 3889.0463118,
    "attack": 86.28065784,
    "defense": 277.2568305,
    "specialized": 0
  },
  "31": {
    "level": 31,
    "ascension": 1,
    "hp": 3966.9953218999995,
    "attack": 88.00999272,
    "defense": 282.81395025,
    "specialized": 0
  },
  "32": {
    "level": 32,
    "ascension": 1,
    "hp": 4044.9443319999996,
    "attack": 89.7393276,
    "defense": 288.37107,
    "specialized": 0
  },
  "33": {
    "level": 33,
    "ascension": 1,
    "hp": 4121.954197399999,
    "attack": 91.44782712,
    "defense": 293.86123649999996,
    "specialized": 0
  },
  "34": {
    "level": 34,
    "ascension": 1,
    "hp": 4199.9032075,
    "attack": 93.177162,
    "defense": 299.41835625,
    "specialized": 0
  },
  "35": {
    "level": 35,
    "ascension": 1,
    "hp": 4276.9130729,
    "attack": 94.88566152,
    "defense": 304.90852275,
    "specialized": 0
  },
  "36": {
    "level": 36,
    "ascension": 1,
    "hp": 4354.862083,
    "attack": 96.6149964,
    "defense": 310.4656425,
    "specialized": 0
  },
  "37": {
    "level": 37,
    "ascension": 1,
    "hp": 4431.8719484,
    "attack": 98.32349592,
    "defense": 315.955809,
    "specialized": 0
  },
  "38": {
    "level": 38,
    "ascension": 1,
    "hp": 4509.8209584999995,
    "attack": 100.0528308,
    "defense": 321.51292874999996,
    "specialized": 0
  },
  "39": {
    "level": 39,
    "ascension": 1,
    "hp": 4587.7699686,
    "attack": 101.78216567999999,
    "defense": 327.0700485,
    "specialized": 0
  },
  "40": {
    "level": 40,
    "ascension": 1,
    "hp": 4664.779834,
    "attack": 103.4906652,
    "defense": 332.56021499999997,
    "specialized": 0
  },
  "41": {
    "level": 41,
    "ascension": 2,
    "hp": 5241.2264441,
    "attack": 116.27965908000002,
    "defense": 373.65608475,
    "specialized": 0.06
  },
  "42": {
    "level": 42,
    "ascension": 2,
    "hp": 5318.236309499999,
    "attack": 117.9881586,
    "defense": 379.14625125,
    "specialized": 0.06
  },
  "43": {
    "level": 43,
    "ascension": 2,
    "hp": 5396.1853196,
    "attack": 119.71749348000002,
    "defense": 384.70337099999995,
    "specialized": 0.06
  },
  "44": {
    "level": 44,
    "ascension": 2,
    "hp": 5473.195185,
    "attack": 121.425993,
    "defense": 390.19353749999993,
    "specialized": 0.06
  },
  "45": {
    "level": 45,
    "ascension": 2,
    "hp": 5551.1441951,
    "attack": 123.15532788000002,
    "defense": 395.75065725,
    "specialized": 0.06
  },
  "46": {
    "level": 46,
    "ascension": 2,
    "hp": 5629.0932052,
    "attack": 124.88466276000001,
    "defense": 401.307777,
    "specialized": 0.06
  },
  "47": {
    "level": 47,
    "ascension": 2,
    "hp": 5706.1030706,
    "attack": 126.59316228000002,
    "defense": 406.7979435,
    "specialized": 0.06
  },
  "48": {
    "level": 48,
    "ascension": 2,
    "hp": 5784.0520807,
    "attack": 128.32249716,
    "defense": 412.35506325000006,
    "specialized": 0.06
  },
  "49": {
    "level": 49,
    "ascension": 2,
    "hp": 5861.0619461,
    "attack": 130.03099668000002,
    "defense": 417.84522975000004,
    "specialized": 0.06
  },
  "50": {
    "level": 50,
    "ascension": 2,
    "hp": 5939.0109562,
    "attack": 131.76033156,
    "defense": 423.4023495,
    "specialized": 0.06
  },
  "51": {
    "level": 51,
    "ascension": 3,
    "hp": 6680.6842216000005,