{
  "1": {
    "level": 1,
    "ascension": 0,
    "hp": 807.46204,
    "attack": 26.4404,
    "defense": 44.2742,
    "specialized": 0.05
  },
  "2": {
    "level": 2,
    "ascension": 0,
    "hp": 874.48138932,
    "attack": 28.634953199999998,
    "defense": 47.9489586,
    "specialized": 0.05
  },
  "3": {
    "level": 3,
    "ascension": 0,
    "hp": 941.5007386399999,
    "attack": 30.8295064,
    "defense": 51.623717199999994,
    "specialized": 0.05
  },
  "4": {
    "level": 4,
    "ascension": 0,
    "hp": 1009.32755,
    "attack": 33.0505,
    "defense": 55.34275,
    "specialized": 0.05
  },
  "5": {
    "level": 5,
    "ascension": 0,
    "hp": 1076.34689932,
    "attack": 35.2450532,
    "defense": 59.0175086,
    "specialized": 0.05
  },
  "6": {
    "level": 6,
    "ascension": 0,
    "hp": 1144.17371068,
    "attack": 37.4660468,
    "defense": 62.7365414,
    "specialized": 0.05
  },
  "7": {
    "level": 7,
    "ascension": 0,
    "hp": 1211.19306,
    "attack": 39.6606,
    "defense": 66.4113,
    "specialized": 0.05
  },
  "8": {
    "level": 8,
    "ascension": 0,
    "hp": 1279.01987136,
    "attack": 41.8815936,
    "defense": 70.1303328,
    "specialized": 0.05
  },
  "9": {
    "level": 9,
    "ascension": 0,
    "hp": 1346.84668272,
    "attack": 44.1025872,
    "defense": 73.8493656,
    "specialized": 0.05
  },
  "10": {
    "level": 10,
    "ascension": 0,
    "hp": 1413.86603204,
    "attack": 46.297140399999996,
    "defense": 77.5241242,
    "specialized": 0.05
  },
  "11": {
    "level": 11,
    "ascension": 0,
    "hp": 1481.6928434,
    "attack": 48.518133999999996,
    "defense": 81.243157,
    "specialized": 0.05
  },
  "12": {
    "level": 12,
    "ascension": 0,
    "hp": 1549.51965476,
    "attack": 50.7391276,
    "defense": 84.9621898,
    "specialized": 0.05
  },
  "13": {
    "level": 13,
    "ascension": 0,
    "hp": 1617.34646612,
    "attack": 52.9601212,
    "defense": 88.68122260000001,
    "specialized": 0.05
  },
  "14": {
    "level": 14,
    "ascension": 0,
    "hp": 1685.98073952,
    "attack": 55.2075552,
    "defense": 92.44452960000001,
    "specialized": 0.05
  },
  "15": {
    "level": 15,
    "ascension": 0,
    "hp": 1753.8075508800002,
    "attack": 57.4285488,
    "defense": 96.1635624,
    "specialized": 0.05
  },
  "16": {
    "level": 16,
    "ascension": 0,
    "hp": 1821.6343622399997,
    "attack": 59.649542399999994,
    "defense": 99.8825952,
    "specialized": 0.05
  },
  "17": {
    "level": 17,
    "ascension": 0,
    "hp": 1890.2686356400002,
    "attack": 61.89697640000001,
    "defense": 103.64590220000001,
    "specialized": 0.05
  },
  "18": {
    "level": 18,
    "ascension": 0,
    "hp": 1958.095447,
    "attack": 64.11797,
    "defense": 107.36493499999999,
    "specialized": 0.05
  },
  "19": {
    "level": 19,
    "ascension": 0,
    "hp": 2026.7297204,
    "attack": 66.365404,
    "defense": 111.12824199999999,
    "specialized": 0.05
  },
  "20": {
    "level": 20,
    "ascension": 0,
    "hp": 2094.55653176,
    "attack": 68.5863976,
    "defense": 114.8472748,
    "specialized": 0.05
  },
  "21": {
    "level": 21,
    "ascension": 1,
    "hp": 2855.5165051599997,
    "attack": 93.5024276,
    "defense": 156.5725818,
    "specialized": 0.05
  },
  "22": {
    "level": 22,
    "ascension": 1,
    "hp": 2924.1507785599997,
    "attack": 95.7498616,
    "defense": 160.3358888,
    "specialized": 0.05
  },
  "23": {
    "level": 23,
    "ascension": 1,
    "hp": 2992.78505196,
    "attack": 97.9972956,
    "defense": 164.09919580000002,
    "specialized": 0.05
  },
  "24": {
    "level": 24,
    "ascension": 1,
    "hp": 3061.41932536,
    "attack": 100.2447296,
    "defense": 167.86250280000002,
    "specialized": 0.05
  },
  "25": {
    "level": 25,
    "ascension": 1,
    "hp": 3130.05359876,
    "attack": 102.4921636,
    "defense": 171.6258098,
    "specialized": 0.05
  },
  "26": {
    "level": 26,
    "ascension": 1,
    "hp": 3199.4953342,
    "attack": 104.76603800000001,
    "defense": 175.43339100000003,
    "specialized": 0.05
  },
  "27": {
    "level": 27,
    "ascension": 1,
    "hp": 3268.1296076,
    "attack": 107.01347200000001,
    "defense": 179.19669800000003,
    "specialized": 0.05
  },
  "28": {
    "level": 28,
    "ascension": 1,
    "hp": 3336.763881,
    "attack": 109.260906,
    "defense": 182.96000500000002,
    "specialized": 0.05
  },
  "29": {
    "level": 29,
    "ascension": 1,
    "hp": 3406.20561644,
    "attack": 111.53478040000002,
    "defense": 186.76758620000004,
    "specialized": 0.05
  },
  "30": {
    "level": 30,
    "ascension": 1,
    "hp": 3474.83988984,
    "attack": 113.78221440000002,
    "defense": 190.53089320000004,
    "specialized": 0.05
  },
  "31": {
    "level": 31,
    "ascension": 1,
    "hp": 3544.28162528,
    "attack": 116.0560888,
    "defense": 194.3384744,
    "specialized": 0.05
  },
  "32": {
    "level": 32,
    "ascension": 1,
    "hp": 3613.7233607199996,
    "attack": 118.32996320000001,
    "defense": 198.1460556,
    "specialized": 0.05
  },
  "33": {
    "level": 33,
    "ascension": 1,
    "hp": 3683.16509616,
    "attack": 120.60383760000002,
    "defense": 201.95363680000003,
    "specialized": 0.05
  },
  "34": {
    "level": 34,
    "ascension": 1,
    "hp": 3751.79936956,
    "attack": 122.85127160000002,
    "defense": 205.71694380000002,
    "specialized": 0.05
  },
  "35": {
    "level": 35,
    "ascension": 1,
    "hp": 3821.241105,
    "attack": 125.125146,
    "defense": 209.52452499999998,
    "specialized": 0.05
  },
  "36": {
    "level": 36,
    "ascension": 1,
    "hp": 3891.49030248,
    "attack": 127.4254608,
    "defense": 213.37638040000002,
    "specialized": 0.05
  },
  "37": {
    "level": 37,
    "ascension": 1,
    "hp": 3960.93203792,
    "attack": 129.6993352,
    "defense": 217.18396160000003,
    "specialized": 0.05
  },
  "38": {
    "level": 38,
    "ascension": 1,
    "hp": 4030.37377336,
    "attack": 131.97320960000002,
    "defense": 220.99154280000005,
    "specialized": 0.05
  },
  "39": {
    "level": 39,
    "ascension": 1,
    "hp": 4099.8155088,
    "attack": 134.247084,
    "defense": 224.799124,
    "specialized": 0.05
  },
  "40": {
    "level": 40,
    "ascension": 1,
    "hp": 4170.064706280001,
    "attack": 136.54739880000002,
    "defense": 228.65097940000004,
    "specialized": 0.05
  },
  "41": {
    "level": 41,
    "ascension": 2,
    "hp": 4731.4220417199995,
    "attack": 154.9279072,
    "defense": 259.4315606,
    "specialized": 0.098
  },
  "42": {
    "level": 42,
    "ascension": 2,
    "hp": 4801.6712392,
    "attack": 157.22822200000002,
    "defense": 263.283416,
    "specialized": 0.098
  },
  "43": {
    "level": 43,
    "ascension": 2,
    "hp": 4871.92043668,
    "attack": 159.5285368,
    "defense": 267.1352714,
    "specialized": 0.098
  },
  "44": {
    "level": 44,
    "ascension": 2,
    "hp": 4941.36217212,
    "attack": 161.8024112,
    "defense": 270.9428526,
    "specialized": 0.098
  },
  "45": {
    "level": 45,
    "ascension": 2,
    "hp": 5011.6113696,
    "attack": 164.10272600000002,
    "defense": 274.794708,
    "specialized": 0.098
  },
  "46": {
    "level": 46,
    "ascension": 2,
    "hp": 5081.86056708,
    "attack": 166.4030408,
    "defense": 278.6465634,
    "specialized": 0.098
  },
  "47": {
    "level": 47,
    "ascension": 2,
    "hp": 5152.109764559999,
    "attack": 168.70335559999998,
    "defense": 282.49841879999997,
    "specialized": 0.098
  },
  "48": {
    "level": 48,
    "ascension": 2,
    "hp": 5222.35896204,
    "attack": 171.0036704,
    "defense": 286.35027420000006,
    "specialized": 0.098
  },
  "49": {
    "level": 49,
    "ascension": 2,
    "hp": 5293.41562156,
    "attack": 173.3304256,
    "defense": 290.24640380000005,
    "specialized": 0.098
  },
  "50": {
    "level": 50,
    "ascension": 2,
    "hp": 5363.66481904,
    "attack": 175.6307404,