{
  "1": {
    "level": 1,
    "ascension": 0,
    "hp": 784.14026,
    "attack": 20.12304,
    "defense": 49.2135,
    "specialized": 0
  },
  "2": {
    "level": 2,
    "ascension": 0,
    "hp": 849.22390158,
    "attack": 21.79325232,
    "defense": 53.2982205,
    "specialized": 0
  },
  "3": {
    "level": 3,
    "ascension": 0,
    "hp": 913.5234029000001,
    "attack": 23.4433416,
    "defense": 57.33372750000001,
    "specialized": 0
  },
  "4": {
    "level": 4,
    "ascension": 0,
    "hp": 978.60704448,
    "attack": 25.11355392,
    "defense": 61.418448000000005,
    "specialized": 0
  },
  "5": {
    "level": 5,
    "ascension": 0,
    "hp": 1042.9065458,
    "attack": 26.7636432,
    "defense": 65.45395500000001,
    "specialized": 0
  },
  "6": {
    "level": 6,
    "ascension": 0,
    "hp": 1107.99018738,
    "attack": 28.43385552,
    "defense": 69.53867550000001,
    "specialized": 0
  },
  "7": {
    "level": 7,
    "ascension": 0,
    "hp": 1172.2896887000002,
    "attack": 30.0839448,
    "defense": 73.5741825,
    "specialized": 0
  },
  "8": {
    "level": 8,
    "ascension": 0,
    "hp": 1237.3733302800001,
    "attack": 31.754157120000002,
    "defense": 77.65890300000001,
    "specialized": 0
  },
  "9": {
    "level": 9,
    "ascension": 0,
    "hp": 1302.45697186,
    "attack": 33.42436944,
    "defense": 81.74362350000001,
    "specialized": 0
  },
  "10": {
    "level": 10,
    "ascension": 0,
    "hp": 1366.75647318,
    "attack": 35.07445872,
    "defense": 85.77913050000001,
    "specialized": 0
  },
  "11": {
    "level": 11,
    "ascension": 0,
    "hp": 1431.84011476,
    "attack": 36.74467104,
    "defense": 89.86385100000001,
    "specialized": 0
  },
  "12": {
    "level": 12,
    "ascension": 0,
    "hp": 1496.13961608,
    "attack": 38.394760319999996,
    "defense": 93.899358,
    "specialized": 0
  },
  "13": {
    "level": 13,
    "ascension": 0,
    "hp": 1561.2232576600002,
    "attack": 40.06497264,
    "defense": 97.98407850000001,
    "specialized": 0
  },
  "14": {
    "level": 14,
    "ascension": 0,
    "hp": 1625.52275898,
    "attack": 41.71506192,
    "defense": 102.0195855,
    "specialized": 0
  },
  "15": {
    "level": 15,
    "ascension": 0,
    "hp": 1690.60640056,
    "attack": 43.38527424,
    "defense": 106.10430600000001,
    "specialized": 0
  },
  "16": {
    "level": 16,
    "ascension": 0,
    "hp": 1755.6900421399998,
    "attack": 45.05548656,
    "defense": 110.1890265,
    "specialized": 0
  },
  "17": {
    "level": 17,
    "ascension": 0,
    "hp": 1819.9895434600003,
    "attack": 46.70557584,
    "defense": 114.22453350000002,
    "specialized": 0
  },
  "18": {
    "level": 18,
    "ascension": 0,
    "hp": 1885.07318504,
    "attack": 48.37578816,
    "defense": 118.30925400000001,
    "specialized": 0
  },
  "19": {
    "level": 19,
    "ascension": 0,
    "hp": 1949.3726863600002,
    "attack": 50.02587744,
    "defense": 122.34476100000002,
    "specialized": 0
  },
  "20": {
    "level": 20,
    "ascension": 0,
    "hp": 2014.45632794,
    "attack": 51.69608976,
    "defense": 126.42948150000001,
    "specialized": 0
  },
  "21": {
    "level": 21,
    "ascension": 1,
    "hp": 2664.5487292599996,
    "attack": 68.37947304,
    "defense": 167.2299885,
    "specialized": 0
  },
  "22": {
    "level": 22,
    "ascension": 1,
    "hp": 2729.63237084,
    "attack": 70.04968536,
    "defense": 171.314709,
    "specialized": 0
  },
  "23": {
    "level": 23,
    "ascension": 1,
    "hp": 2794.71601242,
    "attack": 71.71989768,
    "defense": 175.3994295,
    "specialized": 0
  },
  "24": {
    "level": 24,
    "ascension": 1,
    "hp": 2859.01551374,
    "attack": 73.36998696,
    "defense": 179.4349365,
    "specialized": 0
  },
  "25": {
    "level": 25,
    "ascension": 1,
    "hp": 2924.09915532,
    "attack": 75.04019928000001,
    "defense": 183.519657,
    "specialized": 0
  },
  "26": {
    "level": 26,
    "ascension": 1,
    "hp": 2988.39865664,
    "attack": 76.69028856,
    "defense": 187.555164,
    "specialized": 0
  },
  "27": {
    "level": 27,
    "ascension": 1,
    "hp": 3053.48229822,
    "attack": 78.36050087999999,
    "defense": 191.6398845,
    "specialized": 0
  },
  "28": {
    "level": 28,
    "ascension": 1,
    "hp": 3117.78179954,
    "attack": 80.01059015999999,
    "defense": 195.6753915,
    "specialized": 0
  },
  "29": {
    "level": 29,
    "ascension": 1,
    "hp": 3182.86544112,
    "attack": 81.68080248,
    "defense": 199.760112,
    "specialized": 0
  },
  "30": {
    "level": 30,
    "ascension": 1,
    "hp": 3247.1649424400002,
    "attack": 83.33089176,
    "defense": 203.79561900000004,
    "specialized": 0
  },
  "31": {
    "level": 31,
    "ascension": 1,
    "hp": 3312.2485840199997,
    "attack": 85.00110407999999,
    "defense": 207.8803395,
    "specialized": 0
  },
  "32": {
    "level": 32,
    "ascension": 1,
    "hp": 3377.3322256,
    "attack": 86.6713164,
    "defense": 211.96506,
    "specialized": 0
  },
  "33": {
    "level": 33,
    "ascension": 1,
    "hp": 3441.63172692,
    "attack": 88.32140568,
    "defense": 216.000567,
    "specialized": 0
  },
  "34": {
    "level": 34,
    "ascension": 1,
    "hp": 3506.7153685,
    "attack": 89.991618,
    "defense": 220.0852875,
    "specialized": 0
  },
  "35": {
    "level": 35,
    "ascension": 1,
    "hp": 3571.01486982,
    "attack": 91.64170727999999,
    "defense": 224.1207945,
    "specialized": 0
  },
  "36": {
    "level": 36,
    "ascension": 1,
    "hp": 3636.0985114,
    "attack": 93.3119196,
    "defense": 228.20551500000005,
    "specialized": 0
  },
  "37": {
    "level": 37,
    "ascension": 1,
    "hp": 3700.3980127199998,
    "attack": 94.96200888,
    "defense": 232.241022,
    "specialized": 0
  },
  "38": {
    "level": 38,
    "ascension": 1,
    "hp": 3765.4816542999997,
    "attack": 96.63222119999999,
    "defense": 236.3257425,
    "specialized": 0
  },
  "39": {
    "level": 39,
    "ascension": 1,
    "hp": 3830.5652958799997,
    "attack": 98.30243352,
    "defense": 240.410463,
    "specialized": 0
  },
  "40": {
    "level": 40,
    "ascension": 1,
    "hp": 3894.8647972,
    "attack": 99.9525228,
    "defense": 244.44597,
    "specialized": 0
  },
  "41": {
    "level": 41,
    "ascension": 2,
    "hp": 4376.1697387799995,
    "attack": 112.30428712,
    "defense": 274.6531905,
    "specialized": 0.06
  },
  "42": {
    "level": 42,
    "ascension": 2,
    "hp": 4440.469240099999,
    "attack": 113.9543764,
    "defense": 278.6886975,
    "specialized": 0.06
  },
  "43": {
    "level": 43,
    "ascension": 2,
    "hp": 4505.55288168,
    "attack": 115.62458871999999,
    "defense": 282.773418,
    "specialized": 0.06
  },
  "44": {
    "level": 44,
    "ascension": 2,
    "hp": 4569.8523829999995,
    "attack": 117.274678,
    "defense": 286.808925,
    "specialized": 0.06
  },
  "45": {
    "level": 45,
    "ascension": 2,
    "hp": 4634.93602458,
    "attack": 118.94489032000001,
    "defense": 290.8936455,
    "specialized": 0.06
  },
  "46": {
    "level": 46,
    "ascension": 2,
    "hp": 4700.01966616,
    "attack": 120.61510264,
    "defense": 294.97836600000005,
    "specialized": 0.06
  },
  "47": {
    "level": 47,
    "ascension": 2,
    "hp": 4764.31916748,
    "attack": 122.26519192,
    "defense": 299.01387300000005,
    "specialized": 0.06
  },
  "48": {
    "level": 48,
    "ascension": 2,
    "hp": 4829.40280906,
    "attack": 123.93540424,
    "defense": 303.09859350000005,
    "specialized": 0.06
  },
  "49": {
    "level": 49,
    "ascension": 2,
    "hp": 4893.70231038,
    "attack": 125.58549352,
    "defense": 307.13410050000005,
    "specialized": 0.06
  },
  "50": {
    "level": 50,
    "ascension": 2,
    "hp": 4958.78595196,
    "attack": 127.25570584000002,
    "defense": 311.21882100000005,
    "specialized": 0.06
  },
  "51": {
    "level": 51,
    "ascension": 3,
    "hp": 5578.04725328,