{
  "1": {
    "level": 1,
    "ascension": 0,
    "hp": 1030.3239,
    "attack": 17.808,
    "defense": 62.9475,
    "specialized": 0
  },
  "2": {
    "level": 2,
    "ascension": 0,
    "hp": 1115.8407837,
    "attack": 19.286064,
    "defense": 68.17214249999999,
    "specialized": 0
  },
  "3": {
    "level": 3,
    "ascension": 0,
    "hp": 1200.3273435,
    "attack": 20.74632,
    "defense": 73.3338375,
    "specialized": 0
  },
  "4": {
    "level": 4,
    "ascension": 0,
    "hp": 1285.8442272000002,
    "attack": 22.224384,
    "defense": 78.55848,
    "specialized": 0
  },
  "5": {
    "level": 5,
    "ascension": 0,
    "hp": 1370.330787,
    "attack": 23.68464,
    "defense": 83.720175,
    "specialized": 0
  },
  "6": {
    "level": 6,
    "ascension": 0,
    "hp": 1455.8476707000002,
    "attack": 25.162704,
    "defense": 88.9448175,
    "specialized": 0
  },
  "7": {
    "level": 7,
    "ascension": 0,
    "hp": 1540.3342305000003,
    "attack": 26.622960000000003,
    "defense": 94.10651250000001,
    "specialized": 0
  },
  "8": {
    "level": 8,
    "ascension": 0,
    "hp": 1625.8511142000002,
    "attack": 28.101024000000002,
    "defense": 99.331155,
    "specialized": 0
  },
  "9": {
    "level": 9,
    "ascension": 0,
    "hp": 1711.3679979,
    "attack": 29.579088,
    "defense": 104.5557975,
    "specialized": 0
  },
  "10": {
    "level": 10,
    "ascension": 0,
    "hp": 1795.8545577000002,
    "attack": 31.039344,
    "defense": 109.7174925,
    "specialized": 0
  },
  "11": {
    "level": 11,
    "ascension": 0,
    "hp": 1881.3714414000003,
    "attack": 32.517408,
    "defense": 114.94213500000001,
    "specialized": 0
  },
  "12": {
    "level": 12,
    "ascension": 0,
    "hp": 1965.8580012,
    "attack": 33.977664,
    "defense": 120.10382999999999,
    "specialized": 0
  },
  "13": {
    "level": 13,
    "ascension": 0,
    "hp": 2051.3748849000003,
    "attack": 35.455728,
    "defense": 125.3284725,
    "specialized": 0
  },
  "14": {
    "level": 14,
    "ascension": 0,
    "hp": 2135.8614447,
    "attack": 36.915984,
    "defense": 130.49016749999998,
    "specialized": 0
  },
  "15": {
    "level": 15,
    "ascension": 0,
    "hp": 2221.3783284000006,
    "attack": 38.394048000000005,
    "defense": 135.71481,
    "specialized": 0
  },
  "16": {
    "level": 16,
    "ascension": 0,
    "hp": 2306.8952121,
    "attack": 39.872111999999994,
    "defense": 140.9394525,
    "specialized": 0
  },
  "17": {
    "level": 17,
    "ascension": 0,
    "hp": 2391.3817719000003,
    "attack": 41.332368,
    "defense": 146.1011475,
    "specialized": 0
  },
  "18": {
    "level": 18,
    "ascension": 0,
    "hp": 2476.8986556,
    "attack": 42.810432,
    "defense": 151.32578999999998,
    "specialized": 0
  },
  "19": {
    "level": 19,
    "ascension": 0,
    "hp": 2561.3852154000006,
    "attack": 44.270688,
    "defense": 156.48748500000002,
    "specialized": 0
  },
  "20": {
    "level": 20,
    "ascension": 0,
    "hp": 2646.9020991,
    "attack": 45.748751999999996,
    "defense": 161.71212749999998,
    "specialized": 0
  },
  "21": {
    "level": 21,
    "ascension": 1,
    "hp": 3501.0933089,
    "attack": 60.512808,
    "defense": 213.8988225,
    "specialized": 0
  },
  "22": {
    "level": 22,
    "ascension": 1,
    "hp": 3586.6101926000006,
    "attack": 61.990872,
    "defense": 219.123465,
    "specialized": 0
  },
  "23": {
    "level": 23,
    "ascension": 1,
    "hp": 3672.1270763000007,
    "attack": 63.46893600000001,
    "defense": 224.3481075,
    "specialized": 0
  },
  "24": {
    "level": 24,
    "ascension": 1,
    "hp": 3756.6136361000003,
    "attack": 64.929192,
    "defense": 229.5098025,
    "specialized": 0
  },
  "25": {
    "level": 25,
    "ascension": 1,
    "hp": 3842.1305198000005,
    "attack": 66.407256,
    "defense": 234.73444500000002,
    "specialized": 0
  },
  "26": {
    "level": 26,
    "ascension": 1,
    "hp": 3926.6170796000006,
    "attack": 67.867512,
    "defense": 239.89614,
    "specialized": 0
  },
  "27": {
    "level": 27,
    "ascension": 1,
    "hp": 4012.1339633000002,
    "attack": 69.345576,
    "defense": 245.1207825,
    "specialized": 0
  },
  "28": {
    "level": 28,
    "ascension": 1,
    "hp": 4096.6205231,
    "attack": 70.805832,
    "defense": 250.2824775,
    "specialized": 0
  },
  "29": {
    "level": 29,
    "ascension": 1,
    "hp": 4182.1374068000005,
    "attack": 72.283896,
    "defense": 255.50712,
    "specialized": 0
  },
  "30": {
    "level": 30,
    "ascension": 1,
    "hp": 4266.6239666,
    "attack": 73.744152,
    "defense": 260.668815,
    "specialized": 0
  },
  "31": {
    "level": 31,
    "ascension": 1,
    "hp": 4352.1408503,
    "attack": 75.222216,
    "defense": 265.89345749999995,
    "specialized": 0
  },
  "32": {
    "level": 32,
    "ascension": 1,
    "hp": 4437.657734,
    "attack": 76.70027999999999,
    "defense": 271.11809999999997,
    "specialized": 0
  },
  "33": {
    "level": 33,
    "ascension": 1,
    "hp": 4522.1442938,
    "attack": 78.160536,
    "defense": 276.279795,
    "specialized": 0
  },
  "34": {
    "level": 34,
    "ascension": 1,
    "hp": 4607.6611775,
    "attack": 79.6386,
    "defense": 281.5044375,
    "specialized": 0
  },
  "35": {
    "level": 35,
    "ascension": 1,
    "hp": 4692.1477373,
    "attack": 81.098856,
    "defense": 286.6661325,
    "specialized": 0
  },
  "36": {
    "level": 36,
    "ascension": 1,
    "hp": 4777.664621000001,
    "attack": 82.57692,
    "defense": 291.890775,
    "specialized": 0
  },
  "37": {
    "level": 37,
    "ascension": 1,
    "hp": 4862.1511808000005,
    "attack": 84.03717599999999,
    "defense": 297.05246999999997,
    "specialized": 0
  },
  "38": {
    "level": 38,
    "ascension": 1,
    "hp": 4947.6680645,
    "attack": 85.51523999999999,
    "defense": 302.2771125,
    "specialized": 0
  },
  "39": {
    "level": 39,
    "ascension": 1,
    "hp": 5033.1849482,
    "attack": 86.993304,
    "defense": 307.50175499999995,
    "specialized": 0
  },
  "40": {
    "level": 40,
    "ascension": 1,
    "hp": 5117.671507999999,
    "attack": 88.45356,
    "defense": 312.66344999999995,
    "specialized": 0
  },
  "41": {
    "level": 41,
    "ascension": 2,
    "hp": 5750.083841700001,
    "attack": 99.384324,
    "defense": 351.3005925,
    "specialized": 0.06
  },
  "42": {
    "level": 42,
    "ascension": 2,
    "hp": 5834.570401500001,
    "attack": 100.84458,
    "defense": 356.4622875,
    "specialized": 0.06
  },
  "43": {
    "level": 43,
    "ascension": 2,
    "hp": 5920.087285200001,
    "attack": 102.322644,
    "defense": 361.68692999999996,
    "specialized": 0.06
  },
  "44": {
    "level": 44,
    "ascension": 2,
    "hp": 6004.573845000001,
    "attack": 103.7829,
    "defense": 366.84862499999997,
    "specialized": 0.06
  },
  "45": {
    "level": 45,
    "ascension": 2,
    "hp": 6090.090728700001,
    "attack": 105.260964,
    "defense": 372.0732675,
    "specialized": 0.06
  },
  "46": {
    "level": 46,
    "ascension": 2,
    "hp": 6175.607612400001,
    "attack": 106.739028,
    "defense": 377.29791,
    "specialized": 0.06
  },
  "47": {
    "level": 47,
    "ascension": 2,
    "hp": 6260.094172200001,
    "attack": 108.199284,
    "defense": 382.459605,
    "specialized": 0.06
  },
  "48": {
    "level": 48,
    "ascension": 2,
    "hp": 6345.611055900001,
    "attack": 109.67734800000001,
    "defense": 387.6842475,
    "specialized": 0.06
  },
  "49": {
    "level": 49,
    "ascension": 2,
    "hp": 6430.0976157000005,
    "attack": 111.137604,
    "defense": 392.8459425,
    "specialized": 0.06
  },
  "50": {
    "level": 50,
    "ascension": 2,
    "hp": 6515.614499400001,
    "attack": 112.615668,
    "defense": 398.070585,
    "specialized": 0.06
  },
  "51": {
    "level": 51,
    "ascension": 3,
    "hp": 7329.2949592,
    "attack": 126.679524,
    "defense": 447.78228,
    "specialized": 0.12
  },