{
  "1": {
    "level": 1,
    "ascension": 0,
    "hp": 1124.9176,
    "attack": 18.9924,
    "defense": 42.65879,
    "specialized": 0.05
  },
  "2": {
    "level": 2,
    "ascension": 0,
    "hp": 1218.2857608,
    "attack": 20.5687692,
    "defense": 46.199469570000005,
    "specialized": 0.05
  },
  "3": {
    "level": 3,
    "ascension": 0,
    "hp": 1311.6539215999999,
    "attack": 22.145138399999997,
    "defense": 49.74014914,
    "specialized": 0.05
  },
  "4": {
    "level": 4,
    "ascension": 0,
    "hp": 1406.147,
    "attack": 23.7405,
    "defense": 53.323487500000006,
    "specialized": 0.05
  },
  "5": {
    "level": 5,
    "ascension": 0,
    "hp": 1499.5151607999999,
    "attack": 25.3168692,
    "defense": 56.86416707,
    "specialized": 0.05
  },
  "6": {
    "level": 6,
    "ascension": 0,
    "hp": 1594.0082392,
    "attack": 26.9122308,
    "defense": 60.44750543000001,
    "specialized": 0.05
  },
  "7": {
    "level": 7,
    "ascension": 0,
    "hp": 1687.3764,
    "attack": 28.488599999999998,
    "defense": 63.988185,
    "specialized": 0.05
  },
  "8": {
    "level": 8,
    "ascension": 0,
    "hp": 1781.8694784000002,
    "attack": 30.083961600000002,
    "defense": 67.57152336000001,
    "specialized": 0.05
  },
  "9": {
    "level": 9,
    "ascension": 0,
    "hp": 1876.3625568,
    "attack": 31.6793232,
    "defense": 71.15486172,
    "specialized": 0.05
  },
  "10": {
    "level": 10,
    "ascension": 0,
    "hp": 1969.7307176,
    "attack": 33.2556924,
    "defense": 74.69554129,
    "specialized": 0.05
  },
  "11": {
    "level": 11,
    "ascension": 0,
    "hp": 2064.2237959999998,
    "attack": 34.851054,
    "defense": 78.27887965000001,
    "specialized": 0.05
  },
  "12": {
    "level": 12,
    "ascension": 0,
    "hp": 2158.7168744,
    "attack": 36.4464156,
    "defense": 81.86221801,
    "specialized": 0.05
  },
  "13": {
    "level": 13,
    "ascension": 0,
    "hp": 2253.2099528000003,
    "attack": 38.0417772,
    "defense": 85.44555637,
    "specialized": 0.05
  },
  "14": {
    "level": 14,
    "ascension": 0,
    "hp": 2348.8279488000003,
    "attack": 39.656131200000004,
    "defense": 89.07155352000001,
    "specialized": 0.05
  },
  "15": {
    "level": 15,
    "ascension": 0,
    "hp": 2443.3210272,
    "attack": 41.2514928,
    "defense": 92.65489188000001,
    "specialized": 0.05
  },
  "16": {
    "level": 16,
    "ascension": 0,
    "hp": 2537.8141056,
    "attack": 42.8468544,
    "defense": 96.23823024,
    "specialized": 0.05
  },
  "17": {
    "level": 17,
    "ascension": 0,
    "hp": 2633.4321016000004,
    "attack": 44.461208400000004,
    "defense": 99.86422739000001,
    "specialized": 0.05
  },
  "18": {
    "level": 18,
    "ascension": 0,
    "hp": 2727.9251799999997,
    "attack": 46.056569999999994,
    "defense": 103.44756575,
    "specialized": 0.05
  },
  "19": {
    "level": 19,
    "ascension": 0,
    "hp": 2823.5431759999997,
    "attack": 47.67092399999999,
    "defense": 107.0735629,
    "specialized": 0.05
  },
  "20": {
    "level": 20,
    "ascension": 0,
    "hp": 2918.0362544,
    "attack": 49.266285599999996,
    "defense": 110.65690126,
    "specialized": 0.05
  },
  "21": {
    "level": 21,
    "ascension": 1,
    "hp": 3978.1693904,
    "attack": 67.16371459999999,
    "defense": 150.85979841,
    "specialized": 0.05
  },
  "22": {
    "level": 22,
    "ascension": 1,
    "hp": 4073.7873864,
    "attack": 68.7780686,
    "defense": 154.48579556,
    "specialized": 0.05
  },
  "23": {
    "level": 23,
    "ascension": 1,
    "hp": 4169.4053824,
    "attack": 70.3924226,
    "defense": 158.11179271000003,
    "specialized": 0.05
  },
  "24": {
    "level": 24,
    "ascension": 1,
    "hp": 4265.0233784,
    "attack": 72.00677660000001,
    "defense": 161.73778986000002,
    "specialized": 0.05
  },
  "25": {
    "level": 25,
    "ascension": 1,
    "hp": 4360.6413744,
    "attack": 73.6211306,
    "defense": 165.36378701,
    "specialized": 0.05
  },
  "26": {
    "level": 26,
    "ascension": 1,
    "hp": 4457.384287999999,
    "attack": 75.254477,
    "defense": 169.03244295000002,
    "specialized": 0.05
  },
  "27": {
    "level": 27,
    "ascension": 1,
    "hp": 4553.002284,
    "attack": 76.868831,
    "defense": 172.6584401,
    "specialized": 0.05
  },
  "28": {
    "level": 28,
    "ascension": 1,
    "hp": 4648.620279999999,
    "attack": 78.48318499999999,
    "defense": 176.28443725,
    "specialized": 0.05
  },
  "29": {
    "level": 29,
    "ascension": 1,
    "hp": 4745.3631936,
    "attack": 80.1165314,
    "defense": 179.95309319,
    "specialized": 0.05
  },
  "30": {
    "level": 30,
    "ascension": 1,
    "hp": 4840.9811896,
    "attack": 81.7308854,
    "defense": 183.57909034000002,
    "specialized": 0.05
  },
  "31": {
    "level": 31,
    "ascension": 1,
    "hp": 4937.7241032,
    "attack": 83.3642318,
    "defense": 187.24774628,
    "specialized": 0.05
  },
  "32": {
    "level": 32,
    "ascension": 1,
    "hp": 5034.467016799999,
    "attack": 84.99757819999999,
    "defense": 190.91640222,
    "specialized": 0.05
  },
  "33": {
    "level": 33,
    "ascension": 1,
    "hp": 5131.2099304,
    "attack": 86.6309246,
    "defense": 194.58505816000002,
    "specialized": 0.05
  },
  "34": {
    "level": 34,
    "ascension": 1,
    "hp": 5226.827926399999,
    "attack": 88.2452786,
    "defense": 198.21105531,
    "specialized": 0.05
  },
  "35": {
    "level": 35,
    "ascension": 1,
    "hp": 5323.57084,
    "attack": 89.878625,
    "defense": 201.87971125,
    "specialized": 0.05
  },
  "36": {
    "level": 36,
    "ascension": 1,
    "hp": 5421.4386712,
    "attack": 91.5309638,
    "defense": 205.59102598,
    "specialized": 0.05
  },
  "37": {
    "level": 37,
    "ascension": 1,
    "hp": 5518.181584800001,
    "attack": 93.1643102,
    "defense": 209.25968192000002,
    "specialized": 0.05
  },
  "38": {
    "level": 38,
    "ascension": 1,
    "hp": 5614.9244984,
    "attack": 94.7976566,
    "defense": 212.92833786000003,
    "specialized": 0.05
  },
  "39": {
    "level": 39,
    "ascension": 1,
    "hp": 5711.667411999999,
    "attack": 96.43100299999999,
    "defense": 216.5969938,
    "specialized": 0.05
  },
  "40": {
    "level": 40,
    "ascension": 1,
    "hp": 5809.5352432,
    "attack": 98.0833418,
    "defense": 220.30830853000003,
    "specialized": 0.05
  },
  "41": {
    "level": 41,
    "ascension": 2,
    "hp": 6591.591516799999,
    "attack": 111.2862432,
    "defense": 249.96581447000003,
    "specialized": 0.098
  },
  "42": {
    "level": 42,
    "ascension": 2,
    "hp": 6689.459348,
    "attack": 112.93858200000001,
    "defense": 253.67712920000005,
    "specialized": 0.098
  },
  "43": {
    "level": 43,
    "ascension": 2,
    "hp": 6787.3271792,
    "attack": 114.5909208,
    "defense": 257.38844393,
    "specialized": 0.098
  },
  "44": {
    "level": 44,
    "ascension": 2,
    "hp": 6884.070092799999,
    "attack": 116.2242672,
    "defense": 261.05709987,
    "specialized": 0.098
  },
  "45": {
    "level": 45,
    "ascension": 2,
    "hp": 6981.937924,
    "attack": 117.87660600000001,
    "defense": 264.7684146,
    "specialized": 0.098
  },
  "46": {
    "level": 46,
    "ascension": 2,
    "hp": 7079.805755199999,
    "attack": 119.5289448,
    "defense": 268.47972933,
    "specialized": 0.098
  },
  "47": {
    "level": 47,
    "ascension": 2,
    "hp": 7177.6735864,
    "attack": 121.1812836,
    "defense": 272.19104406,
    "specialized": 0.098
  },
  "48": {
    "level": 48,
    "ascension": 2,
    "hp": 7275.541417600001,
    "attack": 122.83362240000001,
    "defense": 275.90235879000005,
    "specialized": 0.098
  },
  "49": {
    "level": 49,
    "ascension": 2,
    "hp": 7374.534166400001,
    "attack": 124.50495360000001,
    "defense": 279.65633231000004,
    "specialized": 0.098
  },
  "50": {
    "level": 50,
    "ascension": 2,
    "hp": 7472.4019976,
    "attack": 126.1572924,