{
  "1": {
    "level": 1,
    "ascension": 0,
    "hp": 791.2556,
    "attack": 25.137,
    "defense": 47.864,
    "specialized": 0.05
  },
  "2": {
    "level": 2,
    "ascension": 0,
    "hp": 856.9298147999999,
    "attack": 27.223371,
    "defense": 51.836712,
    "specialized": 0.05
  },
  "3": {
    "level": 3,
    "ascension": 0,
    "hp": 922.6040295999999,
    "attack": 29.309742,
    "defense": 55.80942399999999,
    "specialized": 0.05
  },
  "4": {
    "level": 4,
    "ascension": 0,
    "hp": 989.0695,
    "attack": 31.42125,
    "defense": 59.83,
    "specialized": 0.05
  },
  "5": {
    "level": 5,
    "ascension": 0,
    "hp": 1054.7437148,
    "attack": 33.507621,
    "defense": 63.80271199999999,
    "specialized": 0.05
  },
  "6": {
    "level": 6,
    "ascension": 0,
    "hp": 1121.2091851999999,
    "attack": 35.619129,
    "defense": 67.82328799999999,
    "specialized": 0.05
  },
  "7": {
    "level": 7,
    "ascension": 0,
    "hp": 1186.8834,
    "attack": 37.7055,
    "defense": 71.79599999999999,
    "specialized": 0.05
  },
  "8": {
    "level": 8,
    "ascension": 0,
    "hp": 1253.3488704,
    "attack": 39.817008,
    "defense": 75.816576,
    "specialized": 0.05
  },
  "9": {
    "level": 9,
    "ascension": 0,
    "hp": 1319.8143407999999,
    "attack": 41.928516,
    "defense": 79.83715199999999,
    "specialized": 0.05
  },
  "10": {
    "level": 10,
    "ascension": 0,
    "hp": 1385.4885556,
    "attack": 44.014886999999995,
    "defense": 83.80986399999999,
    "specialized": 0.05
  },
  "11": {
    "level": 11,
    "ascension": 0,
    "hp": 1451.9540259999999,
    "attack": 46.126395,
    "defense": 87.83044,
    "specialized": 0.05
  },
  "12": {
    "level": 12,
    "ascension": 0,
    "hp": 1518.4194963999998,
    "attack": 48.237903,
    "defense": 91.851016,
    "specialized": 0.05
  },
  "13": {
    "level": 13,
    "ascension": 0,
    "hp": 1584.8849668,
    "attack": 50.349411,
    "defense": 95.871592,
    "specialized": 0.05
  },
  "14": {
    "level": 14,
    "ascension": 0,
    "hp": 1652.1416927999999,
    "attack": 52.486056000000005,
    "defense": 99.940032,
    "specialized": 0.05
  },
  "15": {
    "level": 15,
    "ascension": 0,
    "hp": 1718.6071632,
    "attack": 54.597564000000006,
    "defense": 103.96060800000001,
    "specialized": 0.05
  },
  "16": {
    "level": 16,
    "ascension": 0,
    "hp": 1785.0726335999998,
    "attack": 56.709072,
    "defense": 107.98118399999998,
    "specialized": 0.05
  },
  "17": {
    "level": 17,
    "ascension": 0,
    "hp": 1852.3293596,
    "attack": 58.84571700000001,
    "defense": 112.04962400000001,
    "specialized": 0.05
  },
  "18": {
    "level": 18,
    "ascension": 0,
    "hp": 1918.7948299999998,
    "attack": 60.957224999999994,
    "defense": 116.07019999999999,
    "specialized": 0.05
  },
  "19": {
    "level": 19,
    "ascension": 0,
    "hp": 1986.0515559999997,
    "attack": 63.093869999999995,
    "defense": 120.13863999999998,
    "specialized": 0.05
  },
  "20": {
    "level": 20,
    "ascension": 0,
    "hp": 2052.5170264,
    "attack": 65.205378,
    "defense": 124.15921599999999,
    "specialized": 0.05
  },
  "21": {
    "level": 21,
    "ascension": 1,
    "hp": 2798.2038524,
    "attack": 88.893153,
    "defense": 169.267656,
    "specialized": 0.05
  },
  "22": {
    "level": 22,
    "ascension": 1,
    "hp": 2865.4605783999996,
    "attack": 91.029798,
    "defense": 173.33609599999997,
    "specialized": 0.05
  },
  "23": {
    "level": 23,
    "ascension": 1,
    "hp": 2932.7173044,
    "attack": 93.166443,
    "defense": 177.404536,
    "specialized": 0.05
  },
  "24": {
    "level": 24,
    "ascension": 1,
    "hp": 2999.9740304,
    "attack": 95.303088,
    "defense": 181.472976,
    "specialized": 0.05
  },
  "25": {
    "level": 25,
    "ascension": 1,
    "hp": 3067.2307564,
    "attack": 97.439733,
    "defense": 185.541416,
    "specialized": 0.05
  },
  "26": {
    "level": 26,
    "ascension": 1,
    "hp": 3135.278738,
    "attack": 99.601515,
    "defense": 189.65771999999998,
    "specialized": 0.05
  },
  "27": {
    "level": 27,
    "ascension": 1,
    "hp": 3202.535464,
    "attack": 101.73816000000001,
    "defense": 193.72616,
    "specialized": 0.05
  },
  "28": {
    "level": 28,
    "ascension": 1,
    "hp": 3269.7921899999997,
    "attack": 103.874805,
    "defense": 197.79459999999997,
    "specialized": 0.05
  },
  "29": {
    "level": 29,
    "ascension": 1,
    "hp": 3337.8401716,
    "attack": 106.03658700000001,
    "defense": 201.910904,
    "specialized": 0.05
  },
  "30": {
    "level": 30,
    "ascension": 1,
    "hp": 3405.0968976,
    "attack": 108.17323200000001,
    "defense": 205.979344,
    "specialized": 0.05
  },
  "31": {
    "level": 31,
    "ascension": 1,
    "hp": 3473.1448792,
    "attack": 110.335014,
    "defense": 210.09564799999998,
    "specialized": 0.05
  },
  "32": {
    "level": 32,
    "ascension": 1,
    "hp": 3541.1928608,
    "attack": 112.496796,
    "defense": 214.21195199999997,
    "specialized": 0.05
  },
  "33": {
    "level": 33,
    "ascension": 1,
    "hp": 3609.2408424,
    "attack": 114.658578,
    "defense": 218.32825599999998,
    "specialized": 0.05
  },
  "34": {
    "level": 34,
    "ascension": 1,
    "hp": 3676.4975684,
    "attack": 116.79522300000001,
    "defense": 222.396696,
    "specialized": 0.05
  },
  "35": {
    "level": 35,
    "ascension": 1,
    "hp": 3744.54555,
    "attack": 118.95700500000001,
    "defense": 226.51299999999998,
    "specialized": 0.05
  },
  "36": {
    "level": 36,
    "ascension": 1,
    "hp": 3813.3847872,
    "attack": 121.14392400000001,
    "defense": 230.677168,
    "specialized": 0.05
  },
  "37": {
    "level": 37,
    "ascension": 1,
    "hp": 3881.4327688,
    "attack": 123.305706,
    "defense": 234.79347199999998,
    "specialized": 0.05
  },
  "38": {
    "level": 38,
    "ascension": 1,
    "hp": 3949.4807504,
    "attack": 125.46748800000002,
    "defense": 238.909776,
    "specialized": 0.05
  },
  "39": {
    "level": 39,
    "ascension": 1,
    "hp": 4017.5287319999998,
    "attack": 127.62926999999999,
    "defense": 243.02607999999998,
    "specialized": 0.05
  },
  "40": {
    "level": 40,
    "ascension": 1,
    "hp": 4086.3679692,
    "attack": 129.816189,
    "defense": 247.190248,
    "specialized": 0.05
  },
  "41": {
    "level": 41,
    "ascension": 2,
    "hp": 4636.4583508,
    "attack": 147.290614,
    "defense": 280.466552,
    "specialized": 0.098
  },
  "42": {
    "level": 42,
    "ascension": 2,
    "hp": 4705.297588,
    "attack": 149.47753300000002,
    "defense": 284.63072,
    "specialized": 0.098
  },
  "43": {
    "level": 43,
    "ascension": 2,
    "hp": 4774.1368252,
    "attack": 151.664452,
    "defense": 288.794888,
    "specialized": 0.098
  },
  "44": {
    "level": 44,
    "ascension": 2,
    "hp": 4842.1848068,
    "attack": 153.826234,
    "defense": 292.91119199999997,
    "specialized": 0.098
  },
  "45": {
    "level": 45,
    "ascension": 2,
    "hp": 4911.024044,
    "attack": 156.01315300000002,
    "defense": 297.07536,
    "specialized": 0.098
  },
  "46": {
    "level": 46,
    "ascension": 2,
    "hp": 4979.8632812,
    "attack": 158.200072,
    "defense": 301.239528,
    "specialized": 0.098
  },
  "47": {
    "level": 47,
    "ascension": 2,
    "hp": 5048.7025183999995,
    "attack": 160.386991,
    "defense": 305.40369599999997,
    "specialized": 0.098
  },
  "48": {
    "level": 48,
    "ascension": 2,
    "hp": 5117.5417556,
    "attack": 162.57391,
    "defense": 309.567864,
    "specialized": 0.098
  },
  "49": {
    "level": 49,
    "ascension": 2,
    "hp": 5187.1722484,
    "attack": 164.785966,
    "defense": 313.779896,
    "specialized": 0.098
  },
  "50": {
    "level": 50,
    "ascension": 2,
    "hp": 5256.0114856,
    "attack": 166.97288500000002,
    "defense": 317.94406399999997,
    "specialized": 0.098
  },