{
  "1": {
    "level": 1,
    "ascension": 0,
    "hp": 991.4528,
    "attack": 16.758,
    "defense": 58.93255,
    "specialized": 0
  },
  "2": {
    "level": 2,
    "ascension": 0,
    "hp": 1073.7433824,
    "attack": 18.148913999999998,
    "defense": 63.82395165,
    "specialized": 0
  },
  "3": {
    "level": 3,
    "ascension": 0,
    "hp": 1156.0339648,
    "attack": 19.539827999999996,
    "defense": 68.71535329999999,
    "specialized": 0
  },
  "4": {
    "level": 4,
    "ascension": 0,
    "hp": 1239.316,
    "attack": 20.947499999999998,
    "defense": 73.6656875,
    "specialized": 0
  },
  "5": {
    "level": 5,
    "ascension": 0,
    "hp": 1321.6065824,
    "attack": 22.338413999999997,
    "defense": 78.55708915,
    "specialized": 0
  },
  "6": {
    "level": 6,
    "ascension": 0,
    "hp": 1404.8886176,
    "attack": 23.746086,
    "defense": 83.50742335,
    "specialized": 0
  },
  "7": {
    "level": 7,
    "ascension": 0,
    "hp": 1487.1792,
    "attack": 25.137,
    "defense": 88.398825,
    "specialized": 0
  },
  "8": {
    "level": 8,
    "ascension": 0,
    "hp": 1570.4612352000001,
    "attack": 26.544672,
    "defense": 93.3491592,
    "specialized": 0
  },
  "9": {
    "level": 9,
    "ascension": 0,
    "hp": 1653.7432704,
    "attack": 27.952343999999997,
    "defense": 98.29949339999999,
    "specialized": 0
  },
  "10": {
    "level": 10,
    "ascension": 0,
    "hp": 1736.0338528,
    "attack": 29.343257999999995,
    "defense": 103.19089505,
    "specialized": 0
  },
  "11": {
    "level": 11,
    "ascension": 0,
    "hp": 1819.315888,
    "attack": 30.750929999999997,
    "defense": 108.14122925,
    "specialized": 0
  },
  "12": {
    "level": 12,
    "ascension": 0,
    "hp": 1902.5979232000002,
    "attack": 32.158602,
    "defense": 113.09156345,
    "specialized": 0
  },
  "13": {
    "level": 13,
    "ascension": 0,
    "hp": 1985.8799584,
    "attack": 33.566274,
    "defense": 118.04189765000001,
    "specialized": 0
  },
  "14": {
    "level": 14,
    "ascension": 0,
    "hp": 2070.1534464,
    "attack": 34.990704,
    "defense": 123.0511644,
    "specialized": 0
  },
  "15": {
    "level": 15,
    "ascension": 0,
    "hp": 2153.4354816,
    "attack": 36.398376,
    "defense": 128.00149860000002,
    "specialized": 0
  },
  "16": {
    "level": 16,
    "ascension": 0,
    "hp": 2236.7175168,
    "attack": 37.806048,
    "defense": 132.95183279999998,
    "specialized": 0
  },
  "17": {
    "level": 17,
    "ascension": 0,
    "hp": 2320.9910048,
    "attack": 39.230478,
    "defense": 137.96109955,
    "specialized": 0
  },
  "18": {
    "level": 18,
    "ascension": 0,
    "hp": 2404.27304,
    "attack": 40.638149999999996,
    "defense": 142.91143375,
    "specialized": 0
  },
  "19": {
    "level": 19,
    "ascension": 0,
    "hp": 2488.546528,
    "attack": 42.06258,
    "defense": 147.92070049999998,
    "specialized": 0
  },
  "20": {
    "level": 20,
    "ascension": 0,
    "hp": 2571.8285631999997,
    "attack": 43.470251999999995,
    "defense": 152.8710347,
    "specialized": 0
  },
  "21": {
    "level": 21,
    "ascension": 1,
    "hp": 3506.1831512,
    "attack": 59.262102,
    "defense": 208.41080145,
    "specialized": 0
  },
  "22": {
    "level": 22,
    "ascension": 1,
    "hp": 3590.4566391999997,
    "attack": 60.686532,
    "defense": 213.4200682,
    "specialized": 0
  },
  "23": {
    "level": 23,
    "ascension": 1,
    "hp": 3674.7301272,
    "attack": 62.110962,
    "defense": 218.42933495,
    "specialized": 0
  },
  "24": {
    "level": 24,
    "ascension": 1,
    "hp": 3759.0036152000002,
    "attack": 63.535392,
    "defense": 223.4386017,
    "specialized": 0
  },
  "25": {
    "level": 25,
    "ascension": 1,
    "hp": 3843.2771032,
    "attack": 64.959822,
    "defense": 228.44786845,
    "specialized": 0
  },
  "26": {
    "level": 26,
    "ascension": 1,
    "hp": 3928.542044,
    "attack": 66.40101,
    "defense": 233.51606775,
    "specialized": 0
  },
  "27": {
    "level": 27,
    "ascension": 1,
    "hp": 4012.815532,
    "attack": 67.82544,
    "defense": 238.52533449999999,
    "specialized": 0
  },
  "28": {
    "level": 28,
    "ascension": 1,
    "hp": 4097.08902,
    "attack": 69.24987,
    "defense": 243.53460124999998,
    "specialized": 0
  },
  "29": {
    "level": 29,
    "ascension": 1,
    "hp": 4182.3539608,
    "attack": 70.691058,
    "defense": 248.60280055000004,
    "specialized": 0
  },
  "30": {
    "level": 30,
    "ascension": 1,
    "hp": 4266.6274488,
    "attack": 72.115488,
    "defense": 253.61206730000004,
    "specialized": 0
  },
  "31": {
    "level": 31,
    "ascension": 1,
    "hp": 4351.892389600001,
    "attack": 73.556676,
    "defense": 258.6802666,
    "specialized": 0
  },
  "32": {
    "level": 32,
    "ascension": 1,
    "hp": 4437.1573304,
    "attack": 74.99786399999999,
    "defense": 263.7484659,
    "specialized": 0
  },
  "33": {
    "level": 33,
    "ascension": 1,
    "hp": 4522.4222712,
    "attack": 76.439052,
    "defense": 268.8166652,
    "specialized": 0
  },
  "34": {
    "level": 34,
    "ascension": 1,
    "hp": 4606.695759200001,
    "attack": 77.863482,
    "defense": 273.82593195,
    "specialized": 0
  },
  "35": {
    "level": 35,
    "ascension": 1,
    "hp": 4691.9607000000005,
    "attack": 79.30466999999999,
    "defense": 278.89413125,
    "specialized": 0
  },
  "36": {
    "level": 36,
    "ascension": 1,
    "hp": 4778.2170936,
    "attack": 80.762616,
    "defense": 284.0212631,
    "specialized": 0
  },
  "37": {
    "level": 37,
    "ascension": 1,
    "hp": 4863.4820344,
    "attack": 82.20380399999999,
    "defense": 289.0894624,
    "specialized": 0
  },
  "38": {
    "level": 38,
    "ascension": 1,
    "hp": 4948.746975200001,
    "attack": 83.644992,
    "defense": 294.1576617,
    "specialized": 0
  },
  "39": {
    "level": 39,
    "ascension": 1,
    "hp": 5034.011916,
    "attack": 85.08617999999998,
    "defense": 299.225861,
    "specialized": 0
  },
  "40": {
    "level": 40,
    "ascension": 1,
    "hp": 5120.268309600001,
    "attack": 86.54412599999999,
    "defense": 304.35299285,
    "specialized": 0
  },
  "41": {
    "level": 41,
    "ascension": 2,
    "hp": 5809.538350399999,
    "attack": 98.193744,
    "defense": 345.32444215,
    "specialized": 28.8
  },
  "42": {
    "level": 42,
    "ascension": 2,
    "hp": 5895.794744000001,
    "attack": 99.65169,
    "defense": 350.45157400000005,
    "specialized": 28.8
  },
  "43": {
    "level": 43,
    "ascension": 2,
    "hp": 5982.0511376,
    "attack": 101.109636,
    "defense": 355.57870585,
    "specialized": 28.8
  },
  "44": {
    "level": 44,
    "ascension": 2,
    "hp": 6067.316078399999,
    "attack": 102.55082399999999,
    "defense": 360.64690514999995,
    "specialized": 28.8
  },
  "45": {
    "level": 45,
    "ascension": 2,
    "hp": 6153.572472,
    "attack": 104.00877,
    "defense": 365.774037,
    "specialized": 28.8
  },
  "46": {
    "level": 46,
    "ascension": 2,
    "hp": 6239.8288655999995,
    "attack": 105.46671599999999,
    "defense": 370.90116885,
    "specialized": 28.8
  },
  "47": {
    "level": 47,
    "ascension": 2,
    "hp": 6326.085259199999,
    "attack": 106.924662,
    "defense": 376.02830069999993,
    "specialized": 28.8
  },
  "48": {
    "level": 48,
    "ascension": 2,
    "hp": 6412.3416528,
    "attack": 108.382608,
    "defense": 381.15543255,
    "specialized": 28.8
  },
  "49": {
    "level": 49,
    "ascension": 2,
    "hp": 6499.5894992,
    "attack": 109.85731200000001,
    "defense": 386.3414969500001,
    "specialized": 28.8
  },
  "50": {
    "level": 50,
    "ascension": 2,
    "hp": 6585.8458928,
    "attack": 111.315258,
    "defense": 391.46862880000003,
    "specialized": 28.8
  },
  "51": {
    "level": 51,
    "ascension": 3,
    "hp": 7477.4423864,
    "attack": 126.38444399999999,
    "defense": 444.46676065,
    "specialized": 57.6
  },