{
  "1": {
    "level": 1,
    "ascension": 0,
    "hp": 893.5552,
    "attack": 16.0272,
    "defense": 61.5741,
    "specialized": 0
  },
  "2": {
    "level": 2,
    "ascension": 0,
    "hp": 967.7202816,
    "attack": 17.3574576,
    "defense": 66.6847503,
    "specialized": 0
  },
  "3": {
    "level": 3,
    "ascension": 0,
    "hp": 1040.991808,
    "attack": 18.671688,
    "defense": 71.7338265,
    "specialized": 0
  },
  "4": {
    "level": 4,
    "ascension": 0,
    "hp": 1115.1568896,
    "attack": 20.0019456,
    "defense": 76.8444768,
    "specialized": 0
  },
  "5": {
    "level": 5,
    "ascension": 0,
    "hp": 1188.428416,
    "attack": 21.316176000000002,
    "defense": 81.89355300000001,
    "specialized": 0
  },
  "6": {
    "level": 6,
    "ascension": 0,
    "hp": 1262.5934976,
    "attack": 22.6464336,
    "defense": 87.0042033,
    "specialized": 0
  },
  "7": {
    "level": 7,
    "ascension": 0,
    "hp": 1335.8650240000002,
    "attack": 23.960664,
    "defense": 92.0532795,
    "specialized": 0
  },
  "8": {
    "level": 8,
    "ascension": 0,
    "hp": 1410.0301056,
    "attack": 25.2909216,
    "defense": 97.1639298,
    "specialized": 0
  },
  "9": {
    "level": 9,
    "ascension": 0,
    "hp": 1484.1951872,
    "attack": 26.6211792,
    "defense": 102.27458010000001,
    "specialized": 0
  },
  "10": {
    "level": 10,
    "ascension": 0,
    "hp": 1557.4667136,
    "attack": 27.935409600000003,
    "defense": 107.32365630000001,
    "specialized": 0
  },
  "11": {
    "level": 11,
    "ascension": 0,
    "hp": 1631.6317952000002,
    "attack": 29.265667200000003,
    "defense": 112.43430660000001,
    "specialized": 0
  },
  "12": {
    "level": 12,
    "ascension": 0,
    "hp": 1704.9033216,
    "attack": 30.5798976,
    "defense": 117.4833828,
    "specialized": 0
  },
  "13": {
    "level": 13,
    "ascension": 0,
    "hp": 1779.0684032000001,
    "attack": 31.910155200000002,
    "defense": 122.5940331,
    "specialized": 0
  },
  "14": {
    "level": 14,
    "ascension": 0,
    "hp": 1852.3399296,
    "attack": 33.2243856,
    "defense": 127.6431093,
    "specialized": 0
  },
  "15": {
    "level": 15,
    "ascension": 0,
    "hp": 1926.5050112000001,
    "attack": 34.5546432,
    "defense": 132.75375960000002,
    "specialized": 0
  },
  "16": {
    "level": 16,
    "ascension": 0,
    "hp": 2000.6700928,
    "attack": 35.8849008,
    "defense": 137.8644099,
    "specialized": 0
  },
  "17": {
    "level": 17,
    "ascension": 0,
    "hp": 2073.9416192000003,
    "attack": 37.199131200000004,
    "defense": 142.9134861,
    "specialized": 0
  },
  "18": {
    "level": 18,
    "ascension": 0,
    "hp": 2148.1067008,
    "attack": 38.5293888,
    "defense": 148.0241364,
    "specialized": 0
  },
  "19": {
    "level": 19,
    "ascension": 0,
    "hp": 2221.3782272000003,
    "attack": 39.843619200000006,
    "defense": 153.0732126,
    "specialized": 0
  },
  "20": {
    "level": 20,
    "ascension": 0,
    "hp": 2295.5433088,
    "attack": 41.1738768,
    "defense": 158.1838629,
    "specialized": 0
  },
  "21": {
    "level": 21,
    "ascension": 1,
    "hp": 3036.3463352,
    "attack": 54.461527200000006,
    "defense": 209.23193909999998,
    "specialized": 0
  },
  "22": {
    "level": 22,
    "ascension": 1,
    "hp": 3110.5114168,
    "attack": 55.7917848,
    "defense": 214.3425894,
    "specialized": 0
  },
  "23": {
    "level": 23,
    "ascension": 1,
    "hp": 3184.6764984,
    "attack": 57.12204240000001,
    "defense": 219.4532397,
    "specialized": 0
  },
  "24": {
    "level": 24,
    "ascension": 1,
    "hp": 3257.9480248,
    "attack": 58.4362728,
    "defense": 224.5023159,
    "specialized": 0
  },
  "25": {
    "level": 25,
    "ascension": 1,
    "hp": 3332.1131064,
    "attack": 59.76653040000001,
    "defense": 229.61296620000002,
    "specialized": 0
  },
  "26": {
    "level": 26,
    "ascension": 1,
    "hp": 3405.3846328,
    "attack": 61.08076080000001,
    "defense": 234.6620424,
    "specialized": 0
  },
  "27": {
    "level": 27,
    "ascension": 1,
    "hp": 3479.5497144,
    "attack": 62.4110184,
    "defense": 239.7726927,
    "specialized": 0
  },
  "28": {
    "level": 28,
    "ascension": 1,
    "hp": 3552.8212408000004,
    "attack": 63.7252488,
    "defense": 244.8217689,
    "specialized": 0
  },
  "29": {
    "level": 29,
    "ascension": 1,
    "hp": 3626.9863224,
    "attack": 65.0555064,
    "defense": 249.9324192,
    "specialized": 0
  },
  "30": {
    "level": 30,
    "ascension": 1,
    "hp": 3700.2578488000004,
    "attack": 66.3697368,
    "defense": 254.9814954,
    "specialized": 0
  },
  "31": {
    "level": 31,
    "ascension": 1,
    "hp": 3774.4229304,
    "attack": 67.6999944,
    "defense": 260.0921457,
    "specialized": 0
  },
  "32": {
    "level": 32,
    "ascension": 1,
    "hp": 3848.588012,
    "attack": 69.030252,
    "defense": 265.20279600000003,
    "specialized": 0
  },
  "33": {
    "level": 33,
    "ascension": 1,
    "hp": 3921.8595384,
    "attack": 70.3444824,
    "defense": 270.25187220000004,
    "specialized": 0
  },
  "34": {
    "level": 34,
    "ascension": 1,
    "hp": 3996.02462,
    "attack": 71.67474,
    "defense": 275.3625225,
    "specialized": 0
  },
  "35": {
    "level": 35,
    "ascension": 1,
    "hp": 4069.2961464,
    "attack": 72.9889704,
    "defense": 280.4115987,
    "specialized": 0
  },
  "36": {
    "level": 36,
    "ascension": 1,
    "hp": 4143.461228,
    "attack": 74.31922800000001,
    "defense": 285.52224900000004,
    "specialized": 0
  },
  "37": {
    "level": 37,
    "ascension": 1,
    "hp": 4216.7327544,
    "attack": 75.63345840000001,
    "defense": 290.5713252,
    "specialized": 0
  },
  "38": {
    "level": 38,
    "ascension": 1,
    "hp": 4290.897836,
    "attack": 76.963716,
    "defense": 295.6819755,
    "specialized": 0
  },
  "39": {
    "level": 39,
    "ascension": 1,
    "hp": 4365.0629176,
    "attack": 78.2939736,
    "defense": 300.7926258,
    "specialized": 0
  },
  "40": {
    "level": 40,
    "ascension": 1,
    "hp": 4438.334444,
    "attack": 79.608204,
    "defense": 305.841702,
    "specialized": 0
  },
  "41": {
    "level": 41,
    "ascension": 2,
    "hp": 4986.7982256000005,
    "attack": 89.44589160000001,
    "defense": 343.6358523,
    "specialized": 0.0667
  },
  "42": {
    "level": 42,
    "ascension": 2,
    "hp": 5060.069752,
    "attack": 90.76012200000001,
    "defense": 348.6849285,
    "specialized": 0.0667
  },
  "43": {
    "level": 43,
    "ascension": 2,
    "hp": 5134.2348336000005,
    "attack": 92.0903796,
    "defense": 353.7955788,
    "specialized": 0.0667
  },
  "44": {
    "level": 44,
    "ascension": 2,
    "hp": 5207.50636,
    "attack": 93.40461,
    "defense": 358.844655,
    "specialized": 0.0667
  },
  "45": {
    "level": 45,
    "ascension": 2,
    "hp": 5281.6714416,
    "attack": 94.7348676,
    "defense": 363.9553053,
    "specialized": 0.0667
  },
  "46": {
    "level": 46,
    "ascension": 2,
    "hp": 5355.836523200001,
    "attack": 96.06512520000001,
    "defense": 369.0659556,
    "specialized": 0.0667
  },
  "47": {
    "level": 47,
    "ascension": 2,
    "hp": 5429.1080496,
    "attack": 97.37935560000001,
    "defense": 374.1150318,
    "specialized": 0.0667
  },
  "48": {
    "level": 48,
    "ascension": 2,
    "hp": 5503.2731312000005,
    "attack": 98.7096132,
    "defense": 379.22568210000003,
    "specialized": 0.0667
  },
  "49": {
    "level": 49,
    "ascension": 2,
    "hp": 5576.5446576,
    "attack": 100.0238436,
    "defense": 384.27475830000003,
    "specialized": 0.0667
  },
  "50": {
    "level": 50,
    "ascension": 2,
    "hp": 5650.7097392000005,
    "attack": 101.35410120000002,
    "defense": 389.3854086,
    "specialized": 0.0667
  },
  "51": {
    "level": 51,
    "ascension": 3,
    "hp": 6356.3794656,
    "attack": 114.0115716,
    "defense": 438.0124848,
    "specialized": 0.1333
  },