{"1":{"level":1,"ascension":0,"hp":1005.7526,"attack":17.5028,"defense":74.48835,"specialized":0.5},"2":{"level":2,"ascension":0,"hp":1089.2300658,"attack":18.9555324,"defense":80.67088305,"specialized":0.5},"3":{"level":3,"ascension":0,"hp":1172.7075316,"attack":20.408264799999998,"defense":86.85341609999999,"specialized":0.5},"4":{"level":4,"ascension":0,"hp":1257.19075,"attack":21.878500000000003,"defense":93.11043749999999,"specialized":0.5},"5":{"level":5,"ascension":0,"hp":1340.6682158,"attack":23.3312324,"defense":99.29297054999999,"specialized":0.5},"6":{"level":6,"ascension":0,"hp":1425.1514342,"attack":24.801467600000002,"defense":105.54999194999999,"specialized":0.5},"7":{"level":7,"ascension":0,"hp":1508.6289000000002,"attack":26.2542,"defense":111.732525,"specialized":0.5},"8":{"level":8,"ascension":0,"hp":1593.1121184,"attack":27.724435200000002,"defense":117.9895464,"specialized":0.5},"9":{"level":9,"ascension":0,"hp":1677.5953368,"attack":29.1946704,"defense":124.2465678,"specialized":0.5},"10":{"level":10,"ascension":0,"hp":1761.0728026,"attack":30.6474028,"defense":130.42910085,"specialized":0.5},"11":{"level":11,"ascension":0,"hp":1845.556021,"attack":32.117638,"defense":136.68612224999998,"specialized":0.5},"12":{"level":12,"ascension":0,"hp":1930.0392394,"attack":33.587873200000004,"defense":142.94314365,"specialized":0.5},"13":{"level":13,"ascension":0,"hp":2014.5224578000002,"attack":35.0581084,"defense":149.20016505,"specialized":0.5},"14":{"level":14,"ascension":0,"hp":2100.0114288,"attack":36.5458464,"defense":155.5316748,"specialized":0.5},"15":{"level":15,"ascension":0,"hp":2184.4946472,"attack":38.01608160000001,"defense":161.7886962,"specialized":0.5},"16":{"level":16,"ascension":0,"hp":2268.9778656,"attack":39.4863168,"defense":168.0457176,"specialized":0.5},"17":{"level":17,"ascension":0,"hp":2354.4668366,"attack":40.974054800000005,"defense":174.37722735,"specialized":0.5},"18":{"level":18,"ascension":0,"hp":2438.950055,"attack":42.444289999999995,"defense":180.63424874999998,"specialized":0.5},"19":{"level":19,"ascension":0,"hp":2524.439026,"attack":43.932027999999995,"defense":186.96575849999996,"specialized":0.5},"20":{"level":20,"ascension":0,"hp":2608.9222443999997,"attack":45.4022632,"defense":193.22277989999998,"specialized":0.5},"21":{"level":21,"ascension":1,"hp":3556.7531154,"attack":61.8960012,"defense":263.42278964999997,"specialized":0.5},"22":{"level":22,"ascension":1,"hp":3642.2420863999996,"attack":63.3837392,"defense":269.7542994,"specialized":0.5},"23":{"level":23,"ascension":1,"hp":3727.7310574000003,"attack":64.87147720000002,"defense":276.08580915,"specialized":0.5},"24":{"level":24,"ascension":1,"hp":3813.2200284,"attack":66.3592152,"defense":282.4173189,"specialized":0.5},"25":{"level":25,"ascension":1,"hp":3898.7089994000003,"attack":67.8469532,"defense":288.74882865,"specialized":0.5},"26":{"level":26,"ascension":1,"hp":3985.203723,"attack":69.352194,"defense":295.15482675,"specialized":0.5},"27":{"level":27,"ascension":1,"hp":4070.692694,"attack":70.839932,"defense":301.4863365,"specialized":0.5},"28":{"level":28,"ascension":1,"hp":4156.181665,"attack":72.32767,"defense":307.81784625,"specialized":0.5},"29":{"level":29,"ascension":1,"hp":4242.676388600001,"attack":73.83291080000001,"defense":314.22384435,"specialized":0.5},"30":{"level":30,"ascension":1,"hp":4328.165359600001,"attack":75.32064880000001,"defense":320.5553541,"specialized":0.5},"31":{"level":31,"ascension":1,"hp":4414.6600832,"attack":76.82588960000001,"defense":326.96135219999996,"specialized":0.5},"32":{"level":32,"ascension":1,"hp":4501.1548068,"attack":78.3311304,"defense":333.36735029999994,"specialized":0.5},"33":{"level":33,"ascension":1,"hp":4587.6495304,"attack":79.8363712,"defense":339.7733484,"specialized":0.5},"34":{"level":34,"ascension":1,"hp":4673.138501400001,"attack":81.32410920000001,"defense":346.10485815,"specialized":0.5},"35":{"level":35,"ascension":1,"hp":4759.6332250000005,"attack":82.82935,"defense":352.51085624999996,"specialized":0.5},"36":{"level":36,"ascension":1,"hp":4847.1337012,"attack":84.3520936,"defense":358.99134269999996,"specialized":0.5},"37":{"level":37,"ascension":1,"hp":4933.6284248,"attack":85.8573344,"defense":365.3973408,"specialized":0.5},"38":{"level":38,"ascension":1,"hp":5020.123148400001,"attack":87.36257520000001,"defense":371.80333889999997,"specialized":0.5},"39":{"level":39,"ascension":1,"hp":5106.617872,"attack":88.867816,"defense":378.20933699999995,"specialized":0.5},"40":{"level":40,"ascension":1,"hp":5194.118348200001,"attack":90.3905596,"defense":384.68982345,"specialized":0.5},"41":{"level":41,"ascension":2,"hp":5893.3296718,"attack":102.5579004,"defense":436.47612155,"specialized":0.596},"42":{"level":42,"ascension":2,"hp":5980.830148000001,"attack":104.080644,"defense":442.956608,"specialized":0.596},"43":{"level":43,"ascension":2,"hp":6068.330624200001,"attack":105.6033876,"defense":449.43709445,"specialized":0.596},"44":{"level":44,"ascension":2,"hp":6154.8253478,"attack":107.10862839999999,"defense":455.84309255,"specialized":0.596},"45":{"level":45,"ascension":2,"hp":6242.3258240000005,"attack":108.631372,"defense":462.323579,"specialized":0.596},"46":{"level":46,"ascension":2,"hp":6329.8263002,"attack":110.1541156,"defense":468.80406545,"specialized":0.596},"47":{"level":47,"ascension":2,"hp":6417.3267764,"attack":111.6768592,"defense":475.2845519,"specialized":0.596},"48":{"level":48,"ascension":2,"hp":6504.827252600001,"attack":113.19960280000001,"defense":481.76503835000005,"specialized":0.596},"49":{"level":49,"ascension":2,"hp":6593.333481400001,"attack":114.73984920000001,"defense":488.32001315,"specialized":0.596},"50":{"level":50,"ascension":2,"hp":6680.833957600001,"attack":116.26259280000001,"defense":494.8004996,"specialized":0.596},"51":{"level":51,"ascension":3,"hp":7585.2899338,"attack":132.0015364,"defense":561.78798605,"specialized":0.692},"52":{"level":52,"ascension":3,"hp":7673.796162600001,"attack":133.5417828,"defense":568.3429608499999,"specialized":0.692},"53":{"level":53,"ascension":3,"hp":7761.2966388,"attack":135.0645264,"defense":574.8234473,"specialized":0.692},"54":{"level":54,"ascension":3,"hp":7849.8028676,"attack":136.6047728,"defense":581.3784221,"specialized":0.692},"55":{"level":55,"ascension":3,"hp":7938.3090964,"attack":138.1450192,"defense":587.9333968999999,"specialized":0.692},"56":{"level":56,"ascension":3,"hp":8026.8153252,"attack":139.6852656,"defense":594.4883717,"specialized":0.692},"57":{"level":57,"ascension":3,"hp":8115.321554,"attack":141.225512,"defense":601.0433465,"specialized":0.692},"58":{"level":58,"ascension":3,"hp":8203.8277828,"attack":142.7657584,"defense":607.5983213,"specialized":0.692},"59":{"level":59,"ascension":3,"hp":8292.3340116,"attack":144.3060048,"defense":614.1532961,"specialized":0.692},"60":{"level":60,"ascension":3,"hp":8380.8402404,"attack":145.8462512,"defense":620.7082709,"specialized":0.692},"61":{"level":61,"ascension":4,"hp":9082.0631692,"attack":158.04859760000002,"defense":672.6434457,"specialized":0.692},"62":{"level":62,"ascension":4,"hp":9170.569398,"attack":159.58884400000002,"defense":679.1984205,"specialized":0.692},"63":{"level":63,"ascension":4,"hp":9260.0813794,"attack":161.1465932,"defense":685.82788365,"specialized":0.692},"64":{"level":64,"ascension":4,"hp":9348.5876082,"attack":162.6868396,"defense":692.38285845,"specialized":0.692},"65":{"level":65,"ascension":4,"hp":9438.0995896,"attack":164.2445888,"defense":699.0123216000001,"specialized":0.692},"66":{"level":66,"ascension":4,"hp":9527.611571000001,"attack":165.802338,"defense":705.6417847499999,"specialized":0.692},"67":{"level":67,"ascension":4,"hp":9616.1177998,"attack":167.3425844,"defense":712.19675955,"specialized":0.692},"68":{"level":68,"ascension":4,"hp":9705.629781200001,"attack":168.90033359999998,"defense":718.8262226999999,"specialized":0.692},"69":{"level":69,"ascension":4,"hp":9795.1417626,