{"id":12001,"name":"Flins","combat1":{"name":"Lança Demoníaca Pocztowy","descriptionRaw":"<color=#FFD780FF>Ataque Normal</color>\nRealiza até 5 golpes rápidos.\n\n<color=#FFD780FF>Ataque Carregado</color>\nConsome uma certa quantidade de Stamina para desferir um golpe em frente.\n\n<color=#FFD780FF>Ataque Imersivo</color>\nMergulha em pleno ar para golpear o chão, causando dano aos inimigos ao longo do caminho e infligindo Dano em uma AdE durante o impacto.","description":"Ataque Normal\nRealiza até 5 golpes rápidos.\n\nAtaque Carregado\nConsome uma certa quantidade de Stamina para desferir um golpe em frente.\n\nAtaque Imersivo\nMergulha em pleno ar para golpear o chão, causando dano aos inimigos ao longo do caminho e infligindo Dano em uma AdE durante o impacto.","attributes":{"labels":["Dano do 1° Golpe|{param1:F1P}","Dano do 2° Golpe|{param2:F1P}","Dano do 3° Golpe|{param3:F1P}","Dano do 4° Golpe|{param4:F1P}*2","Dano do 5° Golpe|{param5:F1P}","Dano de Ataque Carregado|{param6:F1P}","Consumo de Stamina de Ataque Carregado|{param7:F1}","Dano Durante a Queda|{param8:F1P}","Dano de Queda de Baixa/Alta Altitude|{param9:P}/{param10:P}"],"parameters":{"param1":[0.44726,0.483665,0.52007,0.572077,0.608482,0.650088,0.707295,0.764503,0.821711,0.884119,0.946527,1.008936,1.071344,1.133753,1.196161],"param2":[0.451483,0.488231,0.52498,0.577478,0.614227,0.656225,0.713973,0.771721,0.829468,0.892466,0.955464,1.018461,1.081459,1.144456,1.207454],"param3":[0.559198,0.604714,0.65023,0.715253,0.760769,0.812787,0.884313,0.955838,1.027363,1.105391,1.183419,1.261446,1.339474,1.417501,1.495529],"param4":[0.320389,0.346467,0.372545,0.4098,0.435878,0.465681,0.506661,0.547641,0.588621,0.633327,0.678032,0.722737,0.767443,0.812148,0.856853],"param5":[0.767946,0.830453,0.89296,0.982256,1.044763,1.1162,1.214426,1.312651,1.410877,1.518032,1.625187,1.732342,1.839498,1.946653,2.053808],"param6":[1.03028,1.11414,1.198,1.3178,1.40166,1.4975,1.62928,1.76106,1.89284,2.0366,2.18036,2.32412,2.46788,2.61164,2.7554],"param7":[25,25,25,25,25,25,25,25,25,25,25,25,25,25,25],"param8":[0.639324,0.691362,0.7434,0.81774,0.869778,0.92925,1.011024,1.092798,1.174572,1.26378,1.352988,1.442196,1.531404,1.620612,1.70982],"param9":[1.278377,1.382431,1.486485,1.635134,1.739187,1.858106,2.02162,2.185133,2.348646,2.527025,2.705403,2.883781,3.062159,3.240537,3.418915],"param10":[1.596762,1.726731,1.8567,2.04237,2.172339,2.320875,2.525112,2.729349,2.933586,3.15639,3.379194,3.601998,3.824802,4.047606,4.27041]}}},"combat2":{"name":"Lei Antiga: Segredo da Lanterna Solitária","descriptionRaw":"Flins invoca o poder antigo contido em sua lâmpada, e troca para o modo <color=#FFD780FF>Chama da Manifestação</color>. Nesse modo, ele possui as seguintes características:\n· Os Ataques Normais e Carregados de Flins passam a causar <color=#FFACFFFF>Dano Electro</color> que não pode ser substituído, e não é mais possível realizar Ataques Imersivos.\n· Aumenta a RES contra Interrupção de Flins.\n· Sua Habilidade Elemental <color=#FFD780FF>Lei Antiga: Segredo da Lanterna Solitária</color> será substituída pela Habilidade Elemental Especial <color=#FFD780FF>Lança Tempestuosa do Norte</color>.\n\n<color=#FFD780FF>Lança Tempestuosa do Norte</color>\nFlins invoca uma formação de lanças em sua frente, causando <color=#FFACFFFF>Dano Electro em AdE</color> e, nos próximos 6s seguintes, substitui o Supremo de Flins <color=#FFD780FF>Ritual Antigo: Visita Noturna</color> pelo Supremo especial {LINK#N11200001}<color=#FFD780FF>Sinfonia Trovejante</color>{/LINK}.\nA recarga base de <color=#FFD780FF>Lança Tempestuosa do Norte</color> é de 6s, essa recarga não é afetada por outros efeitos.","description":"Flins invoca o poder antigo contido em sua lâmpada, e troca para o modo Chama da Manifestação. Nesse modo, ele possui as seguintes características:\n· Os Ataques Normais e Carregados de Flins passam a causar Dano Electro que não pode ser substituído, e não é mais possível realizar Ataques Imersivos.\n· Aumenta a RES contra Interrupção de Flins.\n· Sua Habilidade Elemental Lei Antiga: Segredo da Lanterna Solitária será substituída pela Habilidade Elemental Especial Lança Tempestuosa do Norte.\n\nLança Tempestuosa do Norte\nFlins invoca uma formação de lanças em sua frente, causando Dano Electro em AdE e, nos próximos 6s seguintes, substitui o Supremo de Flins Ritual Antigo: Visita Noturna pelo Supremo especial **Sinfonia Trovejante**.\nA recarga base de Lança Tempestuosa do Norte é de 6s, essa recarga não é afetada por outros efeitos.","attributes":{"labels":["Dano do 1° Golpe|{param1:F1P}","Dano do 2° Golpe|{param2:F1P}","Dano do 3° Golpe|{param3:F1P}","Dano do 4° Golpe|{param4:F1P}*2","Dano do 5° Golpe|{param5:F1P}","Dano de Ataque Carregado|{param6:F1P}","Dano de Lança Tempestuosa do Norte|{param7:F1P}","Recarga de Lança Tempestuosa do Norte|{param8:F1}s","Duração da Chama da Manifestação|{param9:F1}s","Recarga da Habilidade|{param10:F1}s"],"parameters":{"param1":[0.58248,0.626166,0.669852,0.7281,0.771786,0.815472,0.87372,0.931968,0.990216,1.048464,1.106712,1.16496,1.23777,1.31058,1.38339],"param2":[0.587976,0.632074,0.676172,0.73497,0.779068,0.823166,0.881964,0.940762,0.999559,1.058357,1.117154,1.175952,1.249449,1.322946,1.396443],"param3":[0.728256,0.782875,0.837494,0.91032,0.964939,1.019558,1.092384,1.16521,1.238035,1.310861,1.383686,1.456512,1.547544,1.638576,1.729608],"param4":[0.417252,0.448546,0.47984,0.521565,0.552859,0.584153,0.625878,0.667603,0.709328,0.751054,0.792779,0.834504,0.88666,0.938817,0.990973],"param5":[1.000112,1.07512,1.150129,1.25014,1.325148,1.400157,1.500168,1.600179,1.70019,1.800202,1.900213,2.000224,2.125238,2.250252,2.375266],"param6":[1.1496,1.23582,1.32204,1.437,1.52322,1.60944,1.7244,1.83936,1.95432,2.06928,2.18424,2.2992,2.4429,2.5866,2.7303],"param7":[1.784,1.9178,2.0516,2.23,2.3638,2.4976,2.676,2.8544,3.0328,3.2112,3.3896,3.568,3.791,4.014,4.237],"param8":[6,6,6,6,6,6,6,6,6,6,6,6,6,6,6],"param9":[10,10,10,10,10,10,10,10,10,10,10,10,10,10,10],"param10":[16,16,16,16,16,16,16,16,16,16,16,16,16,16,16]}}},"combat3":{"name":"Ritual Antigo: Visita Noturna","descriptionRaw":"Flins lança o poder real de sua lâmpada, causando <color=#FFACFFFF>Dano Electro em AdE</color>, e depois de um intervalo curto, causa <color=#FFACFFFF>Dano Electro em AdE</color> que divide-se em duas vezes de Fase Intermediária, e uma vez final é considerada Dano de Carga Lunar.\n<color=#FFD780FF>Presságio Lunar: Reluzir Cheio</color>: a Habilidade é fortalecida: se houver uma Nuvem Trovejante por perto, causa <color=#FFACFFFF>Dano Electro em AdE</color> de Fase Intermediária que é considerado Dano de Carga Lunar duas vezes adicionais.\n\nNos 6s depois de lançar a Habilidade Elemental especial <color=#FFD780FF>Lança Tempestuosa do Norte</color>, o Supremo de Flins <color=#FFD780FF>Ritual Antigo: Visita Noturna</color> será substituído pelo Supremo especial <color=#FFD780FF>Sinfonia Trovejante</color>.\n\n<color=#FFD780FF>Sinfonia Trovejante</color>\nUm Supremo especial que consome menos Energia Elemental para ser lançado. Flins causa <color=#FFACFFFF>Dano Electro em AdE</color> que é considerado Dano de Carga Lunar uma vez.\n<color=#FFD780FF>Presságio Lunar: Reluzir Cheio</color>: a Habilidade é fortalecida: se houver uma Nuvem Trovejante por perto, causa <color=#FFACFFFF>Dano Electro em AdE</color> que é considerado Dano de Carga Lunar uma vez adicional.",