{
  "id": 12701,
  "name": "Illuga",
  "combat1": {
    "name": "Lança do Juramento Protetor",
    "descriptionRaw": "\u003Ccolor=#FFD780FF\u003EAtaque Normal\u003C/color\u003E\nRealiza até 4 golpes com a lança.\n\n\u003Ccolor=#FFD780FF\u003EAtaque Carregado\u003C/color\u003E\nConsome uma certa quantidade de Stamina para se lançar para a frente, infligindo Dano em seu trajeto.\n\n\u003Ccolor=#FFD780FF\u003EAtaque Imersivo\u003C/color\u003E\nMergulha em pleno ar para golpear o chão, causando dano aos inimigos ao longo do caminho e infligindo Dano em uma AdE durante o impacto.",
    "description": "Ataque Normal\nRealiza até 4 golpes com a lança.\n\nAtaque Carregado\nConsome uma certa quantidade de Stamina para se lançar para a frente, infligindo Dano em seu trajeto.\n\nAtaque Imersivo\nMergulha em pleno ar para golpear o chão, causando dano aos inimigos ao longo do caminho e infligindo Dano em uma AdE durante o impacto.",
    "attributes": {
      "labels": [
        "Dano do 1° Golpe|{param1:F1P}",
        "Dano do 2° Golpe|{param2:F1P}",
        "Dano do 3° Golpe|{param3:F1P}+{param4:F1P}",
        "Dano do 4° Golpe|{param5:F1P}",
        "Dano de Ataque Carregado|{param6:F1P}",
        "Consumo de Stamina de Ataque Carregado|{param7:F1}",
        "Dano Durante a Queda|{param8:F1P}",
        "Dano de Queda de Baixa/Alta Altitude|{param9:P}/{param10:P}"
      ],
      "parameters": {
        "param1": [0.473662, 0.512216, 0.55077, 0.605847, 0.644401, 0.688462, 0.749047, 0.809632, 0.870217, 0.936309, 1.002401, 1.068494, 1.134586, 1.200679, 1.266771],
        "param2": [0.485255, 0.524753, 0.56425, 0.620675, 0.660172, 0.705313, 0.76738, 0.829448, 0.891515, 0.959225, 1.026935, 1.094645, 1.162355, 1.230065, 1.297775],
        "param3": [0.31433, 0.339915, 0.3655, 0.40205, 0.427635, 0.456875, 0.49708, 0.537285, 0.57749, 0.62135, 0.66521, 0.70907, 0.75293, 0.79679, 0.84065],
        "param4": [0.31433, 0.339915, 0.3655, 0.40205, 0.427635, 0.456875, 0.49708, 0.537285, 0.57749, 0.62135, 0.66521, 0.70907, 0.75293, 0.79679, 0.84065],
        "param5": [0.762786, 0.824873, 0.88696, 0.975656, 1.037743, 1.1087, 1.206266, 1.303831, 1.401397, 1.507832, 1.614267, 1.720702, 1.827138, 1.933573, 2.040008],
        "param6": [1.11026, 1.20063, 1.291, 1.4201, 1.51047, 1.61375, 1.75576, 1.89777, 2.03978, 2.1947, 2.34962, 2.50454, 2.65946, 2.81438, 2.9693],
        "param7": [25, 25, 25, 25, 25, 25, 25, 25, 25, 25, 25, 25, 25, 25, 25],
        "param8": [0.639324, 0.691362, 0.7434, 0.81774, 0.869778, 0.92925, 1.011024, 1.092798, 1.174572, 1.26378, 1.352988, 1.442196, 1.531404, 1.620612, 1.70982],
        "param9": [1.278377, 1.382431, 1.486485, 1.635134, 1.739187, 1.858106, 2.02162, 2.185133, 2.348646, 2.527025, 2.705403, 2.883781, 3.062159, 3.240537, 3.418915],
        "param10": [1.596762, 1.726731, 1.8567, 2.04237, 2.172339, 2.320875, 2.525112, 2.729349, 2.933586, 3.15639, 3.379194, 3.601998, 3.824802, 4.047606, 4.27041]
      }
    }
  },
  "combat2": {
    "name": "Pássaro da Canção Matinal",
    "descriptionRaw": "Invoca um pássaro chamado Aedon para ajudar em combate. Gera efeitos diferentes se pressionar ou manter pressionado.\n\n\u003Ccolor=#FFD780FF\u003EPressionar\u003C/color\u003E\nAedon avança contra os inimigos em frente, causando \u003Ccolor=#FFE699FF\u003EDano Geo\u003C/color\u003E contra os inimigos que tocar.\n\n\u003Ccolor=#FFD780FF\u003EManter pressionado\u003C/color\u003E\nMira e lança Aedon na direção do inimigo mirado, causando \u003Ccolor=#FFE699FF\u003EDano Geo\u003C/color\u003E contra os inimigos que tocar.",
    "description": "Invoca um pássaro chamado Aedon para ajudar em combate. Gera efeitos diferentes se pressionar ou manter pressionado.\n\nPressionar\nAedon avança contra os inimigos em frente, causando Dano Geo contra os inimigos que tocar.\n\nManter pressionado\nMira e lança Aedon na direção do inimigo mirado, causando Dano Geo contra os inimigos que tocar.",
    "attributes": {
      "labels": [
        "Dano de Pressionar|{param1:P} da Proficiência Elemental + {param2:P} da DEF",
        "Manter pressionado|{param3:P} da Proficiência Elemental + {param4:P} da DEF",
        "Tempo de Recarga|{param5:F1}s"
      ],
      "parameters": {
        "param1": [4.8256, 5.18752, 5.54944, 6.032, 6.39392, 6.75584, 7.2384, 7.72096, 8.20352, 8.68608, 9.16864, 9.6512, 10.2544, 10.8576, 11.4608],
        "param2": [2.4128, 2.59376, 2.77472, 3.016, 3.19696, 3.37792, 3.6192, 3.86048, 4.10176, 4.34304, 4.58432, 4.8256, 5.1272, 5.4288, 5.7304],
        "param3": [6.032, 6.4844, 6.9368, 7.54, 7.9924, 8.4448, 9.048, 9.6512, 10.2544, 10.8576, 11.4608, 12.064, 12.818, 13.572, 14.326],
        "param4": [3.016, 3.2422, 3.4684, 3.77, 3.9962, 4.2224, 4.524, 4.8256, 5.1272, 5.4288, 5.7304, 6.032, 6.409, 6.786, 7.163],
        "param5": [15, 15, 15, 15, 15, 15, 15, 15, 15, 15, 15, 15, 15, 15, 15]
      }
    }
  },
  "combat3": {
    "name": "Reflexo Vazio",
    "descriptionRaw": "Acende uma lâmpada, causando \u003Ccolor=#FFE699FF\u003EDano Geo em AdE\u003C/color\u003E e obtendo o efeito Pesadelo de Luscinia por 20s. Nessa duração, Illuga obtém 21 acúmulos de {LINK#N11270001}\u003Ccolor=#FFD780FF\u003ECanção de Luscinia\u003C/color\u003E{/LINK}. Quando o Ataque Normal, Carregado, Imersivo, a Habilidade Elemental ou o Supremo do personagem ativo próximo causar \u003Ccolor=#FFE699FF\u003EDano Geo\u003C/color\u003E contra o inimigo, consome 1 acúmulo de Canção de Luscinia, aumentando o Dano causado. O valor do aumento é baseado na Proficiência Elemental de Illuga. Se esse Dano for Dano de Cristalização Lunar, aumenta ainda mais o Dano causado.\nQuando o \u003Ccolor=#FFE699FF\u003EDano Geo\u003C/color\u003E acima atingir mais de um inimigo simultaneamente, consumirá acúmulos de Canção de Luscinia correspondentes a quantidade de inimigos atingidos.\n\nAlém disso, quando Illuga é o personagem ativo e há uma \u003Ccolor=#FFE699FF\u003EConstrução Geo\u003C/color\u003E criada por um personagem próximo e lançar seu Supremo, ou na duração do Pesadelo de Luscinia, e quando o personagem próximo criar uma \u003Ccolor=#FFE699FF\u003EConstrução Geo\u003C/color\u003E, cada \u003Ccolor=#FFE699FF\u003EConstrução Geo\u003C/color\u003E ativa farão Illuga obter 5 acúmulos adicionais de Canção de Luscinia. Illuga pode obter até 15 acúmulos adicionais de Canção de Luscinia nos 20s após lançar um Supremo dessa forma.\n\nQuando os acúmulos de Canção de Luscinia acabarem, ou quando a duração acabar, o efeito Pesadelo de Luscinia será removido.",
    "description": "Acende uma lâmpada, causando Dano Geo em AdE e obtendo o efeito Pesadelo de Luscinia por 20s. Nessa duração, Illuga obtém 21 acúmulos de **Canção de Luscinia**. Quando o Ataque Normal, Carregado, Imersivo, a Habilidade Elemental ou o Supremo do personagem ativo próximo causar Dano Geo contra o inimigo, consome 1 acúmulo de Canção de Luscinia, aumentando o Dano causado. O valor do aumento é baseado na Proficiência Elemental de Illuga. Se esse Dano for Dano de Cristalização Lunar, aumenta ainda mais o Dano causado.\nQuando o Dano Geo acima atingir mais de um inimigo simultaneamente, consumirá acúmulos de Canção de Luscinia correspondentes a quantidade de inimigos atingidos.\n\nAlém disso, quando Illuga é o personagem ativo e há uma Construção Geo criada por um personagem próximo e lançar seu Supremo, ou na duração do Pesadelo de Luscinia, e quando o personagem próximo criar uma Construção Geo, cada Construção Geo ativa farão Illuga obter 5 acúmulos adicionais de Canção de Luscinia. Illuga pode obter até 15 acúmulos adicionais de Canção de Luscinia nos 20s após lançar um Supremo dessa forma.\n\nQuando os acúmulos de Canção de Luscinia acabarem, ou quando a duração acabar, o efeito Pesadelo de Luscinia será removido.",