{
  "1": {
    "level": 1,
    "ascension": 0,
    "attack": 49.1377,
    "specialized": 0.024
  },
  "2": {
    "level": 2,
    "ascension": 0,
    "attack": 53.9040569,
    "specialized": 0.024
  },
  "3": {
    "level": 3,
    "ascension": 0,
    "attack": 58.6704138,
    "specialized": 0.024
  },
  "4": {
    "level": 4,
    "ascension": 0,
    "attack": 63.48590840000001,
    "specialized": 0.024
  },
  "5": {
    "level": 5,
    "ascension": 0,
    "attack": 68.35054070000001,
    "specialized": 0.027888
  },
  "6": {
    "level": 6,
    "ascension": 0,
    "attack": 73.21517300000001,
    "specialized": 0.027888
  },
  "7": {
    "level": 7,
    "ascension": 0,
    "attack": 78.1780807,
    "specialized": 0.027888
  },
  "8": {
    "level": 8,
    "ascension": 0,
    "attack": 83.1409884,
    "specialized": 0.027888
  },
  "9": {
    "level": 9,
    "ascension": 0,
    "attack": 88.1038961,
    "specialized": 0.027888
  },
  "10": {
    "level": 10,
    "ascension": 0,
    "attack": 93.1159415,
    "specialized": 0.032712
  },
  "11": {
    "level": 11,
    "ascension": 0,
    "attack": 98.1771246,
    "specialized": 0.032712
  },
  "12": {
    "level": 12,
    "ascension": 0,
    "attack": 103.2874454,
    "specialized": 0.032712
  },
  "13": {
    "level": 13,
    "ascension": 0,
    "attack": 108.3977662,
    "specialized": 0.032712
  },
  "14": {
    "level": 14,
    "ascension": 0,
    "attack": 113.508087,
    "specialized": 0.032712
  },
  "15": {
    "level": 15,
    "ascension": 0,
    "attack": 118.6675455,
    "specialized": 0.037559999999999996
  },
  "16": {
    "level": 16,
    "ascension": 0,
    "attack": 123.8761417,
    "specialized": 0.037559999999999996
  },
  "17": {
    "level": 17,
    "ascension": 0,
    "attack": 129.0847379,
    "specialized": 0.037559999999999996
  },
  "18": {
    "level": 18,
    "ascension": 0,
    "attack": 134.3424718,
    "specialized": 0.037559999999999996
  },
  "19": {
    "level": 19,
    "ascension": 0,
    "attack": 139.6002057,
    "specialized": 0.037559999999999996
  },
  "20": {
    "level": 20,
    "ascension": 0,
    "attack": 144.9070773,
    "specialized": 0.042408
  },
  "21": {
    "level": 21,
    "ascension": 1,
    "attack": 181.31394889999999,
    "specialized": 0.042408
  },
  "22": {
    "level": 22,
    "ascension": 1,
    "attack": 186.6208205,
    "specialized": 0.042408
  },
  "23": {
    "level": 23,
    "ascension": 1,
    "attack": 191.9768298,
    "specialized": 0.042408
  },
  "24": {
    "level": 24,
    "ascension": 1,
    "attack": 197.3819768,
    "specialized": 0.042408
  },
  "25": {
    "level": 25,
    "ascension": 1,
    "attack": 202.7379861,
    "specialized": 0.047256000000000006
  },
  "26": {
    "level": 26,
    "ascension": 1,
    "attack": 208.19227080000002,
    "specialized": 0.047256000000000006
  },
  "27": {
    "level": 27,
    "ascension": 1,
    "attack": 213.5974178,
    "specialized": 0.047256000000000006
  },
  "28": {
    "level": 28,
    "ascension": 1,
    "attack": 219.0517025,
    "specialized": 0.047256000000000006
  },
  "29": {
    "level": 29,
    "ascension": 1,
    "attack": 224.55512489999998,
    "specialized": 0.047256000000000006
  },
  "30": {
    "level": 30,
    "ascension": 1,
    "attack": 230.05854730000001,
    "specialized": 0.052104
  },
  "31": {
    "level": 31,
    "ascension": 1,
    "attack": 235.5619697,
    "specialized": 0.052104
  },
  "32": {
    "level": 32,
    "ascension": 1,
    "attack": 241.0653921,
    "specialized": 0.052104
  },
  "33": {
    "level": 33,
    "ascension": 1,
    "attack": 246.61795220000002,
    "specialized": 0.052104
  },
  "34": {
    "level": 34,
    "ascension": 1,
    "attack": 252.17051229999998,
    "specialized": 0.052104
  },
  "35": {
    "level": 35,
    "ascension": 1,
    "attack": 257.77221010000005,
    "specialized": 0.05695200000000001
  },
  "36": {
    "level": 36,
    "ascension": 1,
    "attack": 263.37390790000006,
    "specialized": 0.05695200000000001
  },
  "37": {
    "level": 37,
    "ascension": 1,
    "attack": 268.9756057,
    "specialized": 0.05695200000000001
  },
  "38": {
    "level": 38,
    "ascension": 1,
    "attack": 274.62644120000004,
    "specialized": 0.05695200000000001
  },
  "39": {
    "level": 39,
    "ascension": 1,
    "attack": 280.2772767,
    "specialized": 0.05695200000000001
  },
  "40": {
    "level": 40,
    "ascension": 1,
    "attack": 285.92811220000004,
    "specialized": 0.06180000000000001
  },
  "41": {
    "level": 41,
    "ascension": 2,
    "attack": 322.6789477,
    "specialized": 0.06180000000000001
  },
  "42": {
    "level": 42,
    "ascension": 2,
    "attack": 328.37892089999997,
    "specialized": 0.06180000000000001
  },
  "43": {
    "level": 43,
    "ascension": 2,
    "attack": 334.0788941,
    "specialized": 0.06180000000000001
  },
  "44": {
    "level": 44,
    "ascension": 2,
    "attack": 339.828005,
    "specialized": 0.06180000000000001
  },
  "45": {
    "level": 45,
    "ascension": 2,
    "attack": 345.5771159,
    "specialized": 0.066648
  },
  "46": {
    "level": 46,
    "ascension": 2,
    "attack": 351.32622680000003,
    "specialized": 0.066648
  },
  "47": {
    "level": 47,
    "ascension": 2,
    "attack": 357.07533770000003,
    "specialized": 0.066648
  },
  "48": {
    "level": 48,
    "ascension": 2,
    "attack": 362.82444860000004,
    "specialized": 0.066648
  },
  "49": {
    "level": 49,
    "ascension": 2,
    "attack": 368.6226972,
    "specialized": 0.066648
  },
  "50": {
    "level": 50,
    "ascension": 2,
    "attack": 374.4209458,
    "specialized": 0.071496
  },
  "51": {
    "level": 51,
    "ascension": 3,
    "attack": 411.4683321,
    "specialized": 0.071496
  },
  "52": {
    "level": 52,
    "ascension": 3,
    "attack": 417.31571840000004,
    "specialized": 0.071496
  },
  "53": {
    "level": 53,
    "ascension": 3,
    "attack": 423.113967,
    "specialized": 0.071496
  },
  "54": {
    "level": 54,
    "ascension": 3,
    "attack": 429.010491,
    "specialized": 0.071496
  },
  "55": {
    "level": 55,
    "ascension": 3,
    "attack": 434.85787730000004,
    "specialized": 0.07634400000000001
  },
  "56": {
    "level": 56,
    "ascension": 3,
    "attack": 440.75440130000004,
    "specialized": 0.07634400000000001
  },
  "57": {
    "level": 57,
    "ascension": 3,
    "attack": 446.65092530000004,
    "specialized": 0.07634400000000001
  },
  "58": {
    "level": 58,
    "ascension": 3,
    "attack": 452.54744930000004,
    "specialized": 0.07634400000000001
  },
  "59": {
    "level": 59,
    "ascension": 3,
    "attack": 458.44397330000004,
    "specialized": 0.07634400000000001
  },
  "60": {
    "level": 60,
    "ascension": 3,
    "attack": 464.389635,
    "specialized": 0.081192
  },
  "61": {
    "level": 61,
    "ascension": 4,
    "attack": 501.43529670000004,
    "specialized": 0.081192
  },
  "62": {
    "level": 62,
    "ascension": 4,
    "attack": 507.3809584,
    "specialized": 0.081192
  },
  "63": {
    "level": 63,
    "ascension": 4,
    "attack": 513.3266201,
    "specialized": 0.081192
  },
  "64": {
    "level": 64,
    "ascension": 4,
    "attack": 519.3214195,
    "specialized": 0.081192
  },
  "65": {
    "level": 65,
    "ascension": 4,
    "attack": 525.3162189,
    "specialized": 0.08604
  },
  "66": {
    "level": 66,
    "ascension": 4,
    "attack": 531.3110183,
    "specialized": 0.08604
  },
  "67": {
    "level": 67,
    "ascension": 4,
    "attack": 537.3058177,
    "specialized": 0.08604
  },
  "68": {
    "level": 68,
    "ascension": 4,
    "attack": 543.3497548,
    "specialized": 0.08604
  },
  "69": {
    "level": 69,
    "ascension": 4,
    "attack": 549.3445542000001,
    "specialized": 0.08604
  },
  "70": {
    "level": 70,
    "ascension": 4,
    "attack": 555.3884913,
    "specialized": 0.090864
  },
  "71": {
    "level": 71,
    "ascension": 5,
    "attack": 592.5815661,