{
  "1": {
    "level": 1,
    "ascension": 0,
    "attack": 39.8751,
    "specialized": 0.051067
  },
  "2": {
    "level": 2,
    "ascension": 0,
    "attack": 43.104983100000005,
    "specialized": 0.051067
  },
  "3": {
    "level": 3,
    "ascension": 0,
    "attack": 46.3348662,
    "specialized": 0.051067
  },
  "4": {
    "level": 4,
    "ascension": 0,
    "attack": 49.604624400000006,
    "specialized": 0.051067
  },
  "5": {
    "level": 5,
    "ascension": 0,
    "attack": 52.8345075,
    "specialized": 0.059339854
  },
  "6": {
    "level": 6,
    "ascension": 0,
    "attack": 56.104265700000006,
    "specialized": 0.059339854
  },
  "7": {
    "level": 7,
    "ascension": 0,
    "attack": 59.37402390000001,
    "specialized": 0.059339854
  },
  "8": {
    "level": 8,
    "ascension": 0,
    "attack": 62.60390700000001,
    "specialized": 0.059339854
  },
  "9": {
    "level": 9,
    "ascension": 0,
    "attack": 65.8736652,
    "specialized": 0.059339854
  },
  "10": {
    "level": 10,
    "ascension": 0,
    "attack": 69.1434234,
    "specialized": 0.069604321
  },
  "11": {
    "level": 11,
    "ascension": 0,
    "attack": 72.4131816,
    "specialized": 0.069604321
  },
  "12": {
    "level": 12,
    "ascension": 0,
    "attack": 75.6829398,
    "specialized": 0.069604321
  },
  "13": {
    "level": 13,
    "ascension": 0,
    "attack": 78.99257310000002,
    "specialized": 0.069604321
  },
  "14": {
    "level": 14,
    "ascension": 0,
    "attack": 82.26233130000001,
    "specialized": 0.069604321
  },
  "15": {
    "level": 15,
    "ascension": 0,
    "attack": 85.53208950000001,
    "specialized": 0.079919855
  },
  "16": {
    "level": 16,
    "ascension": 0,
    "attack": 88.8018477,
    "specialized": 0.079919855
  },
  "17": {
    "level": 17,
    "ascension": 0,
    "attack": 92.11148100000001,
    "specialized": 0.079919855
  },
  "18": {
    "level": 18,
    "ascension": 0,
    "attack": 95.38123920000001,
    "specialized": 0.079919855
  },
  "19": {
    "level": 19,
    "ascension": 0,
    "attack": 98.65099740000002,
    "specialized": 0.079919855
  },
  "20": {
    "level": 20,
    "ascension": 0,
    "attack": 101.96063070000001,
    "specialized": 0.090235389
  },
  "21": {
    "level": 21,
    "ascension": 1,
    "attack": 124.7303889,
    "specialized": 0.090235389
  },
  "22": {
    "level": 22,
    "ascension": 1,
    "attack": 128.0400222,
    "specialized": 0.090235389
  },
  "23": {
    "level": 23,
    "ascension": 1,
    "attack": 131.30978040000002,
    "specialized": 0.090235389
  },
  "24": {
    "level": 24,
    "ascension": 1,
    "attack": 134.6194137,
    "specialized": 0.090235389
  },
  "25": {
    "level": 25,
    "ascension": 1,
    "attack": 137.8891719,
    "specialized": 0.100550923
  },
  "26": {
    "level": 26,
    "ascension": 1,
    "attack": 141.1988052,
    "specialized": 0.100550923
  },
  "27": {
    "level": 27,
    "ascension": 1,
    "attack": 144.4685634,
    "specialized": 0.100550923
  },
  "28": {
    "level": 28,
    "ascension": 1,
    "attack": 147.77819670000002,
    "specialized": 0.100550923
  },
  "29": {
    "level": 29,
    "ascension": 1,
    "attack": 151.0479549,
    "specialized": 0.100550923
  },
  "30": {
    "level": 30,
    "ascension": 1,
    "attack": 154.3575882,
    "specialized": 0.11086645699999999
  },
  "31": {
    "level": 31,
    "ascension": 1,
    "attack": 157.62734640000002,
    "specialized": 0.11086645699999999
  },
  "32": {
    "level": 32,
    "ascension": 1,
    "attack": 160.93697970000002,
    "specialized": 0.11086645699999999
  },
  "33": {
    "level": 33,
    "ascension": 1,
    "attack": 164.2067379,
    "specialized": 0.11086645699999999
  },
  "34": {
    "level": 34,
    "ascension": 1,
    "attack": 167.5163712,
    "specialized": 0.11086645699999999
  },
  "35": {
    "level": 35,
    "ascension": 1,
    "attack": 170.78612940000002,
    "specialized": 0.12118199100000002
  },
  "36": {
    "level": 36,
    "ascension": 1,
    "attack": 174.0957627,
    "specialized": 0.12118199100000002
  },
  "37": {
    "level": 37,
    "ascension": 1,
    "attack": 177.3655209,
    "specialized": 0.12118199100000002
  },
  "38": {
    "level": 38,
    "ascension": 1,
    "attack": 180.6751542,
    "specialized": 0.12118199100000002
  },
  "39": {
    "level": 39,
    "ascension": 1,
    "attack": 183.9449124,
    "specialized": 0.12118199100000002
  },
  "40": {
    "level": 40,
    "ascension": 1,
    "attack": 187.21467060000003,
    "specialized": 0.131497525
  },
  "41": {
    "level": 41,
    "ascension": 2,
    "attack": 209.9243039,
    "specialized": 0.131497525
  },
  "42": {
    "level": 42,
    "ascension": 2,
    "attack": 213.19406210000002,
    "specialized": 0.131497525
  },
  "43": {
    "level": 43,
    "ascension": 2,
    "attack": 216.5036954,
    "specialized": 0.131497525
  },
  "44": {
    "level": 44,
    "ascension": 2,
    "attack": 219.7734536,
    "specialized": 0.131497525
  },
  "45": {
    "level": 45,
    "ascension": 2,
    "attack": 223.04321180000002,
    "specialized": 0.14181305900000002
  },
  "46": {
    "level": 46,
    "ascension": 2,
    "attack": 226.3528451,
    "specialized": 0.14181305900000002
  },
  "47": {
    "level": 47,
    "ascension": 2,
    "attack": 229.62260330000004,
    "specialized": 0.14181305900000002
  },
  "48": {
    "level": 48,
    "ascension": 2,
    "attack": 232.89236150000002,
    "specialized": 0.14181305900000002
  },
  "49": {
    "level": 49,
    "ascension": 2,
    "attack": 236.20199480000005,
    "specialized": 0.14181305900000002
  },
  "50": {
    "level": 50,
    "ascension": 2,
    "attack": 239.47175300000004,
    "specialized": 0.152128593
  },
  "51": {
    "level": 51,
    "ascension": 3,
    "attack": 262.2415112,
    "specialized": 0.152128593
  },
  "52": {
    "level": 52,
    "ascension": 3,
    "attack": 265.5112694,
    "specialized": 0.152128593
  },
  "53": {
    "level": 53,
    "ascension": 3,
    "attack": 268.82090270000003,
    "specialized": 0.152128593
  },
  "54": {
    "level": 54,
    "ascension": 3,
    "attack": 272.0906609,
    "specialized": 0.152128593
  },
  "55": {
    "level": 55,
    "ascension": 3,
    "attack": 275.3604191,
    "specialized": 0.162444127
  },
  "56": {
    "level": 56,
    "ascension": 3,
    "attack": 278.6301773,
    "specialized": 0.162444127
  },
  "57": {
    "level": 57,
    "ascension": 3,
    "attack": 281.8999355,
    "specialized": 0.162444127
  },
  "58": {
    "level": 58,
    "ascension": 3,
    "attack": 285.2095688,
    "specialized": 0.162444127
  },
  "59": {
    "level": 59,
    "ascension": 3,
    "attack": 288.479327,
    "specialized": 0.162444127
  },
  "60": {
    "level": 60,
    "ascension": 3,
    "attack": 291.7490852,
    "specialized": 0.172759661
  },
  "61": {
    "level": 61,
    "ascension": 4,
    "attack": 314.4188434,
    "specialized": 0.172759661
  },
  "62": {
    "level": 62,
    "ascension": 4,
    "attack": 317.6886016,
    "specialized": 0.172759661
  },
  "63": {
    "level": 63,
    "ascension": 4,
    "attack": 320.95835980000004,
    "specialized": 0.172759661
  },
  "64": {
    "level": 64,
    "ascension": 4,
    "attack": 324.228118,
    "specialized": 0.172759661
  },
  "65": {
    "level": 65,
    "ascension": 4,
    "attack": 327.4978762,
    "specialized": 0.183075195
  },
  "66": {
    "level": 66,
    "ascension": 4,
    "attack": 330.7676344,
    "specialized": 0.183075195
  },
  "67": {
    "level": 67,
    "ascension": 4,
    "attack": 334.0772677,
    "specialized": 0.183075195
  },
  "68": {
    "level": 68,
    "ascension": 4,
    "attack": 337.34702590000006,
    "specialized": 0.183075195
  },
  "69": {
    "level": 69,
    "ascension": 4,
    "attack": 340.6167841,
    "specialized": 0.183075195
  },
  "70": {
    "level": 70,
    "ascension": 4,
    "attack": 343.88654230000003,
    "specialized": 0.193339662
  },
  "71": {
    "level": 71,