{
  "1": {
    "level": 1,
    "ascension": 0,
    "attack": 43.7349,
    "specialized": 24
  },
  "2": {
    "level": 2,
    "ascension": 0,
    "attack": 47.58357120000001,
    "specialized": 24
  },
  "3": {
    "level": 3,
    "ascension": 0,
    "attack": 51.4322424,
    "specialized": 24
  },
  "4": {
    "level": 4,
    "ascension": 0,
    "attack": 55.280913600000005,
    "specialized": 24
  },
  "5": {
    "level": 5,
    "ascension": 0,
    "attack": 59.1733197,
    "specialized": 27.887999999999998
  },
  "6": {
    "level": 6,
    "ascension": 0,
    "attack": 63.0657258,
    "specialized": 27.887999999999998
  },
  "7": {
    "level": 7,
    "ascension": 0,
    "attack": 66.9581319,
    "specialized": 27.887999999999998
  },
  "8": {
    "level": 8,
    "ascension": 0,
    "attack": 70.8942729,
    "specialized": 27.887999999999998
  },
  "9": {
    "level": 9,
    "ascension": 0,
    "attack": 74.786679,
    "specialized": 27.887999999999998
  },
  "10": {
    "level": 10,
    "ascension": 0,
    "attack": 78.72282000000001,
    "specialized": 32.712
  },
  "11": {
    "level": 11,
    "ascension": 0,
    "attack": 82.70269590000001,
    "specialized": 32.712
  },
  "12": {
    "level": 12,
    "ascension": 0,
    "attack": 86.63883690000002,
    "specialized": 32.712
  },
  "13": {
    "level": 13,
    "ascension": 0,
    "attack": 90.61871280000001,
    "specialized": 32.712
  },
  "14": {
    "level": 14,
    "ascension": 0,
    "attack": 94.5548538,
    "specialized": 32.712
  },
  "15": {
    "level": 15,
    "ascension": 0,
    "attack": 98.53472970000001,
    "specialized": 37.56
  },
  "16": {
    "level": 16,
    "ascension": 0,
    "attack": 102.55834050000001,
    "specialized": 37.56
  },
  "17": {
    "level": 17,
    "ascension": 0,
    "attack": 106.53821640000001,
    "specialized": 37.56
  },
  "18": {
    "level": 18,
    "ascension": 0,
    "attack": 110.51809230000002,
    "specialized": 37.56
  },
  "19": {
    "level": 19,
    "ascension": 0,
    "attack": 114.54170310000002,
    "specialized": 37.56
  },
  "20": {
    "level": 20,
    "ascension": 0,
    "attack": 118.5653139,
    "specialized": 42.408
  },
  "21": {
    "level": 21,
    "ascension": 1,
    "attack": 148.4889247,
    "specialized": 42.408
  },
  "22": {
    "level": 22,
    "ascension": 1,
    "attack": 152.5125355,
    "specialized": 42.408
  },
  "23": {
    "level": 23,
    "ascension": 1,
    "attack": 156.5361463,
    "specialized": 42.408
  },
  "24": {
    "level": 24,
    "ascension": 1,
    "attack": 160.60349200000002,
    "specialized": 42.408
  },
  "25": {
    "level": 25,
    "ascension": 1,
    "attack": 164.62710280000002,
    "specialized": 47.256
  },
  "26": {
    "level": 26,
    "ascension": 1,
    "attack": 168.69444850000002,
    "specialized": 47.256
  },
  "27": {
    "level": 27,
    "ascension": 1,
    "attack": 172.76179420000003,
    "specialized": 47.256
  },
  "28": {
    "level": 28,
    "ascension": 1,
    "attack": 176.82913990000003,
    "specialized": 47.256
  },
  "29": {
    "level": 29,
    "ascension": 1,
    "attack": 180.8964856,
    "specialized": 47.256
  },
  "30": {
    "level": 30,
    "ascension": 1,
    "attack": 184.9638313,
    "specialized": 52.104
  },
  "31": {
    "level": 31,
    "ascension": 1,
    "attack": 189.07491190000002,
    "specialized": 52.104
  },
  "32": {
    "level": 32,
    "ascension": 1,
    "attack": 193.14225760000002,
    "specialized": 52.104
  },
  "33": {
    "level": 33,
    "ascension": 1,
    "attack": 197.25333820000003,
    "specialized": 52.104
  },
  "34": {
    "level": 34,
    "ascension": 1,
    "attack": 201.32068390000003,
    "specialized": 52.104
  },
  "35": {
    "level": 35,
    "ascension": 1,
    "attack": 205.43176450000004,
    "specialized": 56.952000000000005
  },
  "36": {
    "level": 36,
    "ascension": 1,
    "attack": 209.54284510000002,
    "specialized": 56.952000000000005
  },
  "37": {
    "level": 37,
    "ascension": 1,
    "attack": 213.65392570000003,
    "specialized": 56.952000000000005
  },
  "38": {
    "level": 38,
    "ascension": 1,
    "attack": 217.7650063,
    "specialized": 56.952000000000005
  },
  "39": {
    "level": 39,
    "ascension": 1,
    "attack": 221.87608690000002,
    "specialized": 56.952000000000005
  },
  "40": {
    "level": 40,
    "ascension": 1,
    "attack": 225.98716750000003,
    "specialized": 61.800000000000004
  },
  "41": {
    "level": 41,
    "ascension": 2,
    "attack": 256.0982481,
    "specialized": 61.800000000000004
  },
  "42": {
    "level": 42,
    "ascension": 2,
    "attack": 260.2093287,
    "specialized": 61.800000000000004
  },
  "43": {
    "level": 43,
    "ascension": 2,
    "attack": 264.3641442,
    "specialized": 61.800000000000004
  },
  "44": {
    "level": 44,
    "ascension": 2,
    "attack": 268.4752248,
    "specialized": 61.800000000000004
  },
  "45": {
    "level": 45,
    "ascension": 2,
    "attack": 272.6300403,
    "specialized": 66.648
  },
  "46": {
    "level": 46,
    "ascension": 2,
    "attack": 276.7848558,
    "specialized": 66.648
  },
  "47": {
    "level": 47,
    "ascension": 2,
    "attack": 280.8959364,
    "specialized": 66.648
  },
  "48": {
    "level": 48,
    "ascension": 2,
    "attack": 285.0507519,
    "specialized": 66.648
  },
  "49": {
    "level": 49,
    "ascension": 2,
    "attack": 289.2055674,
    "specialized": 66.648
  },
  "50": {
    "level": 50,
    "ascension": 2,
    "attack": 293.3603829,
    "specialized": 71.49600000000001
  },
  "51": {
    "level": 51,
    "ascension": 3,
    "attack": 323.4151984,
    "specialized": 71.49600000000001
  },
  "52": {
    "level": 52,
    "ascension": 3,
    "attack": 327.57001390000005,
    "specialized": 71.49600000000001
  },
  "53": {
    "level": 53,
    "ascension": 3,
    "attack": 331.72482940000003,
    "specialized": 71.49600000000001
  },
  "54": {
    "level": 54,
    "ascension": 3,
    "attack": 335.8796449,
    "specialized": 71.49600000000001
  },
  "55": {
    "level": 55,
    "ascension": 3,
    "attack": 340.03446040000006,
    "specialized": 76.344
  },
  "56": {
    "level": 56,
    "ascension": 3,
    "attack": 344.2330108,
    "specialized": 76.344
  },
  "57": {
    "level": 57,
    "ascension": 3,
    "attack": 348.38782630000003,
    "specialized": 76.344
  },
  "58": {
    "level": 58,
    "ascension": 3,
    "attack": 352.5426418,
    "specialized": 76.344
  },
  "59": {
    "level": 59,
    "ascension": 3,
    "attack": 356.74119220000006,
    "specialized": 76.344
  },
  "60": {
    "level": 60,
    "ascension": 3,
    "attack": 360.89600770000004,
    "specialized": 81.19200000000001
  },
  "61": {
    "level": 61,
    "ascension": 4,
    "attack": 390.9945581,
    "specialized": 81.19200000000001
  },
  "62": {
    "level": 62,
    "ascension": 4,
    "attack": 395.1493736,
    "specialized": 81.19200000000001
  },
  "63": {
    "level": 63,
    "ascension": 4,
    "attack": 399.347924,
    "specialized": 81.19200000000001
  },
  "64": {
    "level": 64,
    "ascension": 4,
    "attack": 403.5464744,
    "specialized": 81.19200000000001
  },
  "65": {
    "level": 65,
    "ascension": 4,
    "attack": 407.7012899,
    "specialized": 86.03999999999999
  },
  "66": {
    "level": 66,
    "ascension": 4,
    "attack": 411.8998403,
    "specialized": 86.03999999999999
  },
  "67": {
    "level": 67,
    "ascension": 4,
    "attack": 416.0983907,
    "specialized": 86.03999999999999
  },
  "68": {
    "level": 68,
    "ascension": 4,
    "attack": 420.2969411,
    "specialized": 86.03999999999999
  },
  "69": {
    "level": 69,
    "ascension": 4,
    "attack": 424.4954915,
    "specialized": 86.03999999999999
  },
  "70": {
    "level": 70,
    "ascension": 4,
    "attack": 428.6940419,
    "specialized": 90.864
  },
  "71": {
    "level": 71,
    "ascension": 5,
    "attack": 458.89259230000005,
    "specialized": 90.864
  },
  "72": {
    "level": 72,