{
  "1": {
    "level": 1,
    "ascension": 0,
    "attack": 42.401,
    "specialized": 0.09
  },
  "2": {
    "level": 2,
    "ascension": 0,
    "attack": 45.920283000000005,
    "specialized": 0.09
  },
  "3": {
    "level": 3,
    "ascension": 0,
    "attack": 49.39716500000001,
    "specialized": 0.09
  },
  "4": {
    "level": 4,
    "ascension": 0,
    "attack": 52.916448,
    "specialized": 0.09
  },
  "5": {
    "level": 5,
    "ascension": 0,
    "attack": 56.393330000000006,
    "specialized": 0.10457999999999999
  },
  "6": {
    "level": 6,
    "ascension": 0,
    "attack": 59.91261300000001,
    "specialized": 0.10457999999999999
  },
  "7": {
    "level": 7,
    "ascension": 0,
    "attack": 63.38949500000001,
    "specialized": 0.10457999999999999
  },
  "8": {
    "level": 8,
    "ascension": 0,
    "attack": 66.90877800000001,
    "specialized": 0.10457999999999999
  },
  "9": {
    "level": 9,
    "ascension": 0,
    "attack": 70.42806100000001,
    "specialized": 0.10457999999999999
  },
  "10": {
    "level": 10,
    "ascension": 0,
    "attack": 73.90494300000002,
    "specialized": 0.12267
  },
  "11": {
    "level": 11,
    "ascension": 0,
    "attack": 77.424226,
    "specialized": 0.12267
  },
  "12": {
    "level": 12,
    "ascension": 0,
    "attack": 80.90110800000001,
    "specialized": 0.12267
  },
  "13": {
    "level": 13,
    "ascension": 0,
    "attack": 84.42039100000001,
    "specialized": 0.12267
  },
  "14": {
    "level": 14,
    "ascension": 0,
    "attack": 87.897273,
    "specialized": 0.12267
  },
  "15": {
    "level": 15,
    "ascension": 0,
    "attack": 91.41655600000001,
    "specialized": 0.14085
  },
  "16": {
    "level": 16,
    "ascension": 0,
    "attack": 94.935839,
    "specialized": 0.14085
  },
  "17": {
    "level": 17,
    "ascension": 0,
    "attack": 98.41272100000002,
    "specialized": 0.14085
  },
  "18": {
    "level": 18,
    "ascension": 0,
    "attack": 101.932004,
    "specialized": 0.14085
  },
  "19": {
    "level": 19,
    "ascension": 0,
    "attack": 105.40888600000002,
    "specialized": 0.14085
  },
  "20": {
    "level": 20,
    "ascension": 0,
    "attack": 108.92816900000001,
    "specialized": 0.15902999999999998
  },
  "21": {
    "level": 21,
    "ascension": 1,
    "attack": 138.305051,
    "specialized": 0.15902999999999998
  },
  "22": {
    "level": 22,
    "ascension": 1,
    "attack": 141.824334,
    "specialized": 0.15902999999999998
  },
  "23": {
    "level": 23,
    "ascension": 1,
    "attack": 145.34361700000002,
    "specialized": 0.15902999999999998
  },
  "24": {
    "level": 24,
    "ascension": 1,
    "attack": 148.820499,
    "specialized": 0.15902999999999998
  },
  "25": {
    "level": 25,
    "ascension": 1,
    "attack": 152.339782,
    "specialized": 0.17721
  },
  "26": {
    "level": 26,
    "ascension": 1,
    "attack": 155.81666400000003,
    "specialized": 0.17721
  },
  "27": {
    "level": 27,
    "ascension": 1,
    "attack": 159.335947,
    "specialized": 0.17721
  },
  "28": {
    "level": 28,
    "ascension": 1,
    "attack": 162.81282900000002,
    "specialized": 0.17721
  },
  "29": {
    "level": 29,
    "ascension": 1,
    "attack": 166.33211200000002,
    "specialized": 0.17721
  },
  "30": {
    "level": 30,
    "ascension": 1,
    "attack": 169.808994,
    "specialized": 0.19538999999999998
  },
  "31": {
    "level": 31,
    "ascension": 1,
    "attack": 173.328277,
    "specialized": 0.19538999999999998
  },
  "32": {
    "level": 32,
    "ascension": 1,
    "attack": 176.84756000000002,
    "specialized": 0.19538999999999998
  },
  "33": {
    "level": 33,
    "ascension": 1,
    "attack": 180.324442,
    "specialized": 0.19538999999999998
  },
  "34": {
    "level": 34,
    "ascension": 1,
    "attack": 183.84372500000003,
    "specialized": 0.19538999999999998
  },
  "35": {
    "level": 35,
    "ascension": 1,
    "attack": 187.32060700000002,
    "specialized": 0.21357
  },
  "36": {
    "level": 36,
    "ascension": 1,
    "attack": 190.83989000000003,
    "specialized": 0.21357
  },
  "37": {
    "level": 37,
    "ascension": 1,
    "attack": 194.31677200000001,
    "specialized": 0.21357
  },
  "38": {
    "level": 38,
    "ascension": 1,
    "attack": 197.83605500000002,
    "specialized": 0.21357
  },
  "39": {
    "level": 39,
    "ascension": 1,
    "attack": 201.35533800000002,
    "specialized": 0.21357
  },
  "40": {
    "level": 40,
    "ascension": 1,
    "attack": 204.83222,
    "specialized": 0.23175
  },
  "41": {
    "level": 41,
    "ascension": 2,
    "attack": 234.351503,
    "specialized": 0.23175
  },
  "42": {
    "level": 42,
    "ascension": 2,
    "attack": 237.828385,
    "specialized": 0.23175
  },
  "43": {
    "level": 43,
    "ascension": 2,
    "attack": 241.34766800000003,
    "specialized": 0.23175
  },
  "44": {
    "level": 44,
    "ascension": 2,
    "attack": 244.82455000000002,
    "specialized": 0.23175
  },
  "45": {
    "level": 45,
    "ascension": 2,
    "attack": 248.34383300000002,
    "specialized": 0.24993
  },
  "46": {
    "level": 46,
    "ascension": 2,
    "attack": 251.86311600000002,
    "specialized": 0.24993
  },
  "47": {
    "level": 47,
    "ascension": 2,
    "attack": 255.33999800000004,
    "specialized": 0.24993
  },
  "48": {
    "level": 48,
    "ascension": 2,
    "attack": 258.859281,
    "specialized": 0.24993
  },
  "49": {
    "level": 49,
    "ascension": 2,
    "attack": 262.336163,
    "specialized": 0.24993
  },
  "50": {
    "level": 50,
    "ascension": 2,
    "attack": 265.85544600000003,
    "specialized": 0.26811
  },
  "51": {
    "level": 51,
    "ascension": 3,
    "attack": 295.232328,
    "specialized": 0.26811
  },
  "52": {
    "level": 52,
    "ascension": 3,
    "attack": 298.751611,
    "specialized": 0.26811
  },
  "53": {
    "level": 53,
    "ascension": 3,
    "attack": 302.270894,
    "specialized": 0.26811
  },
  "54": {
    "level": 54,
    "ascension": 3,
    "attack": 305.74777600000004,
    "specialized": 0.26811
  },
  "55": {
    "level": 55,
    "ascension": 3,
    "attack": 309.267059,
    "specialized": 0.28629
  },
  "56": {
    "level": 56,
    "ascension": 3,
    "attack": 312.743941,
    "specialized": 0.28629
  },
  "57": {
    "level": 57,
    "ascension": 3,
    "attack": 316.263224,
    "specialized": 0.28629
  },
  "58": {
    "level": 58,
    "ascension": 3,
    "attack": 319.740106,
    "specialized": 0.28629
  },
  "59": {
    "level": 59,
    "ascension": 3,
    "attack": 323.259389,
    "specialized": 0.28629
  },
  "60": {
    "level": 60,
    "ascension": 3,
    "attack": 326.77867200000003,
    "specialized": 0.30446999999999996
  },
  "61": {
    "level": 61,
    "ascension": 4,
    "attack": 356.155554,
    "specialized": 0.30446999999999996
  },
  "62": {
    "level": 62,
    "ascension": 4,
    "attack": 359.674837,
    "specialized": 0.30446999999999996
  },
  "63": {
    "level": 63,
    "ascension": 4,
    "attack": 363.151719,
    "specialized": 0.30446999999999996
  },
  "64": {
    "level": 64,
    "ascension": 4,
    "attack": 366.671002,
    "specialized": 0.30446999999999996
  },
  "65": {
    "level": 65,
    "ascension": 4,
    "attack": 370.147884,
    "specialized": 0.32265
  },
  "66": {
    "level": 66,
    "ascension": 4,
    "attack": 373.667167,
    "specialized": 0.32265
  },
  "67": {
    "level": 67,
    "ascension": 4,
    "attack": 377.18645000000004,
    "specialized": 0.32265
  },
  "68": {
    "level": 68,
    "ascension": 4,
    "attack": 380.663332,
    "specialized": 0.32265
  },
  "69": {
    "level": 69,
    "ascension": 4,
    "attack": 384.182615,
    "specialized": 0.32265
  },
  "70": {
    "level": 70,
    "ascension": 4,
    "attack": 387.659497,
    "specialized": 0.34074
  },
  "71": {
    "level": 71,
    "ascension": 5,
    "attack": 417.17878,
    "specialized": 0.34074
  },
  "72": {
    "level": 72,
    "ascension": 5,
    "attack": 420.655662,