{
  "1": {
    "level": 1,
    "ascension": 0,
    "attack": 41.0671,
    "specialized": 0.08
  },
  "2": {
    "level": 2,
    "ascension": 0,
    "attack": 44.229266700000004,
    "specialized": 0.08
  },
  "3": {
    "level": 3,
    "ascension": 0,
    "attack": 47.391433400000004,
    "specialized": 0.08
  },
  "4": {
    "level": 4,
    "ascension": 0,
    "attack": 50.512533000000005,
    "specialized": 0.08
  },
  "5": {
    "level": 5,
    "ascension": 0,
    "attack": 53.633632600000006,
    "specialized": 0.09296
  },
  "6": {
    "level": 6,
    "ascension": 0,
    "attack": 56.7547322,
    "specialized": 0.09296
  },
  "7": {
    "level": 7,
    "ascension": 0,
    "attack": 59.83476470000001,
    "specialized": 0.09296
  },
  "8": {
    "level": 8,
    "ascension": 0,
    "attack": 62.9558643,
    "specialized": 0.09296
  },
  "9": {
    "level": 9,
    "ascension": 0,
    "attack": 65.99482970000001,
    "specialized": 0.09296
  },
  "10": {
    "level": 10,
    "ascension": 0,
    "attack": 69.0748622,
    "specialized": 0.10904
  },
  "11": {
    "level": 11,
    "ascension": 0,
    "attack": 72.1548947,
    "specialized": 0.10904
  },
  "12": {
    "level": 12,
    "ascension": 0,
    "attack": 75.19386010000001,
    "specialized": 0.10904
  },
  "13": {
    "level": 13,
    "ascension": 0,
    "attack": 78.2328255,
    "specialized": 0.10904
  },
  "14": {
    "level": 14,
    "ascension": 0,
    "attack": 81.27179090000001,
    "specialized": 0.10904
  },
  "15": {
    "level": 15,
    "ascension": 0,
    "attack": 84.2696892,
    "specialized": 0.1252
  },
  "16": {
    "level": 16,
    "ascension": 0,
    "attack": 87.3086546,
    "specialized": 0.1252
  },
  "17": {
    "level": 17,
    "ascension": 0,
    "attack": 90.3065529,
    "specialized": 0.1252
  },
  "18": {
    "level": 18,
    "ascension": 0,
    "attack": 93.3044512,
    "specialized": 0.1252
  },
  "19": {
    "level": 19,
    "ascension": 0,
    "attack": 96.30234950000002,
    "specialized": 0.1252
  },
  "20": {
    "level": 20,
    "ascension": 0,
    "attack": 99.2591807,
    "specialized": 0.14135999999999999
  },
  "21": {
    "level": 21,
    "ascension": 1,
    "attack": 128.157079,
    "specialized": 0.14135999999999999
  },
  "22": {
    "level": 22,
    "ascension": 1,
    "attack": 131.1139102,
    "specialized": 0.14135999999999999
  },
  "23": {
    "level": 23,
    "ascension": 1,
    "attack": 134.0707414,
    "specialized": 0.14135999999999999
  },
  "24": {
    "level": 24,
    "ascension": 1,
    "attack": 137.0686397,
    "specialized": 0.14135999999999999
  },
  "25": {
    "level": 25,
    "ascension": 1,
    "attack": 139.9844038,
    "specialized": 0.15752000000000002
  },
  "26": {
    "level": 26,
    "ascension": 1,
    "attack": 142.941235,
    "specialized": 0.15752000000000002
  },
  "27": {
    "level": 27,
    "ascension": 1,
    "attack": 145.89806620000002,
    "specialized": 0.15752000000000002
  },
  "28": {
    "level": 28,
    "ascension": 1,
    "attack": 148.8138303,
    "specialized": 0.15752000000000002
  },
  "29": {
    "level": 29,
    "ascension": 1,
    "attack": 151.77066150000002,
    "specialized": 0.15752000000000002
  },
  "30": {
    "level": 30,
    "ascension": 1,
    "attack": 154.68642560000004,
    "specialized": 0.17368
  },
  "31": {
    "level": 31,
    "ascension": 1,
    "attack": 157.6021897,
    "specialized": 0.17368
  },
  "32": {
    "level": 32,
    "ascension": 1,
    "attack": 160.51795380000002,
    "specialized": 0.17368
  },
  "33": {
    "level": 33,
    "ascension": 1,
    "attack": 163.43371790000003,
    "specialized": 0.17368
  },
  "34": {
    "level": 34,
    "ascension": 1,
    "attack": 166.34948200000002,
    "specialized": 0.17368
  },
  "35": {
    "level": 35,
    "ascension": 1,
    "attack": 169.22417900000002,
    "specialized": 0.18984
  },
  "36": {
    "level": 36,
    "ascension": 1,
    "attack": 172.1399431,
    "specialized": 0.18984
  },
  "37": {
    "level": 37,
    "ascension": 1,
    "attack": 175.05570720000003,
    "specialized": 0.18984
  },
  "38": {
    "level": 38,
    "ascension": 1,
    "attack": 177.93040420000003,
    "specialized": 0.18984
  },
  "39": {
    "level": 39,
    "ascension": 1,
    "attack": 180.80510120000002,
    "specialized": 0.18984
  },
  "40": {
    "level": 40,
    "ascension": 1,
    "attack": 183.67979820000002,
    "specialized": 0.20600000000000002
  },
  "41": {
    "level": 41,
    "ascension": 2,
    "attack": 212.5955623,
    "specialized": 0.20600000000000002
  },
  "42": {
    "level": 42,
    "ascension": 2,
    "attack": 215.47025930000004,
    "specialized": 0.20600000000000002
  },
  "43": {
    "level": 43,
    "ascension": 2,
    "attack": 218.3449563,
    "specialized": 0.20600000000000002
  },
  "44": {
    "level": 44,
    "ascension": 2,
    "attack": 221.1785862,
    "specialized": 0.20600000000000002
  },
  "45": {
    "level": 45,
    "ascension": 2,
    "attack": 224.05328320000004,
    "specialized": 0.22216000000000002
  },
  "46": {
    "level": 46,
    "ascension": 2,
    "attack": 226.9279802,
    "specialized": 0.22216000000000002
  },
  "47": {
    "level": 47,
    "ascension": 2,
    "attack": 229.8026772,
    "specialized": 0.22216000000000002
  },
  "48": {
    "level": 48,
    "ascension": 2,
    "attack": 232.6363071,
    "specialized": 0.22216000000000002
  },
  "49": {
    "level": 49,
    "ascension": 2,
    "attack": 235.51100410000004,
    "specialized": 0.22216000000000002
  },
  "50": {
    "level": 50,
    "ascension": 2,
    "attack": 238.344634,
    "specialized": 0.23832
  },
  "51": {
    "level": 51,
    "ascension": 3,
    "attack": 267.0782639,
    "specialized": 0.23832
  },
  "52": {
    "level": 52,
    "ascension": 3,
    "attack": 269.95296090000005,
    "specialized": 0.23832
  },
  "53": {
    "level": 53,
    "ascension": 3,
    "attack": 272.7865908,
    "specialized": 0.23832
  },
  "54": {
    "level": 54,
    "ascension": 3,
    "attack": 275.6202207,
    "specialized": 0.23832
  },
  "55": {
    "level": 55,
    "ascension": 3,
    "attack": 278.4538506,
    "specialized": 0.25448
  },
  "56": {
    "level": 56,
    "ascension": 3,
    "attack": 281.2874805,
    "specialized": 0.25448
  },
  "57": {
    "level": 57,
    "ascension": 3,
    "attack": 284.1211104,
    "specialized": 0.25448
  },
  "58": {
    "level": 58,
    "ascension": 3,
    "attack": 286.9547403,
    "specialized": 0.25448
  },
  "59": {
    "level": 59,
    "ascension": 3,
    "attack": 289.78837020000003,
    "specialized": 0.25448
  },
  "60": {
    "level": 60,
    "ascension": 3,
    "attack": 292.62200010000004,
    "specialized": 0.27064
  },
  "61": {
    "level": 61,
    "ascension": 4,
    "attack": 321.35563,
    "specialized": 0.27064
  },
  "62": {
    "level": 62,
    "ascension": 4,
    "attack": 324.14819280000006,
    "specialized": 0.27064
  },
  "63": {
    "level": 63,
    "ascension": 4,
    "attack": 326.9818227,
    "specialized": 0.27064
  },
  "64": {
    "level": 64,
    "ascension": 4,
    "attack": 329.8154526,
    "specialized": 0.27064
  },
  "65": {
    "level": 65,
    "ascension": 4,
    "attack": 332.6080154,
    "specialized": 0.2868
  },
  "66": {
    "level": 66,
    "ascension": 4,
    "attack": 335.4416453,
    "specialized": 0.2868
  },
  "67": {
    "level": 67,
    "ascension": 4,
    "attack": 338.23420810000005,
    "specialized": 0.2868
  },
  "68": {
    "level": 68,
    "ascension": 4,
    "attack": 341.06783800000005,
    "specialized": 0.2868
  },
  "69": {
    "level": 69,
    "ascension": 4,
    "attack": 343.86040080000004,
    "specialized": 0.2868
  },
  "70": {
    "level": 70,
    "ascension": 4,
    "attack": 346.6529636,
    "specialized": 0.30288
  },
  "71": {
    "level": 71,
    "ascension": 5,
    "attack": 375.4865935,
    "specialized": 0.30288
  },
  "72": {
    "level": 72,
    "ascension": 5,
    "attack": 378.2791563,