{
  "1": {
    "level": 1,
    "ascension": 0,
    "attack": 45.0687,
    "specialized": 0.02
  },
  "2": {
    "level": 2,
    "ascension": 0,
    "attack": 49.2600891,
    "specialized": 0.02
  },
  "3": {
    "level": 3,
    "ascension": 0,
    "attack": 53.4514782,
    "specialized": 0.02
  },
  "4": {
    "level": 4,
    "ascension": 0,
    "attack": 57.687936,
    "specialized": 0.02
  },
  "5": {
    "level": 5,
    "ascension": 0,
    "attack": 61.9243938,
    "specialized": 0.02324
  },
  "6": {
    "level": 6,
    "ascension": 0,
    "attack": 66.2059203,
    "specialized": 0.02324
  },
  "7": {
    "level": 7,
    "ascension": 0,
    "attack": 70.5325155,
    "specialized": 0.02324
  },
  "8": {
    "level": 8,
    "ascension": 0,
    "attack": 74.8591107,
    "specialized": 0.02324
  },
  "9": {
    "level": 9,
    "ascension": 0,
    "attack": 79.1857059,
    "specialized": 0.02324
  },
  "10": {
    "level": 10,
    "ascension": 0,
    "attack": 83.5573698,
    "specialized": 0.02726
  },
  "11": {
    "level": 11,
    "ascension": 0,
    "attack": 87.9741024,
    "specialized": 0.02726
  },
  "12": {
    "level": 12,
    "ascension": 0,
    "attack": 92.3457663,
    "specialized": 0.02726
  },
  "13": {
    "level": 13,
    "ascension": 0,
    "attack": 96.7624989,
    "specialized": 0.02726
  },
  "14": {
    "level": 14,
    "ascension": 0,
    "attack": 101.2243002,
    "specialized": 0.02726
  },
  "15": {
    "level": 15,
    "ascension": 0,
    "attack": 105.6861015,
    "specialized": 0.0313
  },
  "16": {
    "level": 16,
    "ascension": 0,
    "attack": 110.1479028,
    "specialized": 0.0313
  },
  "17": {
    "level": 17,
    "ascension": 0,
    "attack": 114.6547728,
    "specialized": 0.0313
  },
  "18": {
    "level": 18,
    "ascension": 0,
    "attack": 119.1616428,
    "specialized": 0.0313
  },
  "19": {
    "level": 19,
    "ascension": 0,
    "attack": 123.6685128,
    "specialized": 0.0313
  },
  "20": {
    "level": 20,
    "ascension": 0,
    "attack": 128.2204515,
    "specialized": 0.03534
  },
  "21": {
    "level": 21,
    "ascension": 1,
    "attack": 158.6723902,
    "specialized": 0.03534
  },
  "22": {
    "level": 22,
    "ascension": 1,
    "attack": 163.2243289,
    "specialized": 0.03534
  },
  "23": {
    "level": 23,
    "ascension": 1,
    "attack": 167.7762676,
    "specialized": 0.03534
  },
  "24": {
    "level": 24,
    "ascension": 1,
    "attack": 172.373275,
    "specialized": 0.03534
  },
  "25": {
    "level": 25,
    "ascension": 1,
    "attack": 176.9702824,
    "specialized": 0.03938
  },
  "26": {
    "level": 26,
    "ascension": 1,
    "attack": 181.5672898,
    "specialized": 0.03938
  },
  "27": {
    "level": 27,
    "ascension": 1,
    "attack": 186.2093659,
    "specialized": 0.03938
  },
  "28": {
    "level": 28,
    "ascension": 1,
    "attack": 190.851442,
    "specialized": 0.03938
  },
  "29": {
    "level": 29,
    "ascension": 1,
    "attack": 195.4484494,
    "specialized": 0.03938
  },
  "30": {
    "level": 30,
    "ascension": 1,
    "attack": 200.1355942,
    "specialized": 0.04342
  },
  "31": {
    "level": 31,
    "ascension": 1,
    "attack": 204.7776703,
    "specialized": 0.04342
  },
  "32": {
    "level": 32,
    "ascension": 1,
    "attack": 209.4648151,
    "specialized": 0.04342
  },
  "33": {
    "level": 33,
    "ascension": 1,
    "attack": 214.1519599,
    "specialized": 0.04342
  },
  "34": {
    "level": 34,
    "ascension": 1,
    "attack": 218.8391047,
    "specialized": 0.04342
  },
  "35": {
    "level": 35,
    "ascension": 1,
    "attack": 223.5262495,
    "specialized": 0.04746
  },
  "36": {
    "level": 36,
    "ascension": 1,
    "attack": 228.2133943,
    "specialized": 0.04746
  },
  "37": {
    "level": 37,
    "ascension": 1,
    "attack": 232.9456078,
    "specialized": 0.04746
  },
  "38": {
    "level": 38,
    "ascension": 1,
    "attack": 237.6778213,
    "specialized": 0.04746
  },
  "39": {
    "level": 39,
    "ascension": 1,
    "attack": 242.3649661,
    "specialized": 0.04746
  },
  "40": {
    "level": 40,
    "ascension": 1,
    "attack": 247.1422483,
    "specialized": 0.0515
  },
  "41": {
    "level": 41,
    "ascension": 2,
    "attack": 277.8744618,
    "specialized": 0.0515
  },
  "42": {
    "level": 42,
    "ascension": 2,
    "attack": 282.6066753,
    "specialized": 0.0515
  },
  "43": {
    "level": 43,
    "ascension": 2,
    "attack": 287.3839575,
    "specialized": 0.0515
  },
  "44": {
    "level": 44,
    "ascension": 2,
    "attack": 292.116171,
    "specialized": 0.0515
  },
  "45": {
    "level": 45,
    "ascension": 2,
    "attack": 296.8934532,
    "specialized": 0.05554
  },
  "46": {
    "level": 46,
    "ascension": 2,
    "attack": 301.6707354,
    "specialized": 0.05554
  },
  "47": {
    "level": 47,
    "ascension": 2,
    "attack": 306.4480176,
    "specialized": 0.05554
  },
  "48": {
    "level": 48,
    "ascension": 2,
    "attack": 311.2703685,
    "specialized": 0.05554
  },
  "49": {
    "level": 49,
    "ascension": 2,
    "attack": 316.0476507,
    "specialized": 0.05554
  },
  "50": {
    "level": 50,
    "ascension": 2,
    "attack": 320.8700016,
    "specialized": 0.05958
  },
  "51": {
    "level": 51,
    "ascension": 3,
    "attack": 351.5472838,
    "specialized": 0.05958
  },
  "52": {
    "level": 52,
    "ascension": 3,
    "attack": 356.3696347,
    "specialized": 0.05958
  },
  "53": {
    "level": 53,
    "ascension": 3,
    "attack": 361.1919856,
    "specialized": 0.05958
  },
  "54": {
    "level": 54,
    "ascension": 3,
    "attack": 366.0143365,
    "specialized": 0.05958
  },
  "55": {
    "level": 55,
    "ascension": 3,
    "attack": 370.8366874,
    "specialized": 0.06362
  },
  "56": {
    "level": 56,
    "ascension": 3,
    "attack": 375.6590383,
    "specialized": 0.06362
  },
  "57": {
    "level": 57,
    "ascension": 3,
    "attack": 380.5264579,
    "specialized": 0.06362
  },
  "58": {
    "level": 58,
    "ascension": 3,
    "attack": 385.3488088,
    "specialized": 0.06362
  },
  "59": {
    "level": 59,
    "ascension": 3,
    "attack": 390.2162284,
    "specialized": 0.06362
  },
  "60": {
    "level": 60,
    "ascension": 3,
    "attack": 395.0385793,
    "specialized": 0.06766
  },
  "61": {
    "level": 61,
    "ascension": 4,
    "attack": 425.8059989,
    "specialized": 0.06766
  },
  "62": {
    "level": 62,
    "ascension": 4,
    "attack": 430.6734185,
    "specialized": 0.06766
  },
  "63": {
    "level": 63,
    "ascension": 4,
    "attack": 435.5408381,
    "specialized": 0.06766
  },
  "64": {
    "level": 64,
    "ascension": 4,
    "attack": 440.4082577,
    "specialized": 0.06766
  },
  "65": {
    "level": 65,
    "ascension": 4,
    "attack": 445.2756773,
    "specialized": 0.0717
  },
  "66": {
    "level": 66,
    "ascension": 4,
    "attack": 450.1430969,
    "specialized": 0.0717
  },
  "67": {
    "level": 67,
    "ascension": 4,
    "attack": 455.0105165,
    "specialized": 0.0717
  },
  "68": {
    "level": 68,
    "ascension": 4,
    "attack": 459.9230048,
    "specialized": 0.0717
  },
  "69": {
    "level": 69,
    "ascension": 4,
    "attack": 464.7904244,
    "specialized": 0.0717
  },
  "70": {
    "level": 70,
    "ascension": 4,
    "attack": 469.657844,
    "specialized": 0.07572
  },
  "71": {
    "level": 71,
    "ascension": 5,
    "attack": 500.5703323,
    "specialized": 0.07572
  },
  "72": {
    "level": 72,
    "ascension": 5,
    "attack": 505.4828206,
    "specialized": 0.07572
  },
  "73": {
    "level": 73,
    "ascension": 5,
    "attack": 510.3502402,
    "specialized": 0.07572
  },
  "74": {
    "level": 74,
    "ascension": 5,
    "attack": 515.2627285,
    "specialized": 0.07572
  },
  "75": {
    "level": 75,
    "ascension": 5,
    "attack": 520.1752168,
    "specialized": 0.07976
  },
  "76": {
    "level": 76,
    "ascension": 5,
    "attack": 525.0877051,
    "specialized": 0.07976
  },