{
  "1": {
    "level": 1,
    "ascension": 0,
    "attack": 44.3358,
    "specialized": 0.144
  },
  "2": {
    "level": 2,
    "ascension": 0,
    "attack": 47.8383282,
    "specialized": 0.144
  },
  "3": {
    "level": 3,
    "ascension": 0,
    "attack": 51.3851922,
    "specialized": 0.144
  },
  "4": {
    "level": 4,
    "ascension": 0,
    "attack": 54.8877204,
    "specialized": 0.144
  },
  "5": {
    "level": 5,
    "ascension": 0,
    "attack": 58.3902486,
    "specialized": 0.16732799999999998
  },
  "6": {
    "level": 6,
    "ascension": 0,
    "attack": 61.848441,
    "specialized": 0.16732799999999998
  },
  "7": {
    "level": 7,
    "ascension": 0,
    "attack": 65.3509692,
    "specialized": 0.16732799999999998
  },
  "8": {
    "level": 8,
    "ascension": 0,
    "attack": 68.8091616,
    "specialized": 0.16732799999999998
  },
  "9": {
    "level": 9,
    "ascension": 0,
    "attack": 72.3116898,
    "specialized": 0.16732799999999998
  },
  "10": {
    "level": 10,
    "ascension": 0,
    "attack": 75.7698822,
    "specialized": 0.19627199999999997
  },
  "11": {
    "level": 11,
    "ascension": 0,
    "attack": 79.2280746,
    "specialized": 0.19627199999999997
  },
  "12": {
    "level": 12,
    "ascension": 0,
    "attack": 82.686267,
    "specialized": 0.19627199999999997
  },
  "13": {
    "level": 13,
    "ascension": 0,
    "attack": 86.10012359999999,
    "specialized": 0.19627199999999997
  },
  "14": {
    "level": 14,
    "ascension": 0,
    "attack": 89.558316,
    "specialized": 0.19627199999999997
  },
  "15": {
    "level": 15,
    "ascension": 0,
    "attack": 93.01650839999999,
    "specialized": 0.22535999999999998
  },
  "16": {
    "level": 16,
    "ascension": 0,
    "attack": 96.430365,
    "specialized": 0.22535999999999998
  },
  "17": {
    "level": 17,
    "ascension": 0,
    "attack": 99.8885574,
    "specialized": 0.22535999999999998
  },
  "18": {
    "level": 18,
    "ascension": 0,
    "attack": 103.302414,
    "specialized": 0.22535999999999998
  },
  "19": {
    "level": 19,
    "ascension": 0,
    "attack": 106.7606064,
    "specialized": 0.22535999999999998
  },
  "20": {
    "level": 20,
    "ascension": 0,
    "attack": 110.17446299999999,
    "specialized": 0.25444799999999995
  },
  "21": {
    "level": 21,
    "ascension": 1,
    "attack": 144.6883196,
    "specialized": 0.25444799999999995
  },
  "22": {
    "level": 22,
    "ascension": 1,
    "attack": 148.1021762,
    "specialized": 0.25444799999999995
  },
  "23": {
    "level": 23,
    "ascension": 1,
    "attack": 151.5603686,
    "specialized": 0.25444799999999995
  },
  "24": {
    "level": 24,
    "ascension": 1,
    "attack": 154.9742252,
    "specialized": 0.25444799999999995
  },
  "25": {
    "level": 25,
    "ascension": 1,
    "attack": 158.3880818,
    "specialized": 0.283536
  },
  "26": {
    "level": 26,
    "ascension": 1,
    "attack": 161.80193839999998,
    "specialized": 0.283536
  },
  "27": {
    "level": 27,
    "ascension": 1,
    "attack": 165.26013079999998,
    "specialized": 0.283536
  },
  "28": {
    "level": 28,
    "ascension": 1,
    "attack": 168.6739874,
    "specialized": 0.283536
  },
  "29": {
    "level": 29,
    "ascension": 1,
    "attack": 172.087844,
    "specialized": 0.283536
  },
  "30": {
    "level": 30,
    "ascension": 1,
    "attack": 175.5017006,
    "specialized": 0.31262399999999996
  },
  "31": {
    "level": 31,
    "ascension": 1,
    "attack": 178.9155572,
    "specialized": 0.31262399999999996
  },
  "32": {
    "level": 32,
    "ascension": 1,
    "attack": 182.3737496,
    "specialized": 0.31262399999999996
  },
  "33": {
    "level": 33,
    "ascension": 1,
    "attack": 185.7876062,
    "specialized": 0.31262399999999996
  },
  "34": {
    "level": 34,
    "ascension": 1,
    "attack": 189.20146279999997,
    "specialized": 0.31262399999999996
  },
  "35": {
    "level": 35,
    "ascension": 1,
    "attack": 192.6596552,
    "specialized": 0.341712
  },
  "36": {
    "level": 36,
    "ascension": 1,
    "attack": 196.0735118,
    "specialized": 0.341712
  },
  "37": {
    "level": 37,
    "ascension": 1,
    "attack": 199.48736839999998,
    "specialized": 0.341712
  },
  "38": {
    "level": 38,
    "ascension": 1,
    "attack": 202.94556079999998,
    "specialized": 0.341712
  },
  "39": {
    "level": 39,
    "ascension": 1,
    "attack": 206.35941739999998,
    "specialized": 0.341712
  },
  "40": {
    "level": 40,
    "ascension": 1,
    "attack": 209.81760979999999,
    "specialized": 0.3708
  },
  "41": {
    "level": 41,
    "ascension": 2,
    "attack": 244.3758022,
    "specialized": 0.3708
  },
  "42": {
    "level": 42,
    "ascension": 2,
    "attack": 247.78965879999998,
    "specialized": 0.3708
  },
  "43": {
    "level": 43,
    "ascension": 2,
    "attack": 251.2478512,
    "specialized": 0.3708
  },
  "44": {
    "level": 44,
    "ascension": 2,
    "attack": 254.7060436,
    "specialized": 0.3708
  },
  "45": {
    "level": 45,
    "ascension": 2,
    "attack": 258.11990019999996,
    "specialized": 0.39988799999999997
  },
  "46": {
    "level": 46,
    "ascension": 2,
    "attack": 261.5780926,
    "specialized": 0.39988799999999997
  },
  "47": {
    "level": 47,
    "ascension": 2,
    "attack": 265.036285,
    "specialized": 0.39988799999999997
  },
  "48": {
    "level": 48,
    "ascension": 2,
    "attack": 268.4944774,
    "specialized": 0.39988799999999997
  },
  "49": {
    "level": 49,
    "ascension": 2,
    "attack": 271.95266979999997,
    "specialized": 0.39988799999999997
  },
  "50": {
    "level": 50,
    "ascension": 2,
    "attack": 275.455198,
    "specialized": 0.42897599999999997
  },
  "51": {
    "level": 51,
    "ascension": 3,
    "attack": 310.11339039999996,
    "specialized": 0.42897599999999997
  },
  "52": {
    "level": 52,
    "ascension": 3,
    "attack": 313.5715828,
    "specialized": 0.42897599999999997
  },
  "53": {
    "level": 53,
    "ascension": 3,
    "attack": 317.0297752,
    "specialized": 0.42897599999999997
  },
  "54": {
    "level": 54,
    "ascension": 3,
    "attack": 320.53230340000005,
    "specialized": 0.42897599999999997
  },
  "55": {
    "level": 55,
    "ascension": 3,
    "attack": 323.99049579999996,
    "specialized": 0.45806399999999997
  },
  "56": {
    "level": 56,
    "ascension": 3,
    "attack": 327.493024,
    "specialized": 0.45806399999999997
  },
  "57": {
    "level": 57,
    "ascension": 3,
    "attack": 330.9955522,
    "specialized": 0.45806399999999997
  },
  "58": {
    "level": 58,
    "ascension": 3,
    "attack": 334.45374460000005,
    "specialized": 0.45806399999999997
  },
  "59": {
    "level": 59,
    "ascension": 3,
    "attack": 337.95627279999997,
    "specialized": 0.45806399999999997
  },
  "60": {
    "level": 60,
    "ascension": 3,
    "attack": 341.458801,
    "specialized": 0.487152
  },
  "61": {
    "level": 61,
    "ascension": 4,
    "attack": 376.06132920000005,
    "specialized": 0.487152
  },
  "62": {
    "level": 62,
    "ascension": 4,
    "attack": 379.56385739999996,
    "specialized": 0.487152
  },
  "63": {
    "level": 63,
    "ascension": 4,
    "attack": 383.1107214,
    "specialized": 0.487152
  },
  "64": {
    "level": 64,
    "ascension": 4,
    "attack": 386.6132496,
    "specialized": 0.487152
  },
  "65": {
    "level": 65,
    "ascension": 4,
    "attack": 390.1157778,
    "specialized": 0.5162399999999999
  },
  "66": {
    "level": 66,
    "ascension": 4,
    "attack": 393.66264179999996,
    "specialized": 0.5162399999999999
  },
  "67": {
    "level": 67,
    "ascension": 4,
    "attack": 397.16517,
    "specialized": 0.5162399999999999
  },
  "68": {
    "level": 68,
    "ascension": 4,
    "attack": 400.712034,
    "specialized": 0.5162399999999999
  },
  "69": {
    "level": 69,
    "ascension": 4,
    "attack": 404.258898,
    "specialized": 0.5162399999999999
  },
  "70": {
    "level": 70,
    "ascension": 4,