{
  "1": {
    "level": 1,
    "ascension": 0,
    "attack": 47.537,
    "specialized": 0.048
  },
  "2": {
    "level": 2,
    "ascension": 0,
    "attack": 51.862866999999994,
    "specialized": 0.048
  },
  "3": {
    "level": 3,
    "ascension": 0,
    "attack": 56.236271,
    "specialized": 0.048
  },
  "4": {
    "level": 4,
    "ascension": 0,
    "attack": 60.609674999999996,
    "specialized": 0.048
  },
  "5": {
    "level": 5,
    "ascension": 0,
    "attack": 65.03061600000001,
    "specialized": 0.055776
  },
  "6": {
    "level": 6,
    "ascension": 0,
    "attack": 69.45155700000001,
    "specialized": 0.055776
  },
  "7": {
    "level": 7,
    "ascension": 0,
    "attack": 73.87249800000001,
    "specialized": 0.055776
  },
  "8": {
    "level": 8,
    "ascension": 0,
    "attack": 78.340976,
    "specialized": 0.055776
  },
  "9": {
    "level": 9,
    "ascension": 0,
    "attack": 82.85699100000001,
    "specialized": 0.055776
  },
  "10": {
    "level": 10,
    "ascension": 0,
    "attack": 87.325469,
    "specialized": 0.065424
  },
  "11": {
    "level": 11,
    "ascension": 0,
    "attack": 91.889021,
    "specialized": 0.065424
  },
  "12": {
    "level": 12,
    "ascension": 0,
    "attack": 96.405036,
    "specialized": 0.065424
  },
  "13": {
    "level": 13,
    "ascension": 0,
    "attack": 100.968588,
    "specialized": 0.065424
  },
  "14": {
    "level": 14,
    "ascension": 0,
    "attack": 105.53214000000001,
    "specialized": 0.065424
  },
  "15": {
    "level": 15,
    "ascension": 0,
    "attack": 110.143229,
    "specialized": 0.07511999999999999
  },
  "16": {
    "level": 16,
    "ascension": 0,
    "attack": 114.754318,
    "specialized": 0.07511999999999999
  },
  "17": {
    "level": 17,
    "ascension": 0,
    "attack": 119.365407,
    "specialized": 0.07511999999999999
  },
  "18": {
    "level": 18,
    "ascension": 0,
    "attack": 123.976496,
    "specialized": 0.07511999999999999
  },
  "19": {
    "level": 19,
    "ascension": 0,
    "attack": 128.635122,
    "specialized": 0.07511999999999999
  },
  "20": {
    "level": 20,
    "ascension": 0,
    "attack": 133.293748,
    "specialized": 0.084816
  },
  "21": {
    "level": 21,
    "ascension": 1,
    "attack": 169.099911,
    "specialized": 0.084816
  },
  "22": {
    "level": 22,
    "ascension": 1,
    "attack": 173.80607399999997,
    "specialized": 0.084816
  },
  "23": {
    "level": 23,
    "ascension": 1,
    "attack": 178.512237,
    "specialized": 0.084816
  },
  "24": {
    "level": 24,
    "ascension": 1,
    "attack": 183.2184,
    "specialized": 0.084816
  },
  "25": {
    "level": 25,
    "ascension": 1,
    "attack": 187.97209999999998,
    "specialized": 0.09451200000000001
  },
  "26": {
    "level": 26,
    "ascension": 1,
    "attack": 192.7258,
    "specialized": 0.09451200000000001
  },
  "27": {
    "level": 27,
    "ascension": 1,
    "attack": 197.4795,
    "specialized": 0.09451200000000001
  },
  "28": {
    "level": 28,
    "ascension": 1,
    "attack": 202.280737,
    "specialized": 0.09451200000000001
  },
  "29": {
    "level": 29,
    "ascension": 1,
    "attack": 207.034437,
    "specialized": 0.09451200000000001
  },
  "30": {
    "level": 30,
    "ascension": 1,
    "attack": 211.883211,
    "specialized": 0.104208
  },
  "31": {
    "level": 31,
    "ascension": 1,
    "attack": 216.68444799999997,
    "specialized": 0.104208
  },
  "32": {
    "level": 32,
    "ascension": 1,
    "attack": 221.485685,
    "specialized": 0.104208
  },
  "33": {
    "level": 33,
    "ascension": 1,
    "attack": 226.334459,
    "specialized": 0.104208
  },
  "34": {
    "level": 34,
    "ascension": 1,
    "attack": 231.18323299999997,
    "specialized": 0.104208
  },
  "35": {
    "level": 35,
    "ascension": 1,
    "attack": 236.079544,
    "specialized": 0.11390400000000002
  },
  "36": {
    "level": 36,
    "ascension": 1,
    "attack": 240.92831799999996,
    "specialized": 0.11390400000000002
  },
  "37": {
    "level": 37,
    "ascension": 1,
    "attack": 245.82462900000002,
    "specialized": 0.11390400000000002
  },
  "38": {
    "level": 38,
    "ascension": 1,
    "attack": 250.72093999999998,
    "specialized": 0.11390400000000002
  },
  "39": {
    "level": 39,
    "ascension": 1,
    "attack": 255.61725099999998,
    "specialized": 0.11390400000000002
  },
  "40": {
    "level": 40,
    "ascension": 1,
    "attack": 260.561099,
    "specialized": 0.12360000000000002
  },
  "41": {
    "level": 41,
    "ascension": 2,
    "attack": 296.604947,
    "specialized": 0.12360000000000002
  },
  "42": {
    "level": 42,
    "ascension": 2,
    "attack": 301.548795,
    "specialized": 0.12360000000000002
  },
  "43": {
    "level": 43,
    "ascension": 2,
    "attack": 306.492643,
    "specialized": 0.12360000000000002
  },
  "44": {
    "level": 44,
    "ascension": 2,
    "attack": 311.436491,
    "specialized": 0.12360000000000002
  },
  "45": {
    "level": 45,
    "ascension": 2,
    "attack": 316.42787599999997,
    "specialized": 0.133296
  },
  "46": {
    "level": 46,
    "ascension": 2,
    "attack": 321.419261,
    "specialized": 0.133296
  },
  "47": {
    "level": 47,
    "ascension": 2,
    "attack": 326.410646,
    "specialized": 0.133296
  },
  "48": {
    "level": 48,
    "ascension": 2,
    "attack": 331.402031,
    "specialized": 0.133296
  },
  "49": {
    "level": 49,
    "ascension": 2,
    "attack": 336.39341599999995,
    "specialized": 0.133296
  },
  "50": {
    "level": 50,
    "ascension": 2,
    "attack": 341.43233799999996,
    "specialized": 0.142992
  },
  "51": {
    "level": 51,
    "ascension": 3,
    "attack": 377.6712600000001,
    "specialized": 0.142992
  },
  "52": {
    "level": 52,
    "ascension": 3,
    "attack": 382.71018200000003,
    "specialized": 0.142992
  },
  "53": {
    "level": 53,
    "ascension": 3,
    "attack": 387.749104,
    "specialized": 0.142992
  },
  "54": {
    "level": 54,
    "ascension": 3,
    "attack": 392.835563,
    "specialized": 0.142992
  },
  "55": {
    "level": 55,
    "ascension": 3,
    "attack": 397.92202199999997,
    "specialized": 0.15268800000000002
  },
  "56": {
    "level": 56,
    "ascension": 3,
    "attack": 403.00848099999996,
    "specialized": 0.15268800000000002
  },
  "57": {
    "level": 57,
    "ascension": 3,
    "attack": 408.09493999999995,
    "specialized": 0.15268800000000002
  },
  "58": {
    "level": 58,
    "ascension": 3,
    "attack": 413.18139900000006,
    "specialized": 0.15268800000000002
  },
  "59": {
    "level": 59,
    "ascension": 3,
    "attack": 418.31539499999997,
    "specialized": 0.15268800000000002
  },
  "60": {
    "level": 60,
    "ascension": 3,
    "attack": 423.40185399999996,
    "specialized": 0.162384
  },
  "61": {
    "level": 61,
    "ascension": 4,
    "attack": 459.63585,
    "specialized": 0.162384
  },
  "62": {
    "level": 62,
    "ascension": 4,
    "attack": 464.76984600000003,
    "specialized": 0.162384
  },
  "63": {
    "level": 63,
    "ascension": 4,
    "attack": 469.95137900000003,
    "specialized": 0.162384
  },
  "64": {
    "level": 64,
    "ascension": 4,
    "attack": 475.085375,
    "specialized": 0.162384
  },
  "65": {
    "level": 65,
    "ascension": 4,
    "attack": 480.266908,
    "specialized": 0.17208
  },
  "66": {
    "level": 66,
    "ascension": 4,
    "attack": 485.40090399999997,
    "specialized": 0.17208
  },
  "67": {
    "level": 67,
    "ascension": 4,
    "attack": 490.58243699999997,
    "specialized": 0.17208
  },
  "68": {
    "level": 68,
    "ascension": 4,
    "attack": 495.811507,
    "specialized": 0.17208
  },
  "69": {
    "level": 69,
    "ascension": 4,
    "attack": 500.99304,
    "specialized": 0.17208
  },
  "70": {
    "level": 70,
    "ascension": 4,
    "attack": 506.22211,
    "specialized": 0.181728
  },
  "71": {
    "level": 71,
    "ascension": 5,
    "attack": 542.503643,
    "specialized": 0.181728
  },