{
  "1": {
    "level": 1,
    "ascension": 0,
    "attack": 45.9364,
    "specialized": 0.144
  },
  "2": {
    "level": 2,
    "ascension": 0,
    "attack": 49.886930400000004,
    "specialized": 0.144
  },
  "3": {
    "level": 3,
    "ascension": 0,
    "attack": 53.7915244,
    "specialized": 0.144
  },
  "4": {
    "level": 4,
    "ascension": 0,
    "attack": 57.74205479999999,
    "specialized": 0.144
  },
  "5": {
    "level": 5,
    "ascension": 0,
    "attack": 61.692585199999996,
    "specialized": 0.16732799999999998
  },
  "6": {
    "level": 6,
    "ascension": 0,
    "attack": 65.6431156,
    "specialized": 0.16732799999999998
  },
  "7": {
    "level": 7,
    "ascension": 0,
    "attack": 69.6395824,
    "specialized": 0.16732799999999998
  },
  "8": {
    "level": 8,
    "ascension": 0,
    "attack": 73.5901128,
    "specialized": 0.16732799999999998
  },
  "9": {
    "level": 9,
    "ascension": 0,
    "attack": 77.58657960000001,
    "specialized": 0.16732799999999998
  },
  "10": {
    "level": 10,
    "ascension": 0,
    "attack": 81.53711,
    "specialized": 0.19627199999999997
  },
  "11": {
    "level": 11,
    "ascension": 0,
    "attack": 85.5335768,
    "specialized": 0.19627199999999997
  },
  "12": {
    "level": 12,
    "ascension": 0,
    "attack": 89.5300436,
    "specialized": 0.19627199999999997
  },
  "13": {
    "level": 13,
    "ascension": 0,
    "attack": 93.5265104,
    "specialized": 0.19627199999999997
  },
  "14": {
    "level": 14,
    "ascension": 0,
    "attack": 97.5689136,
    "specialized": 0.19627199999999997
  },
  "15": {
    "level": 15,
    "ascension": 0,
    "attack": 101.5653804,
    "specialized": 0.22535999999999998
  },
  "16": {
    "level": 16,
    "ascension": 0,
    "attack": 105.60778359999999,
    "specialized": 0.22535999999999998
  },
  "17": {
    "level": 17,
    "ascension": 0,
    "attack": 109.6042504,
    "specialized": 0.22535999999999998
  },
  "18": {
    "level": 18,
    "ascension": 0,
    "attack": 113.64665360000001,
    "specialized": 0.22535999999999998
  },
  "19": {
    "level": 19,
    "ascension": 0,
    "attack": 117.68905679999999,
    "specialized": 0.22535999999999998
  },
  "20": {
    "level": 20,
    "ascension": 0,
    "attack": 121.73146,
    "specialized": 0.25444799999999995
  },
  "21": {
    "level": 21,
    "ascension": 1,
    "attack": 156.8738632,
    "specialized": 0.25444799999999995
  },
  "22": {
    "level": 22,
    "ascension": 1,
    "attack": 160.9622028,
    "specialized": 0.25444799999999995
  },
  "23": {
    "level": 23,
    "ascension": 1,
    "attack": 165.004606,
    "specialized": 0.25444799999999995
  },
  "24": {
    "level": 24,
    "ascension": 1,
    "attack": 169.09294559999998,
    "specialized": 0.25444799999999995
  },
  "25": {
    "level": 25,
    "ascension": 1,
    "attack": 173.1812852,
    "specialized": 0.283536
  },
  "26": {
    "level": 26,
    "ascension": 1,
    "attack": 177.2696248,
    "specialized": 0.283536
  },
  "27": {
    "level": 27,
    "ascension": 1,
    "attack": 181.3579644,
    "specialized": 0.283536
  },
  "28": {
    "level": 28,
    "ascension": 1,
    "attack": 185.446304,
    "specialized": 0.283536
  },
  "29": {
    "level": 29,
    "ascension": 1,
    "attack": 189.58058,
    "specialized": 0.283536
  },
  "30": {
    "level": 30,
    "ascension": 1,
    "attack": 193.6689196,
    "specialized": 0.31262399999999996
  },
  "31": {
    "level": 31,
    "ascension": 1,
    "attack": 197.80319559999998,
    "specialized": 0.31262399999999996
  },
  "32": {
    "level": 32,
    "ascension": 1,
    "attack": 201.93747159999998,
    "specialized": 0.31262399999999996
  },
  "33": {
    "level": 33,
    "ascension": 1,
    "attack": 206.0717476,
    "specialized": 0.31262399999999996
  },
  "34": {
    "level": 34,
    "ascension": 1,
    "attack": 210.20602359999998,
    "specialized": 0.31262399999999996
  },
  "35": {
    "level": 35,
    "ascension": 1,
    "attack": 214.34029959999998,
    "specialized": 0.341712
  },
  "36": {
    "level": 36,
    "ascension": 1,
    "attack": 218.520512,
    "specialized": 0.341712
  },
  "37": {
    "level": 37,
    "ascension": 1,
    "attack": 222.654788,
    "specialized": 0.341712
  },
  "38": {
    "level": 38,
    "ascension": 1,
    "attack": 226.83500039999998,
    "specialized": 0.341712
  },
  "39": {
    "level": 39,
    "ascension": 1,
    "attack": 231.0152128,
    "specialized": 0.341712
  },
  "40": {
    "level": 40,
    "ascension": 1,
    "attack": 235.19542519999996,
    "specialized": 0.3708
  },
  "41": {
    "level": 41,
    "ascension": 2,
    "attack": 270.47563759999997,
    "specialized": 0.3708
  },
  "42": {
    "level": 42,
    "ascension": 2,
    "attack": 274.65585,
    "specialized": 0.3708
  },
  "43": {
    "level": 43,
    "ascension": 2,
    "attack": 278.88199879999996,
    "specialized": 0.3708
  },
  "44": {
    "level": 44,
    "ascension": 2,
    "attack": 283.0622112,
    "specialized": 0.3708
  },
  "45": {
    "level": 45,
    "ascension": 2,
    "attack": 287.28836,
    "specialized": 0.39988799999999997
  },
  "46": {
    "level": 46,
    "ascension": 2,
    "attack": 291.5145088,
    "specialized": 0.39988799999999997
  },
  "47": {
    "level": 47,
    "ascension": 2,
    "attack": 295.74065759999996,
    "specialized": 0.39988799999999997
  },
  "48": {
    "level": 48,
    "ascension": 2,
    "attack": 299.9668064,
    "specialized": 0.39988799999999997
  },
  "49": {
    "level": 49,
    "ascension": 2,
    "attack": 304.1929552,
    "specialized": 0.39988799999999997
  },
  "50": {
    "level": 50,
    "ascension": 2,
    "attack": 308.419104,
    "specialized": 0.42897599999999997
  },
  "51": {
    "level": 51,
    "ascension": 3,
    "attack": 343.8911892,
    "specialized": 0.42897599999999997
  },
  "52": {
    "level": 52,
    "ascension": 3,
    "attack": 348.1632744,
    "specialized": 0.42897599999999997
  },
  "53": {
    "level": 53,
    "ascension": 3,
    "attack": 352.3894232,
    "specialized": 0.42897599999999997
  },
  "54": {
    "level": 54,
    "ascension": 3,
    "attack": 356.6615084,
    "specialized": 0.42897599999999997
  },
  "55": {
    "level": 55,
    "ascension": 3,
    "attack": 360.97952999999995,
    "specialized": 0.45806399999999997
  },
  "56": {
    "level": 56,
    "ascension": 3,
    "attack": 365.25161520000006,
    "specialized": 0.45806399999999997
  },
  "57": {
    "level": 57,
    "ascension": 3,
    "attack": 369.52370040000005,
    "specialized": 0.45806399999999997
  },
  "58": {
    "level": 58,
    "ascension": 3,
    "attack": 373.841722,
    "specialized": 0.45806399999999997
  },
  "59": {
    "level": 59,
    "ascension": 3,
    "attack": 378.1138072,
    "specialized": 0.45806399999999997
  },
  "60": {
    "level": 60,
    "ascension": 3,
    "attack": 382.43182879999995,
    "specialized": 0.487152
  },
  "61": {
    "level": 61,
    "ascension": 4,
    "attack": 417.8498504,
    "specialized": 0.487152
  },
  "62": {
    "level": 62,
    "ascension": 4,
    "attack": 422.167872,
    "specialized": 0.487152
  },
  "63": {
    "level": 63,
    "ascension": 4,
    "attack": 426.53183,
    "specialized": 0.487152
  },
  "64": {
    "level": 64,
    "ascension": 4,
    "attack": 430.84985159999997,
    "specialized": 0.487152
  },
  "65": {
    "level": 65,
    "ascension": 4,
    "attack": 435.1678732,
    "specialized": 0.5162399999999999
  },
  "66": {
    "level": 66,
    "ascension": 4,
    "attack": 439.5318312,
    "specialized": 0.5162399999999999
  },
  "67": {
    "level": 67,
    "ascension": 4,
    "attack": 443.8957892,
    "specialized": 0.5162399999999999
  },
  "68": {
    "level": 68,
    "ascension": 4,
    "attack": 448.2597472,
    "specialized": 0.5162399999999999
  },
  "69": {
    "level": 69,
    "ascension": 4,
    "attack": 452.62370519999996,
    "specialized": 0.5162399999999999
  },
  "70": {
    "level": 70,