{
  "1": {
    "level": 1,
    "ascension": 0,
    "attack": 43.7349,
    "specialized": 0.066667
  },
  "2": {
    "level": 2,
    "ascension": 0,
    "attack": 47.5835712,
    "specialized": 0.066667
  },
  "3": {
    "level": 3,
    "ascension": 0,
    "attack": 51.4322424,
    "specialized": 0.066667
  },
  "4": {
    "level": 4,
    "ascension": 0,
    "attack": 55.2809136,
    "specialized": 0.066667
  },
  "5": {
    "level": 5,
    "ascension": 0,
    "attack": 59.1733197,
    "specialized": 0.077467054
  },
  "6": {
    "level": 6,
    "ascension": 0,
    "attack": 63.0657258,
    "specialized": 0.077467054
  },
  "7": {
    "level": 7,
    "ascension": 0,
    "attack": 66.9581319,
    "specialized": 0.077467054
  },
  "8": {
    "level": 8,
    "ascension": 0,
    "attack": 70.8942729,
    "specialized": 0.077467054
  },
  "9": {
    "level": 9,
    "ascension": 0,
    "attack": 74.786679,
    "specialized": 0.077467054
  },
  "10": {
    "level": 10,
    "ascension": 0,
    "attack": 78.72282,
    "specialized": 0.090867121
  },
  "11": {
    "level": 11,
    "ascension": 0,
    "attack": 82.7026959,
    "specialized": 0.090867121
  },
  "12": {
    "level": 12,
    "ascension": 0,
    "attack": 86.6388369,
    "specialized": 0.090867121
  },
  "13": {
    "level": 13,
    "ascension": 0,
    "attack": 90.6187128,
    "specialized": 0.090867121
  },
  "14": {
    "level": 14,
    "ascension": 0,
    "attack": 94.5548538,
    "specialized": 0.090867121
  },
  "15": {
    "level": 15,
    "ascension": 0,
    "attack": 98.5347297,
    "specialized": 0.104333855
  },
  "16": {
    "level": 16,
    "ascension": 0,
    "attack": 102.5583405,
    "specialized": 0.104333855
  },
  "17": {
    "level": 17,
    "ascension": 0,
    "attack": 106.5382164,
    "specialized": 0.104333855
  },
  "18": {
    "level": 18,
    "ascension": 0,
    "attack": 110.5180923,
    "specialized": 0.104333855
  },
  "19": {
    "level": 19,
    "ascension": 0,
    "attack": 114.5417031,
    "specialized": 0.104333855
  },
  "20": {
    "level": 20,
    "ascension": 0,
    "attack": 118.5653139,
    "specialized": 0.117800589
  },
  "21": {
    "level": 21,
    "ascension": 1,
    "attack": 148.4889247,
    "specialized": 0.117800589
  },
  "22": {
    "level": 22,
    "ascension": 1,
    "attack": 152.5125355,
    "specialized": 0.117800589
  },
  "23": {
    "level": 23,
    "ascension": 1,
    "attack": 156.5361463,
    "specialized": 0.117800589
  },
  "24": {
    "level": 24,
    "ascension": 1,
    "attack": 160.603492,
    "specialized": 0.117800589
  },
  "25": {
    "level": 25,
    "ascension": 1,
    "attack": 164.6271028,
    "specialized": 0.131267323
  },
  "26": {
    "level": 26,
    "ascension": 1,
    "attack": 168.6944485,
    "specialized": 0.131267323
  },
  "27": {
    "level": 27,
    "ascension": 1,
    "attack": 172.7617942,
    "specialized": 0.131267323
  },
  "28": {
    "level": 28,
    "ascension": 1,
    "attack": 176.8291399,
    "specialized": 0.131267323
  },
  "29": {
    "level": 29,
    "ascension": 1,
    "attack": 180.8964856,
    "specialized": 0.131267323
  },
  "30": {
    "level": 30,
    "ascension": 1,
    "attack": 184.9638313,
    "specialized": 0.144734057
  },
  "31": {
    "level": 31,
    "ascension": 1,
    "attack": 189.0749119,
    "specialized": 0.144734057
  },
  "32": {
    "level": 32,
    "ascension": 1,
    "attack": 193.1422576,
    "specialized": 0.144734057
  },
  "33": {
    "level": 33,
    "ascension": 1,
    "attack": 197.2533382,
    "specialized": 0.144734057
  },
  "34": {
    "level": 34,
    "ascension": 1,
    "attack": 201.3206839,
    "specialized": 0.144734057
  },
  "35": {
    "level": 35,
    "ascension": 1,
    "attack": 205.4317645,
    "specialized": 0.158200791
  },
  "36": {
    "level": 36,
    "ascension": 1,
    "attack": 209.5428451,
    "specialized": 0.158200791
  },
  "37": {
    "level": 37,
    "ascension": 1,
    "attack": 213.6539257,
    "specialized": 0.158200791
  },
  "38": {
    "level": 38,
    "ascension": 1,
    "attack": 217.7650063,
    "specialized": 0.158200791
  },
  "39": {
    "level": 39,
    "ascension": 1,
    "attack": 221.8760869,
    "specialized": 0.158200791
  },
  "40": {
    "level": 40,
    "ascension": 1,
    "attack": 225.9871675,
    "specialized": 0.171667525
  },
  "41": {
    "level": 41,
    "ascension": 2,
    "attack": 256.0982481,
    "specialized": 0.171667525
  },
  "42": {
    "level": 42,
    "ascension": 2,
    "attack": 260.2093287,
    "specialized": 0.171667525
  },
  "43": {
    "level": 43,
    "ascension": 2,
    "attack": 264.3641442,
    "specialized": 0.171667525
  },
  "44": {
    "level": 44,
    "ascension": 2,
    "attack": 268.4752248,
    "specialized": 0.171667525
  },
  "45": {
    "level": 45,
    "ascension": 2,
    "attack": 272.6300403,
    "specialized": 0.185134259
  },
  "46": {
    "level": 46,
    "ascension": 2,
    "attack": 276.7848558,
    "specialized": 0.185134259
  },
  "47": {
    "level": 47,
    "ascension": 2,
    "attack": 280.8959364,
    "specialized": 0.185134259
  },
  "48": {
    "level": 48,
    "ascension": 2,
    "attack": 285.0507519,
    "specialized": 0.185134259
  },
  "49": {
    "level": 49,
    "ascension": 2,
    "attack": 289.2055674,
    "specialized": 0.185134259
  },
  "50": {
    "level": 50,
    "ascension": 2,
    "attack": 293.3603829,
    "specialized": 0.198600993
  },
  "51": {
    "level": 51,
    "ascension": 3,
    "attack": 323.4151984,
    "specialized": 0.198600993
  },
  "52": {
    "level": 52,
    "ascension": 3,
    "attack": 327.5700139,
    "specialized": 0.198600993
  },
  "53": {
    "level": 53,
    "ascension": 3,
    "attack": 331.7248294,
    "specialized": 0.198600993
  },
  "54": {
    "level": 54,
    "ascension": 3,
    "attack": 335.8796449,
    "specialized": 0.198600993
  },
  "55": {
    "level": 55,
    "ascension": 3,
    "attack": 340.0344604,
    "specialized": 0.212067727
  },
  "56": {
    "level": 56,
    "ascension": 3,
    "attack": 344.2330108,
    "specialized": 0.212067727
  },
  "57": {
    "level": 57,
    "ascension": 3,
    "attack": 348.3878263,
    "specialized": 0.212067727
  },
  "58": {
    "level": 58,
    "ascension": 3,
    "attack": 352.5426418,
    "specialized": 0.212067727
  },
  "59": {
    "level": 59,
    "ascension": 3,
    "attack": 356.7411922,
    "specialized": 0.212067727
  },
  "60": {
    "level": 60,
    "ascension": 3,
    "attack": 360.8960077,
    "specialized": 0.225534461
  },
  "61": {
    "level": 61,
    "ascension": 4,
    "attack": 390.9945581,
    "specialized": 0.225534461
  },
  "62": {
    "level": 62,
    "ascension": 4,
    "attack": 395.1493736,
    "specialized": 0.225534461
  },
  "63": {
    "level": 63,
    "ascension": 4,
    "attack": 399.347924,
    "specialized": 0.225534461
  },
  "64": {
    "level": 64,
    "ascension": 4,
    "attack": 403.5464744,
    "specialized": 0.225534461
  },
  "65": {
    "level": 65,
    "ascension": 4,
    "attack": 407.7012899,
    "specialized": 0.239001195
  },
  "66": {
    "level": 66,
    "ascension": 4,
    "attack": 411.8998403,
    "specialized": 0.239001195
  },
  "67": {
    "level": 67,
    "ascension": 4,
    "attack": 416.0983907,
    "specialized": 0.239001195
  },
  "68": {
    "level": 68,
    "ascension": 4,
    "attack": 420.2969411,
    "specialized": 0.239001195
  },
  "69": {
    "level": 69,
    "ascension": 4,
    "attack": 424.4954915,
    "specialized": 0.239001195
  },
  "70": {
    "level": 70,
    "ascension": 4,
    "attack": 428.6940419,
    "specialized": 0.252401262
  },
  "71": {
    "level": 71,
    "ascension": 5,
    "attack": 458.8925923,
    "specialized": 0.252401262
  },
  "72": {
    "level": 72,
    "ascension": 5,
    "attack": 463.0911427,
    "specialized": 0.252401262
  },
  "73": {
    "level": 73,
    "ascension": 5,
    "attack": 467.2896931,
    "specialized": 0.252401262
  },